# Blender 5.1.0
# www.blender.org
mtllib socials.mtl
o Curve
v -0.808450 0.117516 1.178700
v -0.808450 0.116021 1.120440
v -0.808450 0.113764 1.032429
v -0.808450 0.110935 0.922105
v -0.808450 0.107724 0.796906
v -0.808450 0.104323 0.664269
v -0.808450 0.100922 0.531633
v -0.808450 0.097711 0.406434
v -0.808450 0.094882 0.296110
v -0.808450 0.092625 0.208099
v -0.808450 0.091131 0.149838
v -0.808450 0.090590 0.128765
v -0.807369 0.090178 0.112715
v -0.804222 0.089784 0.097320
v -0.799149 0.089409 0.082723
v -0.792292 0.089059 0.069065
v -0.783791 0.088736 0.056485
v -0.773787 0.088445 0.045126
v -0.762421 0.088189 0.035127
v -0.749835 0.087971 0.026630
v -0.736169 0.087795 0.019777
v -0.721564 0.087665 0.014706
v -0.706161 0.087584 0.011561
v -0.690102 0.087557 0.010481
v -0.669017 0.087557 0.010481
v -0.610725 0.087557 0.010481
v -0.522666 0.087557 0.010481
v -0.412283 0.087557 0.010481
v -0.287017 0.087557 0.010481
v -0.154309 0.087557 0.010481
v -0.021601 0.087556 0.010481
v 0.103666 0.087556 0.010481
v 0.214049 0.087556 0.010481
v 0.302108 0.087556 0.010481
v 0.360400 0.087556 0.010481
v 0.381485 0.087556 0.010481
v 0.397543 0.087584 0.011561
v 0.412945 0.087665 0.014706
v 0.427549 0.087795 0.019777
v 0.441215 0.087970 0.026630
v 0.453801 0.088188 0.035127
v 0.465167 0.088445 0.045126
v 0.475170 0.088736 0.056485
v 0.483671 0.089059 0.069065
v 0.490529 0.089409 0.082723
v 0.495602 0.089783 0.097320
v 0.498749 0.090178 0.112715
v 0.499829 0.090590 0.128765
v 0.499829 0.091130 0.149838
v 0.499829 0.092624 0.208099
v 0.499829 0.094881 0.296110
v 0.499829 0.097710 0.406434
v 0.499829 0.100921 0.531633
v 0.499829 0.104323 0.664269
v 0.499829 0.107724 0.796906
v 0.499829 0.110935 0.922105
v 0.499829 0.113764 1.032429
v 0.499829 0.116021 1.120440
v 0.499829 0.117515 1.178700
v 0.499829 0.118056 1.199773
v 0.498749 0.118467 1.215823
v 0.495602 0.118862 1.231217
v 0.490529 0.119236 1.245813
v 0.483671 0.119586 1.259472
v 0.475170 0.119909 1.272051
v 0.465167 0.120200 1.283410
v 0.453801 0.120457 1.293409
v 0.441215 0.120675 1.301905
v 0.427549 0.120850 1.308759
v 0.412945 0.120980 1.313829
v 0.397543 0.121061 1.316974
v 0.381485 0.121089 1.318054
v -0.690105 0.121089 1.318054
v -0.706164 0.121061 1.316974
v -0.721566 0.120981 1.313829
v -0.736170 0.120851 1.308759
v -0.749836 0.120675 1.301905
v -0.762422 0.120457 1.293409
v -0.773787 0.120201 1.283410
v -0.783791 0.119909 1.272051
v -0.792292 0.119587 1.259472
v -0.799150 0.119237 1.245813
v -0.804222 0.118862 1.231217
v -0.807369 0.118468 1.215823
v -0.808450 0.118056 1.199773
v 0.095307 0.108006 0.807900
v 0.096222 0.108121 0.812380
v 0.097699 0.108230 0.816628
v 0.099694 0.108332 0.820603
v 0.102168 0.108426 0.824264
v 0.105079 0.108511 0.827569
v 0.108387 0.108585 0.830479
v 0.112049 0.108649 0.832952
v 0.116026 0.108700 0.834946
v 0.120276 0.108738 0.836421
v 0.124759 0.108761 0.837337
v 0.129432 0.108769 0.837651
v 0.132317 0.108769 0.837651
v 0.140292 0.108769 0.837651
v 0.152339 0.108769 0.837651
v 0.167440 0.108769 0.837651
v 0.184578 0.108769 0.837651
v 0.202733 0.108769 0.837651
v 0.220889 0.108769 0.837651
v 0.238027 0.108769 0.837651
v 0.253128 0.108769 0.837651
v 0.265175 0.108769 0.837651
v 0.273150 0.108769 0.837651
v 0.276035 0.108769 0.837651
v 0.280708 0.108761 0.837337
v 0.285190 0.108737 0.836422
v 0.289441 0.108700 0.834946
v 0.293418 0.108648 0.832952
v 0.297080 0.108585 0.830479
v 0.300388 0.108510 0.827570
v 0.303299 0.108426 0.824264
v 0.305773 0.108332 0.820603
v 0.307768 0.108230 0.816628
v 0.309244 0.108121 0.812381
v 0.310160 0.108006 0.807901
v 0.310475 0.107886 0.803230
v 0.310475 0.107576 0.791144
v 0.310475 0.106719 0.757732
v 0.310475 0.105425 0.707258
v 0.310475 0.103803 0.643987
v 0.310475 0.101961 0.572186
v 0.310475 0.100010 0.496120
v 0.310475 0.098060 0.420053
v 0.310475 0.096218 0.348252
v 0.310475 0.094596 0.284981
v 0.310475 0.093301 0.234507
v 0.310475 0.092445 0.201095
v 0.310475 0.092135 0.189009
v 0.310160 0.092015 0.184339
v 0.309244 0.091900 0.179859
v 0.307768 0.091791 0.175611
v 0.305773 0.091689 0.171636
v 0.303299 0.091595 0.167975
v 0.300388 0.091511 0.164670
v 0.297080 0.091436 0.161760
v 0.293418 0.091372 0.159288
v 0.289441 0.091321 0.157293
v 0.285190 0.091284 0.155818
v 0.280708 0.091260 0.154902
v 0.276035 0.091252 0.154588
v 0.273150 0.091252 0.154588
v 0.265175 0.091252 0.154588
v 0.253128 0.091252 0.154588
v 0.238027 0.091252 0.154588
v 0.220889 0.091252 0.154588
v 0.202733 0.091252 0.154588
v 0.184578 0.091252 0.154588
v 0.167440 0.091252 0.154588
v 0.152339 0.091252 0.154588
v 0.140292 0.091252 0.154588
v 0.132317 0.091252 0.154588
v 0.129432 0.091252 0.154588
v 0.124759 0.091260 0.154902
v 0.120276 0.091284 0.155818
v 0.116026 0.091321 0.157293
v 0.112049 0.091373 0.159288
v 0.108387 0.091436 0.161760
v 0.105079 0.091511 0.164670
v 0.102168 0.091595 0.167975
v 0.099694 0.091689 0.171636
v 0.097699 0.091791 0.175611
v 0.096222 0.091900 0.179859
v 0.095307 0.092015 0.184339
v 0.094992 0.092135 0.189009
v 0.094992 0.092445 0.201095
v 0.094992 0.093302 0.234507
v 0.094992 0.094596 0.284981
v 0.094992 0.096218 0.348252
v 0.094992 0.098060 0.420053
v 0.094992 0.100011 0.496120
v 0.094992 0.101961 0.572186
v 0.094992 0.103803 0.643987
v 0.094992 0.105425 0.707258
v 0.094992 0.106720 0.757732
v 0.094992 0.107576 0.791144
v 0.094992 0.107886 0.803230
v 0.064731 0.114308 1.053637
v 0.068435 0.114773 1.071753
v 0.074405 0.115213 1.088931
v 0.082475 0.115625 1.105005
v 0.092479 0.116005 1.119808
v 0.104252 0.116348 1.133177
v 0.117628 0.116650 1.144943
v 0.132440 0.116906 1.154942
v 0.148522 0.117113 1.163008
v 0.165709 0.117266 1.168975
v 0.183835 0.117361 1.172676
v 0.202733 0.117393 1.173947
v 0.221632 0.117361 1.172676
v 0.239758 0.117266 1.168975
v 0.256945 0.117113 1.163008
v 0.273027 0.116906 1.154942
v 0.287839 0.116649 1.144943
v 0.301214 0.116348 1.133177
v 0.312987 0.116005 1.119809
v 0.322992 0.115625 1.105005
v 0.331062 0.115213 1.088931
v 0.337032 0.114772 1.071753
v 0.340735 0.114308 1.053637
v 0.342007 0.113824 1.034749
v 0.340735 0.113339 1.015861
v 0.337032 0.112875 0.997745
v 0.331062 0.112434 0.980567
v 0.322992 0.112022 0.964493
v 0.312987 0.111642 0.949689
v 0.301214 0.111299 0.936321
v 0.287839 0.110998 0.924554
v 0.273027 0.110741 0.914555
v 0.256945 0.110534 0.906489
v 0.239758 0.110381 0.900523
v 0.221632 0.110286 0.896821
v 0.202733 0.110254 0.895550
v 0.183834 0.110286 0.896821
v 0.165708 0.110381 0.900523
v 0.148521 0.110534 0.906489
v 0.132438 0.110741 0.914555
v 0.117626 0.110998 0.924554
v 0.104251 0.111299 0.936321
v 0.092478 0.111642 0.949689
v 0.082474 0.112022 0.964493
v 0.074404 0.112434 0.980567
v 0.068435 0.112875 0.997745
v 0.064731 0.113339 1.015861
v 0.063460 0.113824 1.034749
v -0.671031 0.100567 0.517827
v -0.670089 0.101530 0.555378
v -0.667438 0.102546 0.594975
v -0.662193 0.103583 0.635434
v -0.653469 0.104613 0.675569
v -0.640382 0.105603 0.714197
v -0.622047 0.106525 0.750132
v -0.597579 0.107347 0.782190
v -0.566094 0.108039 0.809186
v -0.526707 0.108571 0.829936
v -0.478534 0.108913 0.843255
v -0.420689 0.109034 0.847958
v -0.393482 0.109012 0.847107
v -0.368640 0.108948 0.844625
v -0.346014 0.108845 0.840612
v -0.325456 0.108706 0.835170
v -0.306816 0.108532 0.828401
v -0.289946 0.108327 0.820407
v -0.274696 0.108093 0.811290
v -0.260919 0.107833 0.801151
v -0.248465 0.107550 0.790092
v -0.237186 0.107245 0.778216
v -0.226933 0.106922 0.765623
v -0.217556 0.106583 0.752416
v -0.217556 0.106610 0.753470
v -0.217556 0.106685 0.756385
v -0.217556 0.106798 0.760789
v -0.217556 0.106940 0.766309
v -0.217556 0.107100 0.772573
v -0.217556 0.107270 0.779209
v -0.217556 0.107441 0.785845
v -0.217556 0.107601 0.792109
v -0.217556 0.107743 0.797629
v -0.217556 0.107856 0.802033
v -0.217556 0.107930 0.804948
v -0.217556 0.107958 0.806002
v -0.217267 0.108068 0.810297
v -0.216425 0.108173 0.814415
v -0.215068 0.108273 0.818321
v -0.213233 0.108367 0.821975
v -0.210958 0.108453 0.825341
v -0.208281 0.108531 0.828381
v -0.205240 0.108600 0.831056
v -0.201872 0.108658 0.833330
v -0.198216 0.108705 0.835164
v -0.194308 0.108740 0.836520
v -0.190187 0.108762 0.837362
v -0.185890 0.108769 0.837651
v -0.182897 0.108769 0.837651
v -0.174620 0.108769 0.837651
v -0.162117 0.108769 0.837651
v -0.146444 0.108769 0.837651
v -0.128658 0.108769 0.837651
v -0.109815 0.108769 0.837651
v -0.090972 0.108769 0.837651
v -0.073186 0.108769 0.837651
v -0.057513 0.108769 0.837651
v -0.045010 0.108769 0.837651
v -0.036733 0.108769 0.837651
v -0.033740 0.108769 0.837651
v -0.029443 0.108762 0.837362
v -0.025322 0.108740 0.836520
v -0.021415 0.108705 0.835164
v -0.017758 0.108658 0.833330
v -0.014390 0.108600 0.831056
v -0.011349 0.108531 0.828381
v -0.008672 0.108453 0.825341
v -0.006397 0.108367 0.821975
v -0.004562 0.108273 0.818321
v -0.003205 0.108173 0.814415
v -0.002363 0.108068 0.810297
v -0.002074 0.107957 0.806002
v -0.002074 0.107645 0.793808
v -0.002074 0.106780 0.760094
v -0.002074 0.105474 0.709164
v -0.002074 0.103837 0.645322
v -0.002074 0.101979 0.572873
v -0.002074 0.100011 0.496120
v -0.002074 0.098042 0.419366
v -0.002074 0.096184 0.346917
v -0.002074 0.094547 0.283075
v -0.002074 0.093241 0.232145
v -0.002074 0.092376 0.198431
v -0.002074 0.092064 0.186237
v -0.002363 0.091954 0.181943
v -0.003205 0.091848 0.177824
v -0.004562 0.091748 0.173918
v -0.006397 0.091654 0.170264
v -0.008672 0.091568 0.166898
v -0.011349 0.091490 0.163858
v -0.014390 0.091421 0.161183
v -0.017758 0.091363 0.158909
v -0.021415 0.091316 0.157075
v -0.025322 0.091281 0.155719
v -0.029443 0.091259 0.154877
v -0.033740 0.091252 0.154588
v -0.036733 0.091252 0.154588
v -0.045010 0.091252 0.154588
v -0.057513 0.091252 0.154588
v -0.073186 0.091252 0.154588
v -0.090972 0.091252 0.154588
v -0.109815 0.091252 0.154588
v -0.128658 0.091252 0.154588
v -0.146444 0.091252 0.154588
v -0.162117 0.091252 0.154588
v -0.174620 0.091252 0.154588
v -0.182897 0.091252 0.154588
v -0.185890 0.091252 0.154588
v -0.190188 0.091260 0.154877
v -0.194309 0.091281 0.155719
v -0.198217 0.091316 0.157075
v -0.201874 0.091363 0.158909
v -0.205241 0.091421 0.161183
v -0.208282 0.091490 0.163858
v -0.210959 0.091568 0.166898
v -0.213233 0.091654 0.170264
v -0.215068 0.091748 0.173918
v -0.216425 0.091848 0.177824
v -0.217267 0.091954 0.181943
v -0.217556 0.092064 0.186237
v -0.217556 0.092231 0.192775
v -0.217556 0.092695 0.210852
v -0.217556 0.093395 0.238158
v -0.217556 0.094273 0.272388
v -0.217556 0.095269 0.311233
v -0.217556 0.096325 0.352386
v -0.217556 0.097380 0.393539
v -0.217556 0.098376 0.432384
v -0.217556 0.099254 0.466613
v -0.217556 0.099954 0.493920
v -0.217556 0.100418 0.511997
v -0.217556 0.100585 0.518535
v -0.218907 0.100899 0.530750
v -0.221125 0.101257 0.544715
v -0.224427 0.101646 0.559893
v -0.229024 0.102053 0.575749
v -0.235132 0.102463 0.591746
v -0.242963 0.102863 0.607349
v -0.252732 0.103239 0.622021
v -0.264653 0.103578 0.635228
v -0.278938 0.103865 0.646433
v -0.295803 0.104088 0.655099
v -0.315460 0.104231 0.660692
v -0.338123 0.104282 0.662676
v -0.366592 0.104208 0.659791
v -0.389848 0.104001 0.651710
v -0.408414 0.103682 0.639292
v -0.422811 0.103275 0.623399
v -0.433560 0.102800 0.604890
v -0.441185 0.102280 0.584625
v -0.446205 0.101738 0.563465
v -0.449143 0.101194 0.542270
v -0.450520 0.100672 0.521900
v -0.450858 0.100193 0.503215
v -0.450678 0.099779 0.487075
v -0.450502 0.099452 0.474341
v -0.450502 0.099307 0.468672
v -0.450502 0.098905 0.453000
v -0.450502 0.098298 0.429325
v -0.450502 0.097537 0.399647
v -0.450502 0.096673 0.365969
v -0.450502 0.095758 0.330289
v -0.450502 0.094843 0.294609
v -0.450502 0.093979 0.260931
v -0.450502 0.093218 0.231253
v -0.450502 0.092611 0.207578
v -0.450502 0.092209 0.191906
v -0.450502 0.092064 0.186237
v -0.450791 0.091954 0.181943
v -0.451633 0.091848 0.177824
v -0.452990 0.091748 0.173918
v -0.454825 0.091654 0.170264
v -0.457100 0.091568 0.166898
v -0.459777 0.091490 0.163858
v -0.462818 0.091421 0.161183
v -0.466186 0.091363 0.158909
v -0.469842 0.091316 0.157075
v -0.473750 0.091281 0.155719
v -0.477871 0.091260 0.154877
v -0.482168 0.091252 0.154588
v -0.485263 0.091252 0.154588
v -0.493821 0.091252 0.154588
v -0.506748 0.091252 0.154588
v -0.522953 0.091252 0.154588
v -0.541343 0.091252 0.154588
v -0.560825 0.091252 0.154588
v -0.580308 0.091252 0.154588
v -0.598698 0.091252 0.154588
v -0.614903 0.091252 0.154588
v -0.627830 0.091252 0.154588
v -0.636388 0.091252 0.154588
v -0.639483 0.091252 0.154588
v -0.643780 0.091260 0.154877
v -0.647901 0.091281 0.155719
v -0.651808 0.091316 0.157075
v -0.655465 0.091363 0.158909
v -0.658833 0.091421 0.161183
v -0.661874 0.091490 0.163858
v -0.664551 0.091568 0.166898
v -0.666825 0.091654 0.170264
v -0.668660 0.091748 0.173918
v -0.670018 0.091848 0.177824
v -0.670860 0.091954 0.181943
v -0.671149 0.092064 0.186237
v -0.671149 0.092214 0.192086
v -0.671149 0.092629 0.208257
v -0.671149 0.093255 0.232685
v -0.671149 0.094040 0.263307
v -0.671149 0.094932 0.298057
v -0.671149 0.095876 0.334872
v -0.671149 0.096820 0.371687
v -0.671149 0.097711 0.406438
v -0.671149 0.098496 0.437059
v -0.671149 0.099123 0.461488
v -0.671149 0.099537 0.477659
v -0.671149 0.099687 0.483508
v -0.808450 -0.114185 1.184642
v -0.808450 -0.115679 1.126381
v -0.808450 -0.117936 1.038370
v -0.808450 -0.120766 0.928047
v -0.808450 -0.123976 0.802848
v -0.808450 -0.127378 0.670211
v -0.808450 -0.130779 0.537575
v -0.808450 -0.133990 0.412376
v -0.808450 -0.136819 0.302052
v -0.808450 -0.139076 0.214041
v -0.808450 -0.140570 0.155780
v -0.808450 -0.141111 0.134707
v -0.807369 -0.141522 0.118657
v -0.804222 -0.141917 0.103262
v -0.799149 -0.142291 0.088665
v -0.792292 -0.142642 0.075007
v -0.783791 -0.142964 0.062427
v -0.773787 -0.143256 0.051068
v -0.762421 -0.143512 0.041069
v -0.749835 -0.143730 0.032572
v -0.736169 -0.143906 0.025718
v -0.721564 -0.144036 0.020648
v -0.706161 -0.144116 0.017503
v -0.690102 -0.144144 0.016423
v -0.669017 -0.144144 0.016423
v -0.610725 -0.144144 0.016423
v -0.522666 -0.144144 0.016423
v -0.412283 -0.144144 0.016423
v -0.287017 -0.144144 0.016423
v -0.154309 -0.144144 0.016423
v -0.021601 -0.144144 0.016423
v 0.103666 -0.144144 0.016423
v 0.214049 -0.144144 0.016423
v 0.302108 -0.144144 0.016423
v 0.360400 -0.144144 0.016423
v 0.381485 -0.144144 0.016423
v 0.397543 -0.144117 0.017503
v 0.412945 -0.144036 0.020648
v 0.427549 -0.143906 0.025718
v 0.441215 -0.143730 0.032572
v 0.453801 -0.143512 0.041069
v 0.465166 -0.143256 0.051068
v 0.475170 -0.142965 0.062427
v 0.483671 -0.142642 0.075007
v 0.490529 -0.142292 0.088665
v 0.495602 -0.141917 0.103262
v 0.498749 -0.141523 0.118657
v 0.499829 -0.141111 0.134707
v 0.499829 -0.140571 0.155780
v 0.499829 -0.139077 0.214041
v 0.499829 -0.136820 0.302052
v 0.499829 -0.133990 0.412376
v 0.499829 -0.130780 0.537575
v 0.499829 -0.127378 0.670211
v 0.499829 -0.123977 0.802848
v 0.499829 -0.120766 0.928047
v 0.499829 -0.117937 1.038370
v 0.499829 -0.115680 1.126381
v 0.499829 -0.114186 1.184642
v 0.499829 -0.113645 1.205715
v 0.498749 -0.113234 1.221765
v 0.495602 -0.112839 1.237159
v 0.490529 -0.112465 1.251755
v 0.483671 -0.112114 1.265414
v 0.475170 -0.111792 1.277993
v 0.465166 -0.111500 1.289352
v 0.453801 -0.111244 1.299350
v 0.441215 -0.111026 1.307847
v 0.427549 -0.110850 1.314701
v 0.412945 -0.110720 1.319771
v 0.397543 -0.110640 1.322916
v 0.381485 -0.110612 1.323996
v -0.690105 -0.110612 1.323996
v -0.706164 -0.110639 1.322916
v -0.721566 -0.110720 1.319771
v -0.736170 -0.110850 1.314701
v -0.749836 -0.111026 1.307847
v -0.762422 -0.111244 1.299350
v -0.773787 -0.111500 1.289352
v -0.783791 -0.111791 1.277993
v -0.792292 -0.112114 1.265414
v -0.799150 -0.112464 1.251755
v -0.804222 -0.112838 1.237159
v -0.807369 -0.113233 1.221765
v -0.808450 -0.113645 1.205715
v 0.095307 -0.123695 0.813842
v 0.096222 -0.123580 0.818322
v 0.097698 -0.123471 0.822570
v 0.099694 -0.123369 0.826545
v 0.102168 -0.123275 0.830206
v 0.105079 -0.123190 0.833511
v 0.108386 -0.123116 0.836421
v 0.112049 -0.123052 0.838894
v 0.116026 -0.123001 0.840888
v 0.120276 -0.122963 0.842363
v 0.124759 -0.122940 0.843279
v 0.129432 -0.122932 0.843593
v 0.132317 -0.122932 0.843593
v 0.140291 -0.122932 0.843593
v 0.152339 -0.122932 0.843593
v 0.167440 -0.122932 0.843593
v 0.184578 -0.122932 0.843593
v 0.202733 -0.122932 0.843593
v 0.220889 -0.122932 0.843593
v 0.238027 -0.122932 0.843593
v 0.253128 -0.122932 0.843593
v 0.265175 -0.122932 0.843593
v 0.273150 -0.122932 0.843593
v 0.276035 -0.122932 0.843593
v 0.280708 -0.122940 0.843279
v 0.285190 -0.122963 0.842364
v 0.289441 -0.123001 0.840888
v 0.293417 -0.123052 0.838894
v 0.297080 -0.123116 0.836421
v 0.300388 -0.123190 0.833512
v 0.303299 -0.123275 0.830206
v 0.305773 -0.123369 0.826545
v 0.307768 -0.123471 0.822570
v 0.309244 -0.123580 0.818323
v 0.310160 -0.123695 0.813843
v 0.310474 -0.123814 0.809172
v 0.310474 -0.124124 0.797086
v 0.310474 -0.124981 0.763674
v 0.310474 -0.126276 0.713200
v 0.310474 -0.127898 0.649929
v 0.310474 -0.129740 0.578128
v 0.310474 -0.131690 0.502062
v 0.310474 -0.133641 0.425995
v 0.310474 -0.135482 0.354194
v 0.310474 -0.137105 0.290923
v 0.310474 -0.138399 0.240449
v 0.310474 -0.139256 0.207037
v 0.310474 -0.139566 0.194951
v 0.310160 -0.139686 0.190280
v 0.309244 -0.139801 0.185801
v 0.307768 -0.139910 0.181553
v 0.305773 -0.140012 0.177578
v 0.303299 -0.140105 0.173917
v 0.300388 -0.140190 0.170612
v 0.297080 -0.140265 0.167702
v 0.293417 -0.140328 0.165229
v 0.289440 -0.140379 0.163235
v 0.285190 -0.140417 0.161760
v 0.280708 -0.140441 0.160844
v 0.276035 -0.140449 0.160530
v 0.273150 -0.140449 0.160530
v 0.265175 -0.140449 0.160530
v 0.253128 -0.140449 0.160530
v 0.238027 -0.140449 0.160530
v 0.220889 -0.140449 0.160530
v 0.202733 -0.140449 0.160530
v 0.184578 -0.140449 0.160530
v 0.167440 -0.140449 0.160530
v 0.152339 -0.140449 0.160530
v 0.140291 -0.140449 0.160530
v 0.132317 -0.140449 0.160530
v 0.129432 -0.140449 0.160530
v 0.124759 -0.140441 0.160844
v 0.120276 -0.140417 0.161760
v 0.116026 -0.140379 0.163235
v 0.112049 -0.140328 0.165229
v 0.108386 -0.140265 0.167702
v 0.105079 -0.140190 0.170612
v 0.102168 -0.140105 0.173917
v 0.099694 -0.140012 0.177578
v 0.097698 -0.139910 0.181553
v 0.096222 -0.139801 0.185801
v 0.095306 -0.139686 0.190280
v 0.094992 -0.139566 0.194951
v 0.094992 -0.139256 0.207037
v 0.094992 -0.138399 0.240449
v 0.094992 -0.137105 0.290923
v 0.094992 -0.135482 0.354194
v 0.094992 -0.133641 0.425995
v 0.094992 -0.131690 0.502062
v 0.094992 -0.129739 0.578128
v 0.094992 -0.127898 0.649929
v 0.094992 -0.126276 0.713200
v 0.094992 -0.124981 0.763674
v 0.094992 -0.124124 0.797086
v 0.094992 -0.123814 0.809172
v 0.064731 -0.117393 1.059579
v 0.068435 -0.116928 1.077695
v 0.074405 -0.116488 1.094873
v 0.082475 -0.116075 1.110946
v 0.092479 -0.115696 1.125750
v 0.104252 -0.115353 1.139119
v 0.117628 -0.115051 1.150885
v 0.132440 -0.114795 1.160884
v 0.148522 -0.114588 1.168950
v 0.165709 -0.114435 1.174917
v 0.183835 -0.114340 1.178618
v 0.202733 -0.114307 1.179889
v 0.221632 -0.114340 1.178618
v 0.239757 -0.114435 1.174917
v 0.256945 -0.114588 1.168950
v 0.273027 -0.114795 1.160884
v 0.287839 -0.115051 1.150885
v 0.301214 -0.115353 1.139119
v 0.312987 -0.115696 1.125750
v 0.322992 -0.116076 1.110947
v 0.331062 -0.116488 1.094873
v 0.337032 -0.116928 1.077695
v 0.340735 -0.117393 1.059579
v 0.342007 -0.117877 1.040691
v 0.340735 -0.118362 1.021803
v 0.337032 -0.118826 1.003687
v 0.331062 -0.119267 0.986509
v 0.322992 -0.119679 0.970435
v 0.312987 -0.120059 0.955631
v 0.301214 -0.120401 0.942263
v 0.287839 -0.120703 0.930496
v 0.273027 -0.120960 0.920497
v 0.256945 -0.121166 0.912431
v 0.239757 -0.121319 0.906465
v 0.221632 -0.121414 0.902763
v 0.202733 -0.121447 0.901492
v 0.183834 -0.121414 0.902763
v 0.165708 -0.121319 0.906465
v 0.148521 -0.121166 0.912431
v 0.132438 -0.120959 0.920497
v 0.117626 -0.120703 0.930496
v 0.104251 -0.120401 0.942263
v 0.092478 -0.120058 0.955631
v 0.082474 -0.119679 0.970435
v 0.074404 -0.119267 0.986509
v 0.068435 -0.118826 1.003687
v 0.064731 -0.118362 1.021803
v 0.063460 -0.117877 1.040691
v -0.671031 -0.131133 0.523769
v -0.670089 -0.130170 0.561320
v -0.667438 -0.129155 0.600917
v -0.662193 -0.128117 0.641376
v -0.653469 -0.127088 0.681511
v -0.640382 -0.126097 0.720139
v -0.622047 -0.125176 0.756074
v -0.597579 -0.124354 0.788132
v -0.566094 -0.123661 0.815128
v -0.526707 -0.123129 0.835878
v -0.478534 -0.122788 0.849197
v -0.420689 -0.122667 0.853900
v -0.393482 -0.122689 0.853049
v -0.368640 -0.122753 0.850567
v -0.346015 -0.122856 0.846554
v -0.325456 -0.122995 0.841112
v -0.306816 -0.123169 0.834343
v -0.289946 -0.123374 0.826349
v -0.274697 -0.123608 0.817232
v -0.260919 -0.123868 0.807093
v -0.248466 -0.124151 0.796034
v -0.237186 -0.124456 0.784158
v -0.226933 -0.124779 0.771565
v -0.217556 -0.125117 0.758358
v -0.217556 -0.125090 0.759412
v -0.217556 -0.125016 0.762327
v -0.217556 -0.124903 0.766731
v -0.217556 -0.124761 0.772251
v -0.217556 -0.124600 0.778515
v -0.217556 -0.124430 0.785151
v -0.217556 -0.124260 0.791787
v -0.217556 -0.124099 0.798051
v -0.217556 -0.123958 0.803571
v -0.217556 -0.123845 0.807975
v -0.217556 -0.123770 0.810890
v -0.217556 -0.123743 0.811944
v -0.217267 -0.123633 0.816239
v -0.216425 -0.123527 0.820357
v -0.215068 -0.123427 0.824263
v -0.213233 -0.123334 0.827917
v -0.210958 -0.123247 0.831283
v -0.208281 -0.123169 0.834323
v -0.205240 -0.123101 0.836998
v -0.201872 -0.123042 0.839272
v -0.198216 -0.122995 0.841106
v -0.194308 -0.122961 0.842462
v -0.190187 -0.122939 0.843304
v -0.185891 -0.122932 0.843593
v -0.182897 -0.122932 0.843593
v -0.174620 -0.122932 0.843593
v -0.162117 -0.122932 0.843593
v -0.146444 -0.122932 0.843593
v -0.128658 -0.122932 0.843593
v -0.109815 -0.122932 0.843593
v -0.090972 -0.122932 0.843593
v -0.073186 -0.122932 0.843593
v -0.057513 -0.122932 0.843593
v -0.045010 -0.122932 0.843593
v -0.036734 -0.122932 0.843593
v -0.033740 -0.122932 0.843593
v -0.029443 -0.122939 0.843304
v -0.025322 -0.122961 0.842462
v -0.021415 -0.122995 0.841106
v -0.017758 -0.123042 0.839272
v -0.014390 -0.123101 0.836998
v -0.011349 -0.123169 0.834323
v -0.008672 -0.123247 0.831283
v -0.006398 -0.123334 0.827917
v -0.004563 -0.123427 0.824263
v -0.003205 -0.123528 0.820357
v -0.002363 -0.123633 0.816239
v -0.002074 -0.123743 0.811944
v -0.002074 -0.124056 0.799750
v -0.002074 -0.124921 0.766036
v -0.002074 -0.126227 0.715106
v -0.002074 -0.127864 0.651264
v -0.002074 -0.129722 0.578815
v -0.002074 -0.131690 0.502062
v -0.002074 -0.133658 0.425308
v -0.002074 -0.135516 0.352859
v -0.002074 -0.137154 0.289017
v -0.002074 -0.138460 0.238087
v -0.002074 -0.139324 0.204373
v -0.002074 -0.139637 0.192179
v -0.002363 -0.139747 0.187885
v -0.003205 -0.139853 0.183766
v -0.004563 -0.139953 0.179860
v -0.006398 -0.140047 0.176206
v -0.008672 -0.140133 0.172840
v -0.011349 -0.140211 0.169800
v -0.014390 -0.140280 0.167125
v -0.017758 -0.140338 0.164851
v -0.021415 -0.140385 0.163017
v -0.025322 -0.140420 0.161661
v -0.029443 -0.140441 0.160819
v -0.033740 -0.140449 0.160530
v -0.036734 -0.140449 0.160530
v -0.045010 -0.140449 0.160530
v -0.057513 -0.140449 0.160530
v -0.073186 -0.140449 0.160530
v -0.090972 -0.140449 0.160530
v -0.109815 -0.140449 0.160530
v -0.128658 -0.140449 0.160530
v -0.146444 -0.140449 0.160530
v -0.162117 -0.140449 0.160530
v -0.174620 -0.140449 0.160530
v -0.182897 -0.140449 0.160530
v -0.185891 -0.140449 0.160530
v -0.190188 -0.140441 0.160819
v -0.194309 -0.140420 0.161661
v -0.198217 -0.140385 0.163017
v -0.201874 -0.140338 0.164851
v -0.205241 -0.140279 0.167125
v -0.208282 -0.140211 0.169800
v -0.210959 -0.140133 0.172840
v -0.213233 -0.140047 0.176206
v -0.215068 -0.139953 0.179860
v -0.216425 -0.139853 0.183766
v -0.217267 -0.139747 0.187885
v -0.217556 -0.139637 0.192179
v -0.217556 -0.139469 0.198717
v -0.217556 -0.139006 0.216793
v -0.217556 -0.138305 0.244100
v -0.217556 -0.137428 0.278330
v -0.217556 -0.136431 0.317175
v -0.217556 -0.135376 0.358328
v -0.217556 -0.134321 0.399480
v -0.217556 -0.133325 0.438325
v -0.217556 -0.132447 0.472555
v -0.217556 -0.131746 0.499862
v -0.217556 -0.131283 0.517939
v -0.217556 -0.131115 0.524477
v -0.218907 -0.130802 0.536692
v -0.221126 -0.130444 0.550657
v -0.224427 -0.130055 0.565835
v -0.229024 -0.129648 0.581691
v -0.235132 -0.129238 0.597688
v -0.242963 -0.128838 0.613291
v -0.252732 -0.128461 0.627963
v -0.264653 -0.128123 0.641170
v -0.278938 -0.127835 0.652375
v -0.295803 -0.127613 0.661041
v -0.315460 -0.127470 0.666634
v -0.338124 -0.127419 0.668618
v -0.366592 -0.127493 0.665733
v -0.389848 -0.127700 0.657652
v -0.408414 -0.128018 0.645234
v -0.422811 -0.128426 0.629341
v -0.433561 -0.128901 0.610832
v -0.441185 -0.129420 0.590567
v -0.446205 -0.129963 0.569407
v -0.449143 -0.130506 0.548212
v -0.450520 -0.131029 0.527842
v -0.450858 -0.131508 0.509157
v -0.450678 -0.131922 0.493017
v -0.450502 -0.132249 0.480283
v -0.450502 -0.132394 0.474614
v -0.450502 -0.132796 0.458942
v -0.450502 -0.133403 0.435267
v -0.450502 -0.134164 0.405589
v -0.450502 -0.135028 0.371910
v -0.450502 -0.135943 0.336231
v -0.450502 -0.136858 0.300551
v -0.450502 -0.137721 0.266872
v -0.450502 -0.138482 0.237195
v -0.450502 -0.139090 0.213520
v -0.450502 -0.139492 0.197848
v -0.450502 -0.139637 0.192179
v -0.450791 -0.139747 0.187885
v -0.451633 -0.139853 0.183766
v -0.452991 -0.139953 0.179860
v -0.454826 -0.140047 0.176206
v -0.457100 -0.140133 0.172840
v -0.459777 -0.140211 0.169800
v -0.462818 -0.140279 0.167125
v -0.466186 -0.140338 0.164851
v -0.469843 -0.140385 0.163017
v -0.473750 -0.140420 0.161661
v -0.477871 -0.140441 0.160819
v -0.482168 -0.140449 0.160530
v -0.485263 -0.140449 0.160530
v -0.493821 -0.140449 0.160530
v -0.506748 -0.140449 0.160530
v -0.522953 -0.140449 0.160530
v -0.541343 -0.140448 0.160530
v -0.560825 -0.140448 0.160530
v -0.580308 -0.140448 0.160530
v -0.598698 -0.140448 0.160530
v -0.614903 -0.140448 0.160530
v -0.627830 -0.140448 0.160530
v -0.636388 -0.140448 0.160530
v -0.639483 -0.140448 0.160530
v -0.643780 -0.140441 0.160819
v -0.647901 -0.140419 0.161661
v -0.651808 -0.140385 0.163017
v -0.655465 -0.140338 0.164851
v -0.658833 -0.140279 0.167125
v -0.661874 -0.140211 0.169800
v -0.664551 -0.140133 0.172840
v -0.666825 -0.140046 0.176206
v -0.668660 -0.139953 0.179860
v -0.670018 -0.139853 0.183766
v -0.670860 -0.139747 0.187885
v -0.671149 -0.139637 0.192179
v -0.671149 -0.139487 0.198028
v -0.671149 -0.139072 0.214199
v -0.671149 -0.138446 0.238627
v -0.671149 -0.137660 0.269249
v -0.671149 -0.136769 0.303999
v -0.671149 -0.135825 0.340814
v -0.671149 -0.134881 0.377629
v -0.671149 -0.133990 0.412379
v -0.671149 -0.133205 0.443001
v -0.671149 -0.132578 0.467430
v -0.671149 -0.132163 0.483601
v -0.671149 -0.132013 0.489450
v -0.808450 -0.114185 1.184642
v -0.808450 0.117516 1.178700
v -0.808450 -0.115679 1.126381
v -0.808450 0.116021 1.120440
v -0.808450 -0.117936 1.038370
v -0.808450 0.113764 1.032429
v -0.808450 -0.120766 0.928047
v -0.808450 0.110935 0.922105
v -0.808450 -0.123976 0.802848
v -0.808450 0.107724 0.796906
v -0.808450 -0.127378 0.670211
v -0.808450 0.104323 0.664269
v -0.808450 -0.130779 0.537575
v -0.808450 0.100922 0.531633
v -0.808450 -0.133990 0.412376
v -0.808450 0.097711 0.406434
v -0.808450 -0.136819 0.302052
v -0.808450 0.094882 0.296110
v -0.808450 -0.139076 0.214041
v -0.808450 0.092625 0.208099
v -0.808450 -0.140570 0.155780
v -0.808450 0.091131 0.149838
v -0.808450 -0.141111 0.134707
v -0.808450 0.090590 0.128765
v -0.807369 -0.141522 0.118657
v -0.807369 0.090178 0.112715
v -0.804222 -0.141917 0.103262
v -0.804222 0.089784 0.097320
v -0.799149 -0.142291 0.088665
v -0.799149 0.089409 0.082723
v -0.792292 -0.142642 0.075007
v -0.792292 0.089059 0.069065
v -0.783791 -0.142964 0.062427
v -0.783791 0.088736 0.056485
v -0.773787 -0.143256 0.051068
v -0.773787 0.088445 0.045126
v -0.762421 -0.143512 0.041069
v -0.762421 0.088189 0.035127
v -0.749835 -0.143730 0.032572
v -0.749835 0.087971 0.026630
v -0.736169 -0.143906 0.025718
v -0.736169 0.087795 0.019777
v -0.721564 -0.144036 0.020648
v -0.721564 0.087665 0.014706
v -0.706161 -0.144116 0.017503
v -0.706161 0.087584 0.011561
v -0.690102 -0.144144 0.016423
v -0.690102 0.087557 0.010481
v -0.669017 -0.144144 0.016423
v -0.669017 0.087557 0.010481
v -0.610725 -0.144144 0.016423
v -0.610725 0.087557 0.010481
v -0.522666 -0.144144 0.016423
v -0.522666 0.087557 0.010481
v -0.412283 -0.144144 0.016423
v -0.412283 0.087557 0.010481
v -0.287017 -0.144144 0.016423
v -0.287017 0.087557 0.010481
v -0.154309 -0.144144 0.016423
v -0.154309 0.087557 0.010481
v -0.021601 -0.144144 0.016423
v -0.021601 0.087556 0.010481
v 0.103666 -0.144144 0.016423
v 0.103666 0.087556 0.010481
v 0.214049 -0.144144 0.016423
v 0.214049 0.087556 0.010481
v 0.302108 -0.144144 0.016423
v 0.302108 0.087556 0.010481
v 0.360400 -0.144144 0.016423
v 0.360400 0.087556 0.010481
v 0.381485 -0.144144 0.016423
v 0.381485 0.087556 0.010481
v 0.397543 -0.144117 0.017503
v 0.397543 0.087584 0.011561
v 0.412945 -0.144036 0.020648
v 0.412945 0.087665 0.014706
v 0.427549 -0.143906 0.025718
v 0.427549 0.087795 0.019777
v 0.441215 -0.143730 0.032572
v 0.441215 0.087970 0.026630
v 0.453801 -0.143512 0.041069
v 0.453801 0.088188 0.035127
v 0.465166 -0.143256 0.051068
v 0.465167 0.088445 0.045126
v 0.475170 -0.142965 0.062427
v 0.475170 0.088736 0.056485
v 0.483671 -0.142642 0.075007
v 0.483671 0.089059 0.069065
v 0.490529 -0.142292 0.088665
v 0.490529 0.089409 0.082723
v 0.495602 -0.141917 0.103262
v 0.495602 0.089783 0.097320
v 0.498749 -0.141523 0.118657
v 0.498749 0.090178 0.112715
v 0.499829 -0.141111 0.134707
v 0.499829 0.090590 0.128765
v 0.499829 -0.140571 0.155780
v 0.499829 0.091130 0.149838
v 0.499829 -0.139077 0.214041
v 0.499829 0.092624 0.208099
v 0.499829 -0.136820 0.302052
v 0.499829 0.094881 0.296110
v 0.499829 -0.133990 0.412376
v 0.499829 0.097710 0.406434
v 0.499829 -0.130780 0.537575
v 0.499829 0.100921 0.531633
v 0.499829 -0.127378 0.670211
v 0.499829 0.104323 0.664269
v 0.499829 -0.123977 0.802848
v 0.499829 0.107724 0.796906
v 0.499829 -0.120766 0.928047
v 0.499829 0.110935 0.922105
v 0.499829 -0.117937 1.038370
v 0.499829 0.113764 1.032429
v 0.499829 -0.115680 1.126381
v 0.499829 0.116021 1.120440
v 0.499829 -0.114186 1.184642
v 0.499829 0.117515 1.178700
v 0.499829 -0.113645 1.205715
v 0.499829 0.118056 1.199773
v 0.498749 -0.113234 1.221765
v 0.498749 0.118467 1.215823
v 0.495602 -0.112839 1.237159
v 0.495602 0.118862 1.231217
v 0.490529 -0.112465 1.251755
v 0.490529 0.119236 1.245813
v 0.483671 -0.112114 1.265414
v 0.483671 0.119586 1.259472
v 0.475170 -0.111792 1.277993
v 0.475170 0.119909 1.272051
v 0.465166 -0.111500 1.289352
v 0.465167 0.120200 1.283410
v 0.453801 -0.111244 1.299350
v 0.453801 0.120457 1.293409
v 0.441215 -0.111026 1.307847
v 0.441215 0.120675 1.301905
v 0.427549 -0.110850 1.314701
v 0.427549 0.120850 1.308759
v 0.412945 -0.110720 1.319771
v 0.412945 0.120980 1.313829
v 0.397543 -0.110640 1.322916
v 0.397543 0.121061 1.316974
v 0.381485 -0.110612 1.323996
v 0.381485 0.121089 1.318054
v -0.690105 -0.110612 1.323996
v -0.690105 0.121089 1.318054
v -0.706164 -0.110639 1.322916
v -0.706164 0.121061 1.316974
v -0.721566 -0.110720 1.319771
v -0.721566 0.120981 1.313829
v -0.736170 -0.110850 1.314701
v -0.736170 0.120851 1.308759
v -0.749836 -0.111026 1.307847
v -0.749836 0.120675 1.301905
v -0.762422 -0.111244 1.299350
v -0.762422 0.120457 1.293409
v -0.773787 -0.111500 1.289352
v -0.773787 0.120201 1.283410
v -0.783791 -0.111791 1.277993
v -0.783791 0.119909 1.272051
v -0.792292 -0.112114 1.265414
v -0.792292 0.119587 1.259472
v -0.799150 -0.112464 1.251755
v -0.799150 0.119237 1.245813
v -0.804222 -0.112838 1.237159
v -0.804222 0.118862 1.231217
v -0.807369 -0.113233 1.221765
v -0.807369 0.118468 1.215823
v -0.808450 -0.113645 1.205715
v -0.808450 0.118056 1.199773
v 0.095307 -0.123695 0.813842
v 0.095307 0.108006 0.807900
v 0.096222 -0.123580 0.818322
v 0.096222 0.108121 0.812380
v 0.097698 -0.123471 0.822570
v 0.097699 0.108230 0.816628
v 0.099694 -0.123369 0.826545
v 0.099694 0.108332 0.820603
v 0.102168 -0.123275 0.830206
v 0.102168 0.108426 0.824264
v 0.105079 -0.123190 0.833511
v 0.105079 0.108511 0.827569
v 0.108386 -0.123116 0.836421
v 0.108387 0.108585 0.830479
v 0.112049 -0.123052 0.838894
v 0.112049 0.108649 0.832952
v 0.116026 -0.123001 0.840888
v 0.116026 0.108700 0.834946
v 0.120276 -0.122963 0.842363
v 0.120276 0.108738 0.836421
v 0.124759 -0.122940 0.843279
v 0.124759 0.108761 0.837337
v 0.129432 -0.122932 0.843593
v 0.129432 0.108769 0.837651
v 0.132317 -0.122932 0.843593
v 0.132317 0.108769 0.837651
v 0.140291 -0.122932 0.843593
v 0.140292 0.108769 0.837651
v 0.152339 -0.122932 0.843593
v 0.152339 0.108769 0.837651
v 0.167440 -0.122932 0.843593
v 0.167440 0.108769 0.837651
v 0.184578 -0.122932 0.843593
v 0.184578 0.108769 0.837651
v 0.202733 -0.122932 0.843593
v 0.202733 0.108769 0.837651
v 0.220889 -0.122932 0.843593
v 0.220889 0.108769 0.837651
v 0.238027 -0.122932 0.843593
v 0.238027 0.108769 0.837651
v 0.253128 -0.122932 0.843593
v 0.253128 0.108769 0.837651
v 0.265175 -0.122932 0.843593
v 0.265175 0.108769 0.837651
v 0.273150 -0.122932 0.843593
v 0.273150 0.108769 0.837651
v 0.276035 -0.122932 0.843593
v 0.276035 0.108769 0.837651
v 0.280708 -0.122940 0.843279
v 0.280708 0.108761 0.837337
v 0.285190 -0.122963 0.842364
v 0.285190 0.108737 0.836422
v 0.289441 -0.123001 0.840888
v 0.289441 0.108700 0.834946
v 0.293417 -0.123052 0.838894
v 0.293418 0.108648 0.832952
v 0.297080 -0.123116 0.836421
v 0.297080 0.108585 0.830479
v 0.300388 -0.123190 0.833512
v 0.300388 0.108510 0.827570
v 0.303299 -0.123275 0.830206
v 0.303299 0.108426 0.824264
v 0.305773 -0.123369 0.826545
v 0.305773 0.108332 0.820603
v 0.307768 -0.123471 0.822570
v 0.307768 0.108230 0.816628
v 0.309244 -0.123580 0.818323
v 0.309244 0.108121 0.812381
v 0.310160 -0.123695 0.813843
v 0.310160 0.108006 0.807901
v 0.310474 -0.123814 0.809172
v 0.310475 0.107886 0.803230
v 0.310474 -0.124124 0.797086
v 0.310475 0.107576 0.791144
v 0.310474 -0.124981 0.763674
v 0.310475 0.106719 0.757732
v 0.310474 -0.126276 0.713200
v 0.310475 0.105425 0.707258
v 0.310474 -0.127898 0.649929
v 0.310475 0.103803 0.643987
v 0.310474 -0.129740 0.578128
v 0.310475 0.101961 0.572186
v 0.310474 -0.131690 0.502062
v 0.310475 0.100010 0.496120
v 0.310474 -0.133641 0.425995
v 0.310475 0.098060 0.420053
v 0.310474 -0.135482 0.354194
v 0.310475 0.096218 0.348252
v 0.310474 -0.137105 0.290923
v 0.310475 0.094596 0.284981
v 0.310474 -0.138399 0.240449
v 0.310475 0.093301 0.234507
v 0.310474 -0.139256 0.207037
v 0.310475 0.092445 0.201095
v 0.310474 -0.139566 0.194951
v 0.310475 0.092135 0.189009
v 0.310160 -0.139686 0.190280
v 0.310160 0.092015 0.184339
v 0.309244 -0.139801 0.185801
v 0.309244 0.091900 0.179859
v 0.307768 -0.139910 0.181553
v 0.307768 0.091791 0.175611
v 0.305773 -0.140012 0.177578
v 0.305773 0.091689 0.171636
v 0.303299 -0.140105 0.173917
v 0.303299 0.091595 0.167975
v 0.300388 -0.140190 0.170612
v 0.300388 0.091511 0.164670
v 0.297080 -0.140265 0.167702
v 0.297080 0.091436 0.161760
v 0.293417 -0.140328 0.165229
v 0.293418 0.091372 0.159288
v 0.289440 -0.140379 0.163235
v 0.289441 0.091321 0.157293
v 0.285190 -0.140417 0.161760
v 0.285190 0.091284 0.155818
v 0.280708 -0.140441 0.160844
v 0.280708 0.091260 0.154902
v 0.276035 -0.140449 0.160530
v 0.276035 0.091252 0.154588
v 0.273150 -0.140449 0.160530
v 0.273150 0.091252 0.154588
v 0.265175 -0.140449 0.160530
v 0.265175 0.091252 0.154588
v 0.253128 -0.140449 0.160530
v 0.253128 0.091252 0.154588
v 0.238027 -0.140449 0.160530
v 0.238027 0.091252 0.154588
v 0.220889 -0.140449 0.160530
v 0.220889 0.091252 0.154588
v 0.202733 -0.140449 0.160530
v 0.202733 0.091252 0.154588
v 0.184578 -0.140449 0.160530
v 0.184578 0.091252 0.154588
v 0.167440 -0.140449 0.160530
v 0.167440 0.091252 0.154588
v 0.152339 -0.140449 0.160530
v 0.152339 0.091252 0.154588
v 0.140291 -0.140449 0.160530
v 0.140292 0.091252 0.154588
v 0.132317 -0.140449 0.160530
v 0.132317 0.091252 0.154588
v 0.129432 -0.140449 0.160530
v 0.129432 0.091252 0.154588
v 0.124759 -0.140441 0.160844
v 0.124759 0.091260 0.154902
v 0.120276 -0.140417 0.161760
v 0.120276 0.091284 0.155818
v 0.116026 -0.140379 0.163235
v 0.116026 0.091321 0.157293
v 0.112049 -0.140328 0.165229
v 0.112049 0.091373 0.159288
v 0.108386 -0.140265 0.167702
v 0.108387 0.091436 0.161760
v 0.105079 -0.140190 0.170612
v 0.105079 0.091511 0.164670
v 0.102168 -0.140105 0.173917
v 0.102168 0.091595 0.167975
v 0.099694 -0.140012 0.177578
v 0.099694 0.091689 0.171636
v 0.097698 -0.139910 0.181553
v 0.097699 0.091791 0.175611
v 0.096222 -0.139801 0.185801
v 0.096222 0.091900 0.179859
v 0.095306 -0.139686 0.190280
v 0.095307 0.092015 0.184339
v 0.094992 -0.139566 0.194951
v 0.094992 0.092135 0.189009
v 0.094992 -0.139256 0.207037
v 0.094992 0.092445 0.201095
v 0.094992 -0.138399 0.240449
v 0.094992 0.093302 0.234507
v 0.094992 -0.137105 0.290923
v 0.094992 0.094596 0.284981
v 0.094992 -0.135482 0.354194
v 0.094992 0.096218 0.348252
v 0.094992 -0.133641 0.425995
v 0.094992 0.098060 0.420053
v 0.094992 -0.131690 0.502062
v 0.094992 0.100011 0.496120
v 0.094992 -0.129739 0.578128
v 0.094992 0.101961 0.572186
v 0.094992 -0.127898 0.649929
v 0.094992 0.103803 0.643987
v 0.094992 -0.126276 0.713200
v 0.094992 0.105425 0.707258
v 0.094992 -0.124981 0.763674
v 0.094992 0.106720 0.757732
v 0.094992 -0.124124 0.797086
v 0.094992 0.107576 0.791144
v 0.094992 -0.123814 0.809172
v 0.094992 0.107886 0.803230
v 0.064731 -0.117393 1.059579
v 0.064731 0.114308 1.053637
v 0.068435 -0.116928 1.077695
v 0.068435 0.114773 1.071753
v 0.074405 -0.116488 1.094873
v 0.074405 0.115213 1.088931
v 0.082475 -0.116075 1.110946
v 0.082475 0.115625 1.105005
v 0.092479 -0.115696 1.125750
v 0.092479 0.116005 1.119808
v 0.104252 -0.115353 1.139119
v 0.104252 0.116348 1.133177
v 0.117628 -0.115051 1.150885
v 0.117628 0.116650 1.144943
v 0.132440 -0.114795 1.160884
v 0.132440 0.116906 1.154942
v 0.148522 -0.114588 1.168950
v 0.148522 0.117113 1.163008
v 0.165709 -0.114435 1.174917
v 0.165709 0.117266 1.168975
v 0.183835 -0.114340 1.178618
v 0.183835 0.117361 1.172676
v 0.202733 -0.114307 1.179889
v 0.202733 0.117393 1.173947
v 0.221632 -0.114340 1.178618
v 0.221632 0.117361 1.172676
v 0.239757 -0.114435 1.174917
v 0.239758 0.117266 1.168975
v 0.256945 -0.114588 1.168950
v 0.256945 0.117113 1.163008
v 0.273027 -0.114795 1.160884
v 0.273027 0.116906 1.154942
v 0.287839 -0.115051 1.150885
v 0.287839 0.116649 1.144943
v 0.301214 -0.115353 1.139119
v 0.301214 0.116348 1.133177
v 0.312987 -0.115696 1.125750
v 0.312987 0.116005 1.119809
v 0.322992 -0.116076 1.110947
v 0.322992 0.115625 1.105005
v 0.331062 -0.116488 1.094873
v 0.331062 0.115213 1.088931
v 0.337032 -0.116928 1.077695
v 0.337032 0.114772 1.071753
v 0.340735 -0.117393 1.059579
v 0.340735 0.114308 1.053637
v 0.342007 -0.117877 1.040691
v 0.342007 0.113824 1.034749
v 0.340735 -0.118362 1.021803
v 0.340735 0.113339 1.015861
v 0.337032 -0.118826 1.003687
v 0.337032 0.112875 0.997745
v 0.331062 -0.119267 0.986509
v 0.331062 0.112434 0.980567
v 0.322992 -0.119679 0.970435
v 0.322992 0.112022 0.964493
v 0.312987 -0.120059 0.955631
v 0.312987 0.111642 0.949689
v 0.301214 -0.120401 0.942263
v 0.301214 0.111299 0.936321
v 0.287839 -0.120703 0.930496
v 0.287839 0.110998 0.924554
v 0.273027 -0.120960 0.920497
v 0.273027 0.110741 0.914555
v 0.256945 -0.121166 0.912431
v 0.256945 0.110534 0.906489
v 0.239757 -0.121319 0.906465
v 0.239758 0.110381 0.900523
v 0.221632 -0.121414 0.902763
v 0.221632 0.110286 0.896821
v 0.202733 -0.121447 0.901492
v 0.202733 0.110254 0.895550
v 0.183834 -0.121414 0.902763
v 0.183834 0.110286 0.896821
v 0.165708 -0.121319 0.906465
v 0.165708 0.110381 0.900523
v 0.148521 -0.121166 0.912431
v 0.148521 0.110534 0.906489
v 0.132438 -0.120959 0.920497
v 0.132438 0.110741 0.914555
v 0.117626 -0.120703 0.930496
v 0.117626 0.110998 0.924554
v 0.104251 -0.120401 0.942263
v 0.104251 0.111299 0.936321
v 0.092478 -0.120058 0.955631
v 0.092478 0.111642 0.949689
v 0.082474 -0.119679 0.970435
v 0.082474 0.112022 0.964493
v 0.074404 -0.119267 0.986509
v 0.074404 0.112434 0.980567
v 0.068435 -0.118826 1.003687
v 0.068435 0.112875 0.997745
v 0.064731 -0.118362 1.021803
v 0.064731 0.113339 1.015861
v 0.063460 -0.117877 1.040691
v 0.063460 0.113824 1.034749
v -0.671031 -0.131133 0.523769
v -0.671031 0.100567 0.517827
v -0.670089 -0.130170 0.561320
v -0.670089 0.101530 0.555378
v -0.667438 -0.129155 0.600917
v -0.667438 0.102546 0.594975
v -0.662193 -0.128117 0.641376
v -0.662193 0.103583 0.635434
v -0.653469 -0.127088 0.681511
v -0.653469 0.104613 0.675569
v -0.640382 -0.126097 0.720139
v -0.640382 0.105603 0.714197
v -0.622047 -0.125176 0.756074
v -0.622047 0.106525 0.750132
v -0.597579 -0.124354 0.788132
v -0.597579 0.107347 0.782190
v -0.566094 -0.123661 0.815128
v -0.566094 0.108039 0.809186
v -0.526707 -0.123129 0.835878
v -0.526707 0.108571 0.829936
v -0.478534 -0.122788 0.849197
v -0.478534 0.108913 0.843255
v -0.420689 -0.122667 0.853900
v -0.420689 0.109034 0.847958
v -0.393482 -0.122689 0.853049
v -0.393482 0.109012 0.847107
v -0.368640 -0.122753 0.850567
v -0.368640 0.108948 0.844625
v -0.346015 -0.122856 0.846554
v -0.346014 0.108845 0.840612
v -0.325456 -0.122995 0.841112
v -0.325456 0.108706 0.835170
v -0.306816 -0.123169 0.834343
v -0.306816 0.108532 0.828401
v -0.289946 -0.123374 0.826349
v -0.289946 0.108327 0.820407
v -0.274697 -0.123608 0.817232
v -0.274696 0.108093 0.811290
v -0.260919 -0.123868 0.807093
v -0.260919 0.107833 0.801151
v -0.248466 -0.124151 0.796034
v -0.248465 0.107550 0.790092
v -0.237186 -0.124456 0.784158
v -0.237186 0.107245 0.778216
v -0.226933 -0.124779 0.771565
v -0.226933 0.106922 0.765623
v -0.217556 -0.125117 0.758358
v -0.217556 0.106583 0.752416
v -0.217556 -0.125090 0.759412
v -0.217556 0.106610 0.753470
v -0.217556 -0.125016 0.762327
v -0.217556 0.106685 0.756385
v -0.217556 -0.124903 0.766731
v -0.217556 0.106798 0.760789
v -0.217556 -0.124761 0.772251
v -0.217556 0.106940 0.766309
v -0.217556 -0.124600 0.778515
v -0.217556 0.107100 0.772573
v -0.217556 -0.124430 0.785151
v -0.217556 0.107270 0.779209
v -0.217556 -0.124260 0.791787
v -0.217556 0.107441 0.785845
v -0.217556 -0.124099 0.798051
v -0.217556 0.107601 0.792109
v -0.217556 -0.123958 0.803571
v -0.217556 0.107743 0.797629
v -0.217556 -0.123845 0.807975
v -0.217556 0.107856 0.802033
v -0.217556 -0.123770 0.810890
v -0.217556 0.107930 0.804948
v -0.217556 -0.123743 0.811944
v -0.217556 0.107958 0.806002
v -0.217267 -0.123633 0.816239
v -0.217267 0.108068 0.810297
v -0.216425 -0.123527 0.820357
v -0.216425 0.108173 0.814415
v -0.215068 -0.123427 0.824263
v -0.215068 0.108273 0.818321
v -0.213233 -0.123334 0.827917
v -0.213233 0.108367 0.821975
v -0.210958 -0.123247 0.831283
v -0.210958 0.108453 0.825341
v -0.208281 -0.123169 0.834323
v -0.208281 0.108531 0.828381
v -0.205240 -0.123101 0.836998
v -0.205240 0.108600 0.831056
v -0.201872 -0.123042 0.839272
v -0.201872 0.108658 0.833330
v -0.198216 -0.122995 0.841106
v -0.198216 0.108705 0.835164
v -0.194308 -0.122961 0.842462
v -0.194308 0.108740 0.836520
v -0.190187 -0.122939 0.843304
v -0.190187 0.108762 0.837362
v -0.185891 -0.122932 0.843593
v -0.185890 0.108769 0.837651
v -0.182897 -0.122932 0.843593
v -0.182897 0.108769 0.837651
v -0.174620 -0.122932 0.843593
v -0.174620 0.108769 0.837651
v -0.162117 -0.122932 0.843593
v -0.162117 0.108769 0.837651
v -0.146444 -0.122932 0.843593
v -0.146444 0.108769 0.837651
v -0.128658 -0.122932 0.843593
v -0.128658 0.108769 0.837651
v -0.109815 -0.122932 0.843593
v -0.109815 0.108769 0.837651
v -0.090972 -0.122932 0.843593
v -0.090972 0.108769 0.837651
v -0.073186 -0.122932 0.843593
v -0.073186 0.108769 0.837651
v -0.057513 -0.122932 0.843593
v -0.057513 0.108769 0.837651
v -0.045010 -0.122932 0.843593
v -0.045010 0.108769 0.837651
v -0.036734 -0.122932 0.843593
v -0.036733 0.108769 0.837651
v -0.033740 -0.122932 0.843593
v -0.033740 0.108769 0.837651
v -0.029443 -0.122939 0.843304
v -0.029443 0.108762 0.837362
v -0.025322 -0.122961 0.842462
v -0.025322 0.108740 0.836520
v -0.021415 -0.122995 0.841106
v -0.021415 0.108705 0.835164
v -0.017758 -0.123042 0.839272
v -0.017758 0.108658 0.833330
v -0.014390 -0.123101 0.836998
v -0.014390 0.108600 0.831056
v -0.011349 -0.123169 0.834323
v -0.011349 0.108531 0.828381
v -0.008672 -0.123247 0.831283
v -0.008672 0.108453 0.825341
v -0.006398 -0.123334 0.827917
v -0.006397 0.108367 0.821975
v -0.004563 -0.123427 0.824263
v -0.004562 0.108273 0.818321
v -0.003205 -0.123528 0.820357
v -0.003205 0.108173 0.814415
v -0.002363 -0.123633 0.816239
v -0.002363 0.108068 0.810297
v -0.002074 -0.123743 0.811944
v -0.002074 0.107957 0.806002
v -0.002074 -0.124056 0.799750
v -0.002074 0.107645 0.793808
v -0.002074 -0.124921 0.766036
v -0.002074 0.106780 0.760094
v -0.002074 -0.126227 0.715106
v -0.002074 0.105474 0.709164
v -0.002074 -0.127864 0.651264
v -0.002074 0.103837 0.645322
v -0.002074 -0.129722 0.578815
v -0.002074 0.101979 0.572873
v -0.002074 -0.131690 0.502062
v -0.002074 0.100011 0.496120
v -0.002074 -0.133658 0.425308
v -0.002074 0.098042 0.419366
v -0.002074 -0.135516 0.352859
v -0.002074 0.096184 0.346917
v -0.002074 -0.137154 0.289017
v -0.002074 0.094547 0.283075
v -0.002074 -0.138460 0.238087
v -0.002074 0.093241 0.232145
v -0.002074 -0.139324 0.204373
v -0.002074 0.092376 0.198431
v -0.002074 -0.139637 0.192179
v -0.002074 0.092064 0.186237
v -0.002363 -0.139747 0.187885
v -0.002363 0.091954 0.181943
v -0.003205 -0.139853 0.183766
v -0.003205 0.091848 0.177824
v -0.004563 -0.139953 0.179860
v -0.004562 0.091748 0.173918
v -0.006398 -0.140047 0.176206
v -0.006397 0.091654 0.170264
v -0.008672 -0.140133 0.172840
v -0.008672 0.091568 0.166898
v -0.011349 -0.140211 0.169800
v -0.011349 0.091490 0.163858
v -0.014390 -0.140280 0.167125
v -0.014390 0.091421 0.161183
v -0.017758 -0.140338 0.164851
v -0.017758 0.091363 0.158909
v -0.021415 -0.140385 0.163017
v -0.021415 0.091316 0.157075
v -0.025322 -0.140420 0.161661
v -0.025322 0.091281 0.155719
v -0.029443 -0.140441 0.160819
v -0.029443 0.091259 0.154877
v -0.033740 -0.140449 0.160530
v -0.033740 0.091252 0.154588
v -0.036734 -0.140449 0.160530
v -0.036733 0.091252 0.154588
v -0.045010 -0.140449 0.160530
v -0.045010 0.091252 0.154588
v -0.057513 -0.140449 0.160530
v -0.057513 0.091252 0.154588
v -0.073186 -0.140449 0.160530
v -0.073186 0.091252 0.154588
v -0.090972 -0.140449 0.160530
v -0.090972 0.091252 0.154588
v -0.109815 -0.140449 0.160530
v -0.109815 0.091252 0.154588
v -0.128658 -0.140449 0.160530
v -0.128658 0.091252 0.154588
v -0.146444 -0.140449 0.160530
v -0.146444 0.091252 0.154588
v -0.162117 -0.140449 0.160530
v -0.162117 0.091252 0.154588
v -0.174620 -0.140449 0.160530
v -0.174620 0.091252 0.154588
v -0.182897 -0.140449 0.160530
v -0.182897 0.091252 0.154588
v -0.185891 -0.140449 0.160530
v -0.185890 0.091252 0.154588
v -0.190188 -0.140441 0.160819
v -0.190188 0.091260 0.154877
v -0.194309 -0.140420 0.161661
v -0.194309 0.091281 0.155719
v -0.198217 -0.140385 0.163017
v -0.198217 0.091316 0.157075
v -0.201874 -0.140338 0.164851
v -0.201874 0.091363 0.158909
v -0.205241 -0.140279 0.167125
v -0.205241 0.091421 0.161183
v -0.208282 -0.140211 0.169800
v -0.208282 0.091490 0.163858
v -0.210959 -0.140133 0.172840
v -0.210959 0.091568 0.166898
v -0.213233 -0.140047 0.176206
v -0.213233 0.091654 0.170264
v -0.215068 -0.139953 0.179860
v -0.215068 0.091748 0.173918
v -0.216425 -0.139853 0.183766
v -0.216425 0.091848 0.177824
v -0.217267 -0.139747 0.187885
v -0.217267 0.091954 0.181943
v -0.217556 -0.139637 0.192179
v -0.217556 0.092064 0.186237
v -0.217556 -0.139469 0.198717
v -0.217556 0.092231 0.192775
v -0.217556 -0.139006 0.216793
v -0.217556 0.092695 0.210852
v -0.217556 -0.138305 0.244100
v -0.217556 0.093395 0.238158
v -0.217556 -0.137428 0.278330
v -0.217556 0.094273 0.272388
v -0.217556 -0.136431 0.317175
v -0.217556 0.095269 0.311233
v -0.217556 -0.135376 0.358328
v -0.217556 0.096325 0.352386
v -0.217556 -0.134321 0.399480
v -0.217556 0.097380 0.393539
v -0.217556 -0.133325 0.438325
v -0.217556 0.098376 0.432384
v -0.217556 -0.132447 0.472555
v -0.217556 0.099254 0.466613
v -0.217556 -0.131746 0.499862
v -0.217556 0.099954 0.493920
v -0.217556 -0.131283 0.517939
v -0.217556 0.100418 0.511997
v -0.217556 -0.131115 0.524477
v -0.217556 0.100585 0.518535
v -0.218907 -0.130802 0.536692
v -0.218907 0.100899 0.530750
v -0.221126 -0.130444 0.550657
v -0.221125 0.101257 0.544715
v -0.224427 -0.130055 0.565835
v -0.224427 0.101646 0.559893
v -0.229024 -0.129648 0.581691
v -0.229024 0.102053 0.575749
v -0.235132 -0.129238 0.597688
v -0.235132 0.102463 0.591746
v -0.242963 -0.128838 0.613291
v -0.242963 0.102863 0.607349
v -0.252732 -0.128461 0.627963
v -0.252732 0.103239 0.622021
v -0.264653 -0.128123 0.641170
v -0.264653 0.103578 0.635228
v -0.278938 -0.127835 0.652375
v -0.278938 0.103865 0.646433
v -0.295803 -0.127613 0.661041
v -0.295803 0.104088 0.655099
v -0.315460 -0.127470 0.666634
v -0.315460 0.104231 0.660692
v -0.338124 -0.127419 0.668618
v -0.338123 0.104282 0.662676
v -0.366592 -0.127493 0.665733
v -0.366592 0.104208 0.659791
v -0.389848 -0.127700 0.657652
v -0.389848 0.104001 0.651710
v -0.408414 -0.128018 0.645234
v -0.408414 0.103682 0.639292
v -0.422811 -0.128426 0.629341
v -0.422811 0.103275 0.623399
v -0.433561 -0.128901 0.610832
v -0.433560 0.102800 0.604890
v -0.441185 -0.129420 0.590567
v -0.441185 0.102280 0.584625
v -0.446205 -0.129963 0.569407
v -0.446205 0.101738 0.563465
v -0.449143 -0.130506 0.548212
v -0.449143 0.101194 0.542270
v -0.450520 -0.131029 0.527842
v -0.450520 0.100672 0.521900
v -0.450858 -0.131508 0.509157
v -0.450858 0.100193 0.503215
v -0.450678 -0.131922 0.493017
v -0.450678 0.099779 0.487075
v -0.450502 -0.132249 0.480283
v -0.450502 0.099452 0.474341
v -0.450502 -0.132394 0.474614
v -0.450502 0.099307 0.468672
v -0.450502 -0.132796 0.458942
v -0.450502 0.098905 0.453000
v -0.450502 -0.133403 0.435267
v -0.450502 0.098298 0.429325
v -0.450502 -0.134164 0.405589
v -0.450502 0.097537 0.399647
v -0.450502 -0.135028 0.371910
v -0.450502 0.096673 0.365969
v -0.450502 -0.135943 0.336231
v -0.450502 0.095758 0.330289
v -0.450502 -0.136858 0.300551
v -0.450502 0.094843 0.294609
v -0.450502 -0.137721 0.266872
v -0.450502 0.093979 0.260931
v -0.450502 -0.138482 0.237195
v -0.450502 0.093218 0.231253
v -0.450502 -0.139090 0.213520
v -0.450502 0.092611 0.207578
v -0.450502 -0.139492 0.197848
v -0.450502 0.092209 0.191906
v -0.450502 -0.139637 0.192179
v -0.450502 0.092064 0.186237
v -0.450791 -0.139747 0.187885
v -0.450791 0.091954 0.181943
v -0.451633 -0.139853 0.183766
v -0.451633 0.091848 0.177824
v -0.452991 -0.139953 0.179860
v -0.452990 0.091748 0.173918
v -0.454826 -0.140047 0.176206
v -0.454825 0.091654 0.170264
v -0.457100 -0.140133 0.172840
v -0.457100 0.091568 0.166898
v -0.459777 -0.140211 0.169800
v -0.459777 0.091490 0.163858
v -0.462818 -0.140279 0.167125
v -0.462818 0.091421 0.161183
v -0.466186 -0.140338 0.164851
v -0.466186 0.091363 0.158909
v -0.469843 -0.140385 0.163017
v -0.469842 0.091316 0.157075
v -0.473750 -0.140420 0.161661
v -0.473750 0.091281 0.155719
v -0.477871 -0.140441 0.160819
v -0.477871 0.091260 0.154877
v -0.482168 -0.140449 0.160530
v -0.482168 0.091252 0.154588
v -0.485263 -0.140449 0.160530
v -0.485263 0.091252 0.154588
v -0.493821 -0.140449 0.160530
v -0.493821 0.091252 0.154588
v -0.506748 -0.140449 0.160530
v -0.506748 0.091252 0.154588
v -0.522953 -0.140449 0.160530
v -0.522953 0.091252 0.154588
v -0.541343 -0.140448 0.160530
v -0.541343 0.091252 0.154588
v -0.560825 -0.140448 0.160530
v -0.560825 0.091252 0.154588
v -0.580308 -0.140448 0.160530
v -0.580308 0.091252 0.154588
v -0.598698 -0.140448 0.160530
v -0.598698 0.091252 0.154588
v -0.614903 -0.140448 0.160530
v -0.614903 0.091252 0.154588
v -0.627830 -0.140448 0.160530
v -0.627830 0.091252 0.154588
v -0.636388 -0.140448 0.160530
v -0.636388 0.091252 0.154588
v -0.639483 -0.140448 0.160530
v -0.639483 0.091252 0.154588
v -0.643780 -0.140441 0.160819
v -0.643780 0.091260 0.154877
v -0.647901 -0.140419 0.161661
v -0.647901 0.091281 0.155719
v -0.651808 -0.140385 0.163017
v -0.651808 0.091316 0.157075
v -0.655465 -0.140338 0.164851
v -0.655465 0.091363 0.158909
v -0.658833 -0.140279 0.167125
v -0.658833 0.091421 0.161183
v -0.661874 -0.140211 0.169800
v -0.661874 0.091490 0.163858
v -0.664551 -0.140133 0.172840
v -0.664551 0.091568 0.166898
v -0.666825 -0.140046 0.176206
v -0.666825 0.091654 0.170264
v -0.668660 -0.139953 0.179860
v -0.668660 0.091748 0.173918
v -0.670018 -0.139853 0.183766
v -0.670018 0.091848 0.177824
v -0.670860 -0.139747 0.187885
v -0.670860 0.091954 0.181943
v -0.671149 -0.139637 0.192179
v -0.671149 0.092064 0.186237
v -0.671149 -0.139487 0.198028
v -0.671149 0.092214 0.192086
v -0.671149 -0.139072 0.214199
v -0.671149 0.092629 0.208257
v -0.671149 -0.138446 0.238627
v -0.671149 0.093255 0.232685
v -0.671149 -0.137660 0.269249
v -0.671149 0.094040 0.263307
v -0.671149 -0.136769 0.303999
v -0.671149 0.094932 0.298057
v -0.671149 -0.135825 0.340814
v -0.671149 0.095876 0.334872
v -0.671149 -0.134881 0.377629
v -0.671149 0.096820 0.371687
v -0.671149 -0.133990 0.412379
v -0.671149 0.097711 0.406438
v -0.671149 -0.133205 0.443001
v -0.671149 0.098496 0.437059
v -0.671149 -0.132578 0.467430
v -0.671149 0.099123 0.461488
v -0.671149 -0.132163 0.483601
v -0.671149 0.099537 0.477659
v -0.671149 -0.132013 0.489450
v -0.671149 0.099687 0.483508
vn -0.0000 0.9997 -0.0256
vn -0.0000 -0.9997 0.0256
vn -1.0000 -0.0000 -0.0000
vn -0.9994 -0.0009 -0.0336
vn -0.9910 -0.0034 -0.1339
vn -0.9643 -0.0068 -0.2647
vn -0.9212 -0.0100 -0.3891
vn -0.8630 -0.0130 -0.5051
vn -0.7912 -0.0157 -0.6113
vn -0.7070 -0.0181 -0.7069
vn -0.6114 -0.0203 -0.7911
vn -0.5051 -0.0221 -0.8628
vn -0.3891 -0.0236 -0.9209
vn -0.2647 -0.0247 -0.9640
vn -0.1339 -0.0254 -0.9907
vn -0.0336 -0.0256 -0.9991
vn -0.0000 -0.0256 -0.9997
vn 0.0336 -0.0256 -0.9991
vn 0.1339 -0.0254 -0.9907
vn 0.2647 -0.0247 -0.9640
vn 0.3891 -0.0236 -0.9209
vn 0.5051 -0.0221 -0.8628
vn 0.6114 -0.0203 -0.7911
vn 0.7070 -0.0181 -0.7069
vn 0.7912 -0.0157 -0.6113
vn 0.8630 -0.0130 -0.5051
vn 0.9212 -0.0100 -0.3891
vn 0.9643 -0.0068 -0.2647
vn 0.9910 -0.0034 -0.1339
vn 0.9994 -0.0009 -0.0336
vn 1.0000 -0.0000 -0.0000
vn 0.9994 0.0009 0.0336
vn 0.9910 0.0034 0.1339
vn 0.9643 0.0068 0.2647
vn 0.9211 0.0100 0.3891
vn 0.8630 0.0130 0.5051
vn 0.7912 0.0157 0.6113
vn 0.7070 0.0181 0.7069
vn 0.6114 0.0203 0.7911
vn 0.5051 0.0221 0.8628
vn 0.3891 0.0236 0.9209
vn 0.2647 0.0247 0.9640
vn 0.1339 0.0254 0.9907
vn 0.0336 0.0256 0.9991
vn -0.0336 0.0256 0.9991
vn -0.1339 0.0254 0.9907
vn -0.2647 0.0247 0.9640
vn -0.3891 0.0236 0.9209
vn -0.5051 0.0221 0.8628
vn -0.6114 0.0203 0.7911
vn -0.7070 0.0181 0.7069
vn -0.7912 0.0157 0.6113
vn -0.8630 0.0130 0.5051
vn -0.9212 0.0100 0.3891
vn -0.9643 0.0068 0.2647
vn -0.9910 0.0034 0.1339
vn -0.9994 0.0009 0.0336
vn -0.0000 0.0256 0.9997
vn 0.9212 0.0100 0.3891
vn 0.9211 -0.0100 -0.3891
vn -0.9211 -0.0100 -0.3891
vn -0.9211 0.0100 0.3891
vn 0.9999 -0.0004 -0.0142
vn 0.9989 -0.0012 -0.0459
vn 0.9952 -0.0025 -0.0977
vn 0.9853 -0.0044 -0.1705
vn 0.9637 -0.0068 -0.2669
vn 0.9214 -0.0100 -0.3885
vn 0.8463 -0.0137 -0.5325
vn 0.7270 -0.0176 -0.6864
vn 0.5621 -0.0212 -0.8268
vn 0.3685 -0.0238 -0.9293
vn 0.1746 -0.0252 -0.9843
vn 0.0249 -0.0256 -0.9994
vn -0.0654 -0.0256 -0.9975
vn -0.1372 -0.0254 -0.9902
vn -0.2155 -0.0250 -0.9762
vn -0.2990 -0.0245 -0.9539
vn -0.3853 -0.0237 -0.9225
vn -0.4713 -0.0226 -0.8817
vn -0.5537 -0.0213 -0.8324
vn -0.6291 -0.0199 -0.7770
vn -0.6953 -0.0184 -0.7185
vn -0.7509 -0.0169 -0.6602
vn -0.7960 -0.0155 -0.6052
vn 0.3037 -0.0244 -0.9524
vn 0.9910 -0.0034 -0.1340
vn 0.7912 -0.0157 -0.6114
vn 0.1340 -0.0254 -0.9907
vn -0.1340 -0.0254 -0.9907
vn -0.7912 -0.0157 -0.6114
vn -0.9910 -0.0034 -0.1340
vn -0.9910 0.0034 0.1340
vn -0.7912 0.0157 0.6114
vn -0.7070 0.0181 0.7070
vn 0.7071 0.0181 0.7069
vn 0.8630 0.0130 0.5050
vn 0.9985 0.0014 0.0550
vn 0.9911 0.0034 0.1333
vn 0.9828 0.0047 0.1847
vn 0.9694 0.0063 0.2455
vn 0.9482 0.0081 0.3177
vn 0.9152 0.0103 0.4029
vn 0.8647 0.0129 0.5020
vn 0.7896 0.0157 0.6134
vn 0.6824 0.0187 0.7308
vn 0.5397 0.0216 0.8416
vn 0.3673 0.0238 0.9298
vn 0.1813 0.0252 0.9831
vn -0.0069 0.0256 0.9996
vn -0.2161 0.0250 0.9761
vn -0.4458 0.0229 0.8948
vn -0.6536 0.0194 0.7566
vn -0.8075 0.0151 0.5897
vn -0.9035 0.0110 0.4284
vn -0.9564 0.0075 0.2919
vn -0.9829 0.0047 0.1842
vn -0.9947 0.0026 0.1024
vn -0.9991 0.0011 0.0427
vn -1.0000 0.0001 0.0035
vn -0.9999 -0.0003 -0.0125
vn -1.0000 -0.0002 -0.0069
vn 0.1340 0.0254 0.9907
vn 0.7070 0.0181 0.7070
vn 0.7912 0.0157 0.6114
vn 0.9910 0.0034 0.1340
vn 1.0000 -0.0000 -0.0017
vt 0.157658 0.000000
vt 0.162162 0.000000
vt 0.159910 0.000000
vt 0.164414 0.000000
vt 0.155405 0.000000
vt 0.166667 0.000000
vt 0.153153 0.000000
vt 0.168919 0.000000
vt 0.150901 0.000000
vt 0.171171 0.000000
vt 0.148649 0.000000
vt 0.173423 0.000000
vt 0.146396 0.000000
vt 0.175676 0.000000
vt 0.144144 0.000000
vt 0.177928 0.000000
vt 0.141892 0.000000
vt 0.180180 0.000000
vt 0.139640 0.000000
vt 0.182432 0.000000
vt 0.137387 0.000000
vt 0.184685 0.000000
vt 0.135135 0.000000
vt 0.186937 0.000000
vt 0.132883 0.000000
vt 0.189189 0.000000
vt 0.130631 0.000000
vt 0.000000 0.000000
vt 0.128378 0.000000
vt 0.434685 0.000000
vt 0.432432 0.000000
vt 0.002252 0.000000
vt 0.430180 0.000000
vt 0.436937 0.000000
vt 0.427928 0.000000
vt 0.439189 0.000000
vt 0.425676 0.000000
vt 0.441441 0.000000
vt 0.423423 0.000000
vt 0.443694 0.000000
vt 0.421171 0.000000
vt 0.445946 0.000000
vt 0.418919 0.000000
vt 0.448198 0.000000
vt 0.416667 0.000000
vt 0.126126 0.000000
vt 0.004505 0.000000
vt 0.450450 0.000000
vt 0.414414 0.000000
vt 0.452703 0.000000
vt 0.412162 0.000000
vt 0.454955 0.000000
vt 0.409910 0.000000
vt 0.457207 0.000000
vt 0.407658 0.000000
vt 0.459459 0.000000
vt 0.513514 0.000000
vt 0.461712 0.000000
vt 0.511261 0.000000
vt 0.123874 0.000000
vt 0.006757 0.000000
vt 0.463964 0.000000
vt 0.509009 0.000000
vt 0.466216 0.000000
vt 0.506757 0.000000
vt 0.468468 0.000000
vt 0.504505 0.000000
vt 0.470721 0.000000
vt 0.502252 0.000000
vt 0.472973 0.000000
vt 0.500000 0.000000
vt 0.475225 0.000000
vt 0.497748 0.000000
vt 0.477477 0.000000
vt 0.495495 0.000000
vt 0.121622 0.000000
vt 0.538288 0.000000
vt 0.009009 0.000000
vt 0.479730 0.000000
vt 0.493243 0.000000
vt 0.481982 0.000000
vt 0.490991 0.000000
vt 0.484234 0.000000
vt 0.488739 0.000000
vt 0.540541 0.000000
vt 0.486486 0.000000
vt 0.245495 0.000000
vt 0.243243 0.000000
vt 0.542793 0.000000
vt 0.545045 0.000000
vt 0.547297 0.000000
vt 0.536036 0.000000
vt 0.240991 0.000000
vt 0.238739 0.000000
vt 0.236486 0.000000
vt 0.234234 0.000000
vt 0.231982 0.000000
vt 0.229730 0.000000
vt 0.227477 0.000000
vt 0.225225 0.000000
vt 0.222973 0.000000
vt 0.220721 0.000000
vt 0.218468 0.000000
vt 0.216216 0.000000
vt 0.648649 0.000000
vt 0.646396 0.000000
vt 0.641892 0.000000
vt 0.639640 0.000000
vt 0.637387 0.000000
vt 0.630631 0.000000
vt 0.628378 0.000000
vt 0.626126 0.000000
vt 0.621622 0.000000
vt 0.549550 0.000000
vt 0.213964 0.000000
vt 0.650901 0.000000
vt 0.644144 0.000000
vt 0.635135 0.000000
vt 0.632883 0.000000
vt 0.623874 0.000000
vt 0.619369 0.000000
vt 0.653153 0.000000
vt 0.617117 0.000000
vt 0.247748 0.000000
vt 0.211712 0.000000
vt 0.655405 0.000000
vt 0.614865 0.000000
vt 0.250000 0.000000
vt 0.209459 0.000000
vt 0.551802 0.000000
vt 0.657658 0.000000
vt 0.612613 0.000000
vt 0.252252 0.000000
vt 0.207207 0.000000
vt 0.659910 0.000000
vt 0.610360 0.000000
vt 0.254505 0.000000
vt 0.204955 0.000000
vt 0.662162 0.000000
vt 0.608108 0.000000
vt 0.256757 0.000000
vt 0.202703 0.000000
vt 0.533784 0.000000
vt 0.554054 0.000000
vt 0.664414 0.000000
vt 0.605856 0.000000
vt 0.259009 0.000000
vt 0.200450 0.000000
vt 0.666667 0.000000
vt 0.603604 0.000000
vt 0.261261 0.000000
vt 0.198198 0.000000
vt 0.668919 0.000000
vt 0.601351 0.000000
vt 0.263514 0.000000
vt 0.195946 0.000000
vt 0.556306 0.000000
vt 0.671171 0.000000
vt 0.599099 0.000000
vt 0.265766 0.000000
vt 0.193694 0.000000
vt 0.673423 0.000000
vt 0.596847 0.000000
vt 0.268018 0.000000
vt 0.191441 0.000000
vt 0.558559 0.000000
vt 0.675676 0.000000
vt 0.594595 0.000000
vt 0.531532 0.000000
vt 0.270270 0.000000
vt 0.405405 0.000000
vt 0.677928 0.000000
vt 0.592342 0.000000
vt 0.590090 0.000000
vt 0.272523 0.000000
vt 0.403153 0.000000
vt 0.587838 0.000000
vt 0.560811 0.000000
vt 0.585586 0.000000
vt 0.119369 0.000000
vt 0.011261 0.000000
vt 0.680180 0.000000
vt 0.583333 0.000000
vt 0.274775 0.000000
vt 0.400901 0.000000
vt 0.563063 0.000000
vt 0.581081 0.000000
vt 0.529279 0.000000
vt 0.578829 0.000000
vt 0.565315 0.000000
vt 0.576577 0.000000
vt 0.574324 0.000000
vt 0.572072 0.000000
vt 0.569820 0.000000
vt 0.567568 0.000000
vt 0.682432 0.000000
vt 0.277027 0.000000
vt 0.398649 0.000000
vt 0.527027 0.000000
vt 0.524775 0.000000
vt 0.684685 0.000000
vt 0.279279 0.000000
vt 0.396396 0.000000
vt 0.522523 0.000000
vt 0.013514 0.000000
vt 0.117117 0.000000
vt 0.835586 0.000000
vt 0.840090 0.000000
vt 0.837838 0.000000
vt 0.833333 0.000000
vt 0.842342 0.000000
vt 0.831081 0.000000
vt 0.844595 0.000000
vt 0.828829 0.000000
vt 0.686937 0.000000
vt 0.281532 0.000000
vt 0.394144 0.000000
vt 0.846847 0.000000
vt 0.520270 0.000000
vt 0.826577 0.000000
vt 0.849099 0.000000
vt 0.824324 0.000000
vt 0.822072 0.000000
vt 0.851351 0.000000
vt 0.518018 0.000000
vt 0.819820 0.000000
vt 0.853604 0.000000
vt 0.817568 0.000000
vt 0.689189 0.000000
vt 0.283784 0.000000
vt 0.391892 0.000000
vt 0.855856 0.000000
vt 0.815315 0.000000
vt 0.515766 0.000000
vt 0.813063 0.000000
vt 0.858108 0.000000
vt 0.015766 0.000000
vt 0.114865 0.000000
vt 0.810811 0.000000
vt 0.860360 0.000000
vt 0.808559 0.000000
vt 1.000000 0.000000
vt 0.806306 0.000000
vt 0.862613 0.000000
vt 0.286036 0.000000
vt 0.389640 0.000000
vt 0.691441 0.000000
vt 0.804054 0.000000
vt 0.864865 0.000000
vt 0.997748 0.000000
vt 0.995495 0.000000
vt 0.867117 0.000000
vt 0.869369 0.000000
vt 0.801802 0.000000
vt 0.993243 0.000000
vt 0.871622 0.000000
vt 0.990991 0.000000
vt 0.799550 0.000000
vt 0.873874 0.000000
vt 0.288288 0.000000
vt 0.387387 0.000000
vt 0.693694 0.000000
vt 0.988739 0.000000
vt 0.018018 0.000000
vt 0.112613 0.000000
vt 0.876126 0.000000
vt 0.797297 0.000000
vt 0.986486 0.000000
vt 0.878378 0.000000
vt 0.795045 0.000000
vt 0.290541 0.000000
vt 0.385135 0.000000
vt 0.695946 0.000000
vt 0.984234 0.000000
vt 0.880631 0.000000
vt 0.792793 0.000000
vt 0.981982 0.000000
vt 0.020270 0.000000
vt 0.110360 0.000000
vt 0.882883 0.000000
vt 0.292793 0.000000
vt 0.382883 0.000000
vt 0.698198 0.000000
vt 0.790541 0.000000
vt 0.979730 0.000000
vt 0.885135 0.000000
vt 0.788288 0.000000
vt 0.380631 0.000000
vt 0.295045 0.000000
vt 0.977477 0.000000
vt 0.700450 0.000000
vt 0.887387 0.000000
vt 0.786036 0.000000
vt 0.975225 0.000000
vt 0.022523 0.000000
vt 0.108108 0.000000
vt 0.889640 0.000000
vt 0.378378 0.000000
vt 0.297297 0.000000
vt 0.702703 0.000000
vt 0.783784 0.000000
vt 0.972973 0.000000
vt 0.891892 0.000000
vt 0.299550 0.000000
vt 0.376126 0.000000
vt 0.704955 0.000000
vt 0.781532 0.000000
vt 0.894144 0.000000
vt 0.970721 0.000000
vt 0.301802 0.000000
vt 0.373874 0.000000
vt 0.779279 0.000000
vt 0.968468 0.000000
vt 0.707207 0.000000
vt 0.896396 0.000000
vt 0.304054 0.000000
vt 0.371622 0.000000
vt 0.777027 0.000000
vt 0.966216 0.000000
vt 0.709459 0.000000
vt 0.898649 0.000000
vt 0.306306 0.000000
vt 0.369369 0.000000
vt 0.774775 0.000000
vt 0.963964 0.000000
vt 0.711712 0.000000
vt 0.900901 0.000000
vt 0.308559 0.000000
vt 0.367117 0.000000
vt 0.772523 0.000000
vt 0.961712 0.000000
vt 0.713964 0.000000
vt 0.903153 0.000000
vt 0.310811 0.000000
vt 0.364865 0.000000
vt 0.770270 0.000000
vt 0.959459 0.000000
vt 0.716216 0.000000
vt 0.905405 0.000000
vt 0.313063 0.000000
vt 0.362613 0.000000
vt 0.768018 0.000000
vt 0.957207 0.000000
vt 0.718468 0.000000
vt 0.907658 0.000000
vt 0.315315 0.000000
vt 0.360360 0.000000
vt 0.765766 0.000000
vt 0.954955 0.000000
vt 0.720721 0.000000
vt 0.909910 0.000000
vt 0.358108 0.000000
vt 0.317568 0.000000
vt 0.763514 0.000000
vt 0.952703 0.000000
vt 0.722973 0.000000
vt 0.912162 0.000000
vt 0.355856 0.000000
vt 0.319820 0.000000
vt 0.761261 0.000000
vt 0.950450 0.000000
vt 0.725225 0.000000
vt 0.914414 0.000000
vt 0.353604 0.000000
vt 0.322072 0.000000
vt 0.759009 0.000000
vt 0.948198 0.000000
vt 0.727477 0.000000
vt 0.916667 0.000000
vt 0.351351 0.000000
vt 0.324324 0.000000
vt 0.756757 0.000000
vt 0.945946 0.000000
vt 0.729730 0.000000
vt 0.918919 0.000000
vt 0.326577 0.000000
vt 0.328829 0.000000
vt 0.331081 0.000000
vt 0.333333 0.000000
vt 0.335586 0.000000
vt 0.337838 0.000000
vt 0.340090 0.000000
vt 0.342342 0.000000
vt 0.344595 0.000000
vt 0.346847 0.000000
vt 0.349099 0.000000
vt 0.731982 0.000000
vt 0.734234 0.000000
vt 0.736486 0.000000
vt 0.738739 0.000000
vt 0.740991 0.000000
vt 0.743243 0.000000
vt 0.745495 0.000000
vt 0.747748 0.000000
vt 0.750000 0.000000
vt 0.752252 0.000000
vt 0.754505 0.000000
vt 0.921171 0.000000
vt 0.923423 0.000000
vt 0.925676 0.000000
vt 0.927928 0.000000
vt 0.930180 0.000000
vt 0.932432 0.000000
vt 0.934685 0.000000
vt 0.936937 0.000000
vt 0.939189 0.000000
vt 0.941441 0.000000
vt 0.943694 0.000000
vt 0.024775 0.000000
vt 0.105856 0.000000
vt 0.103604 0.000000
vt 0.027027 0.000000
vt 0.101351 0.000000
vt 0.029279 0.000000
vt 0.031532 0.000000
vt 0.099099 0.000000
vt 0.033784 0.000000
vt 0.096847 0.000000
vt 0.036036 0.000000
vt 0.094595 0.000000
vt 0.038288 0.000000
vt 0.092342 0.000000
vt 0.040541 0.000000
vt 0.090090 0.000000
vt 0.042793 0.000000
vt 0.087838 0.000000
vt 0.045045 0.000000
vt 0.085586 0.000000
vt 0.047297 0.000000
vt 0.083333 0.000000
vt 0.049550 0.000000
vt 0.081081 0.000000
vt 0.051802 0.000000
vt 0.078829 0.000000
vt 0.076577 0.000000
vt 0.074324 0.000000
vt 0.072072 0.000000
vt 0.069820 0.000000
vt 0.067568 0.000000
vt 0.065315 0.000000
vt 0.063063 0.000000
vt 0.060811 0.000000
vt 0.058559 0.000000
vt 0.056306 0.000000
vt 0.054054 0.000000
vt 0.000000 1.000000
vt 0.011765 1.000000
vt 0.011765 0.000000
vt 0.023529 1.000000
vt 0.023529 0.000000
vt 0.035294 1.000000
vt 0.035294 0.000000
vt 0.047059 1.000000
vt 0.047059 0.000000
vt 0.058824 1.000000
vt 0.058824 0.000000
vt 0.070588 1.000000
vt 0.070588 0.000000
vt 0.082353 1.000000
vt 0.082353 0.000000
vt 0.094118 1.000000
vt 0.094118 0.000000
vt 0.105882 1.000000
vt 0.105882 0.000000
vt 0.117647 1.000000
vt 0.117647 0.000000
vt 0.129412 1.000000
vt 0.129412 0.000000
vt 0.141176 1.000000
vt 0.141176 0.000000
vt 0.152941 1.000000
vt 0.152941 0.000000
vt 0.164706 1.000000
vt 0.164706 0.000000
vt 0.176471 1.000000
vt 0.176471 0.000000
vt 0.188235 1.000000
vt 0.188235 0.000000
vt 0.200000 1.000000
vt 0.200000 0.000000
vt 0.211765 1.000000
vt 0.211765 0.000000
vt 0.223529 1.000000
vt 0.223529 0.000000
vt 0.235294 1.000000
vt 0.235294 0.000000
vt 0.247059 1.000000
vt 0.247059 0.000000
vt 0.258824 1.000000
vt 0.258824 0.000000
vt 0.270588 1.000000
vt 0.270588 0.000000
vt 0.282353 1.000000
vt 0.282353 0.000000
vt 0.294118 1.000000
vt 0.294118 0.000000
vt 0.305882 1.000000
vt 0.305882 0.000000
vt 0.317647 1.000000
vt 0.317647 0.000000
vt 0.329412 1.000000
vt 0.329412 0.000000
vt 0.341176 1.000000
vt 0.341176 0.000000
vt 0.352941 1.000000
vt 0.352941 0.000000
vt 0.364706 1.000000
vt 0.364706 0.000000
vt 0.376471 1.000000
vt 0.376471 0.000000
vt 0.388235 1.000000
vt 0.388235 0.000000
vt 0.400000 1.000000
vt 0.400000 0.000000
vt 0.411765 1.000000
vt 0.411765 0.000000
vt 0.423529 1.000000
vt 0.423529 0.000000
vt 0.435294 1.000000
vt 0.435294 0.000000
vt 0.447059 1.000000
vt 0.447059 0.000000
vt 0.458824 1.000000
vt 0.458824 0.000000
vt 0.470588 1.000000
vt 0.470588 0.000000
vt 0.482353 1.000000
vt 0.482353 0.000000
vt 0.494118 1.000000
vt 0.494118 0.000000
vt 0.505882 1.000000
vt 0.505882 0.000000
vt 0.517647 1.000000
vt 0.517647 0.000000
vt 0.529412 1.000000
vt 0.529412 0.000000
vt 0.541176 1.000000
vt 0.541176 0.000000
vt 0.552941 1.000000
vt 0.552941 0.000000
vt 0.564706 1.000000
vt 0.564706 0.000000
vt 0.576471 1.000000
vt 0.576471 0.000000
vt 0.588235 1.000000
vt 0.588235 0.000000
vt 0.600000 1.000000
vt 0.600000 0.000000
vt 0.611765 1.000000
vt 0.611765 0.000000
vt 0.623529 1.000000
vt 0.623529 0.000000
vt 0.635294 1.000000
vt 0.635294 0.000000
vt 0.647059 1.000000
vt 0.647059 0.000000
vt 0.658824 1.000000
vt 0.658824 0.000000
vt 0.670588 1.000000
vt 0.670588 0.000000
vt 0.682353 1.000000
vt 0.682353 0.000000
vt 0.694118 1.000000
vt 0.694118 0.000000
vt 0.705882 1.000000
vt 0.705882 0.000000
vt 0.717647 1.000000
vt 0.717647 0.000000
vt 0.729412 1.000000
vt 0.729412 0.000000
vt 0.741176 1.000000
vt 0.741176 0.000000
vt 0.752941 1.000000
vt 0.752941 0.000000
vt 0.764706 1.000000
vt 0.764706 0.000000
vt 0.776471 1.000000
vt 0.776471 0.000000
vt 0.788235 1.000000
vt 0.788235 0.000000
vt 0.800000 1.000000
vt 0.800000 0.000000
vt 0.811765 1.000000
vt 0.811765 0.000000
vt 0.823529 1.000000
vt 0.823529 0.000000
vt 0.835294 1.000000
vt 0.835294 0.000000
vt 0.847059 1.000000
vt 0.847059 0.000000
vt 0.858824 1.000000
vt 0.858824 0.000000
vt 0.870588 1.000000
vt 0.870588 0.000000
vt 0.882353 1.000000
vt 0.882353 0.000000
vt 0.894118 1.000000
vt 0.894118 0.000000
vt 0.905882 1.000000
vt 0.905882 0.000000
vt 0.917647 1.000000
vt 0.917647 0.000000
vt 0.929412 1.000000
vt 0.929412 0.000000
vt 0.941176 1.000000
vt 0.941176 0.000000
vt 0.952941 1.000000
vt 0.952941 0.000000
vt 0.964706 1.000000
vt 0.964706 0.000000
vt 0.976471 1.000000
vt 0.976471 0.000000
vt 0.988235 1.000000
vt 0.988235 0.000000
vt 1.000000 1.000000
vt 0.010417 1.000000
vt 0.010417 0.000000
vt 0.020833 1.000000
vt 0.020833 0.000000
vt 0.031250 1.000000
vt 0.031250 0.000000
vt 0.041667 1.000000
vt 0.041667 0.000000
vt 0.052083 1.000000
vt 0.052083 0.000000
vt 0.062500 1.000000
vt 0.062500 0.000000
vt 0.072917 1.000000
vt 0.072917 0.000000
vt 0.083333 1.000000
vt 0.093750 1.000000
vt 0.093750 0.000000
vt 0.104167 1.000000
vt 0.104167 0.000000
vt 0.114583 1.000000
vt 0.114583 0.000000
vt 0.125000 1.000000
vt 0.125000 0.000000
vt 0.135417 1.000000
vt 0.135417 0.000000
vt 0.145833 1.000000
vt 0.145833 0.000000
vt 0.156250 1.000000
vt 0.156250 0.000000
vt 0.166667 1.000000
vt 0.177083 1.000000
vt 0.177083 0.000000
vt 0.187500 1.000000
vt 0.187500 0.000000
vt 0.197917 1.000000
vt 0.197917 0.000000
vt 0.208333 1.000000
vt 0.208333 0.000000
vt 0.218750 1.000000
vt 0.218750 0.000000
vt 0.229167 1.000000
vt 0.229167 0.000000
vt 0.239583 1.000000
vt 0.239583 0.000000
vt 0.250000 1.000000
vt 0.260417 1.000000
vt 0.260417 0.000000
vt 0.270833 1.000000
vt 0.270833 0.000000
vt 0.281250 1.000000
vt 0.281250 0.000000
vt 0.291667 1.000000
vt 0.291667 0.000000
vt 0.302083 1.000000
vt 0.302083 0.000000
vt 0.312500 1.000000
vt 0.312500 0.000000
vt 0.322917 1.000000
vt 0.322917 0.000000
vt 0.333333 1.000000
vt 0.343750 1.000000
vt 0.343750 0.000000
vt 0.354167 1.000000
vt 0.354167 0.000000
vt 0.364583 1.000000
vt 0.364583 0.000000
vt 0.375000 1.000000
vt 0.375000 0.000000
vt 0.385417 1.000000
vt 0.385417 0.000000
vt 0.395833 1.000000
vt 0.395833 0.000000
vt 0.406250 1.000000
vt 0.406250 0.000000
vt 0.416667 1.000000
vt 0.427083 1.000000
vt 0.427083 0.000000
vt 0.437500 1.000000
vt 0.437500 0.000000
vt 0.447917 1.000000
vt 0.447917 0.000000
vt 0.458333 1.000000
vt 0.458333 0.000000
vt 0.468750 1.000000
vt 0.468750 0.000000
vt 0.479167 1.000000
vt 0.479167 0.000000
vt 0.489583 1.000000
vt 0.489583 0.000000
vt 0.500000 1.000000
vt 0.510417 1.000000
vt 0.510417 0.000000
vt 0.520833 1.000000
vt 0.520833 0.000000
vt 0.531250 1.000000
vt 0.531250 0.000000
vt 0.541667 1.000000
vt 0.541667 0.000000
vt 0.552083 1.000000
vt 0.552083 0.000000
vt 0.562500 1.000000
vt 0.562500 0.000000
vt 0.572917 1.000000
vt 0.572917 0.000000
vt 0.583333 1.000000
vt 0.593750 1.000000
vt 0.593750 0.000000
vt 0.604167 1.000000
vt 0.604167 0.000000
vt 0.614583 1.000000
vt 0.614583 0.000000
vt 0.625000 1.000000
vt 0.625000 0.000000
vt 0.635417 1.000000
vt 0.635417 0.000000
vt 0.645833 1.000000
vt 0.645833 0.000000
vt 0.656250 1.000000
vt 0.656250 0.000000
vt 0.666667 1.000000
vt 0.677083 1.000000
vt 0.677083 0.000000
vt 0.687500 1.000000
vt 0.687500 0.000000
vt 0.697917 1.000000
vt 0.697917 0.000000
vt 0.708333 1.000000
vt 0.708333 0.000000
vt 0.718750 1.000000
vt 0.718750 0.000000
vt 0.729167 1.000000
vt 0.729167 0.000000
vt 0.739583 1.000000
vt 0.739583 0.000000
vt 0.750000 1.000000
vt 0.760417 1.000000
vt 0.760417 0.000000
vt 0.770833 1.000000
vt 0.770833 0.000000
vt 0.781250 1.000000
vt 0.781250 0.000000
vt 0.791667 1.000000
vt 0.791667 0.000000
vt 0.802083 1.000000
vt 0.802083 0.000000
vt 0.812500 1.000000
vt 0.812500 0.000000
vt 0.822917 1.000000
vt 0.822917 0.000000
vt 0.833333 1.000000
vt 0.843750 1.000000
vt 0.843750 0.000000
vt 0.854167 1.000000
vt 0.854167 0.000000
vt 0.864583 1.000000
vt 0.864583 0.000000
vt 0.875000 1.000000
vt 0.875000 0.000000
vt 0.885417 1.000000
vt 0.885417 0.000000
vt 0.895833 1.000000
vt 0.895833 0.000000
vt 0.906250 1.000000
vt 0.906250 0.000000
vt 0.916667 1.000000
vt 0.927083 1.000000
vt 0.927083 0.000000
vt 0.937500 1.000000
vt 0.937500 0.000000
vt 0.947917 1.000000
vt 0.947917 0.000000
vt 0.958333 1.000000
vt 0.958333 0.000000
vt 0.968750 1.000000
vt 0.968750 0.000000
vt 0.979167 1.000000
vt 0.979167 0.000000
vt 0.989583 1.000000
vt 0.989583 0.000000
vt 0.004630 1.000000
vt 0.004630 0.000000
vt 0.009259 1.000000
vt 0.009259 0.000000
vt 0.013889 1.000000
vt 0.013889 0.000000
vt 0.018519 1.000000
vt 0.018519 0.000000
vt 0.023148 1.000000
vt 0.023148 0.000000
vt 0.027778 1.000000
vt 0.027778 0.000000
vt 0.032407 1.000000
vt 0.032407 0.000000
vt 0.037037 1.000000
vt 0.037037 0.000000
vt 0.046296 1.000000
vt 0.046296 0.000000
vt 0.050926 1.000000
vt 0.050926 0.000000
vt 0.055556 1.000000
vt 0.055556 0.000000
vt 0.060185 1.000000
vt 0.060185 0.000000
vt 0.064815 1.000000
vt 0.064815 0.000000
vt 0.069444 1.000000
vt 0.069444 0.000000
vt 0.074074 1.000000
vt 0.074074 0.000000
vt 0.078704 1.000000
vt 0.078704 0.000000
vt 0.087963 1.000000
vt 0.087963 0.000000
vt 0.092593 1.000000
vt 0.092593 0.000000
vt 0.097222 1.000000
vt 0.097222 0.000000
vt 0.101852 1.000000
vt 0.101852 0.000000
vt 0.106481 1.000000
vt 0.106481 0.000000
vt 0.111111 1.000000
vt 0.111111 0.000000
vt 0.115741 1.000000
vt 0.115741 0.000000
vt 0.120370 1.000000
vt 0.120370 0.000000
vt 0.129630 1.000000
vt 0.129630 0.000000
vt 0.134259 1.000000
vt 0.134259 0.000000
vt 0.138889 1.000000
vt 0.138889 0.000000
vt 0.143519 1.000000
vt 0.143519 0.000000
vt 0.148148 1.000000
vt 0.148148 0.000000
vt 0.152778 1.000000
vt 0.152778 0.000000
vt 0.157407 1.000000
vt 0.157407 0.000000
vt 0.162037 1.000000
vt 0.162037 0.000000
vt 0.171296 1.000000
vt 0.171296 0.000000
vt 0.175926 1.000000
vt 0.175926 0.000000
vt 0.180556 1.000000
vt 0.180556 0.000000
vt 0.185185 1.000000
vt 0.185185 0.000000
vt 0.189815 1.000000
vt 0.189815 0.000000
vt 0.194444 1.000000
vt 0.194444 0.000000
vt 0.199074 1.000000
vt 0.199074 0.000000
vt 0.203704 1.000000
vt 0.203704 0.000000
vt 0.212963 1.000000
vt 0.212963 0.000000
vt 0.217593 1.000000
vt 0.217593 0.000000
vt 0.222222 1.000000
vt 0.222222 0.000000
vt 0.226852 1.000000
vt 0.226852 0.000000
vt 0.231481 1.000000
vt 0.231481 0.000000
vt 0.236111 1.000000
vt 0.236111 0.000000
vt 0.240741 1.000000
vt 0.240741 0.000000
vt 0.245370 1.000000
vt 0.245370 0.000000
vt 0.254630 1.000000
vt 0.254630 0.000000
vt 0.259259 1.000000
vt 0.259259 0.000000
vt 0.263889 1.000000
vt 0.263889 0.000000
vt 0.268519 1.000000
vt 0.268519 0.000000
vt 0.273148 1.000000
vt 0.273148 0.000000
vt 0.277778 1.000000
vt 0.277778 0.000000
vt 0.282407 1.000000
vt 0.282407 0.000000
vt 0.287037 1.000000
vt 0.287037 0.000000
vt 0.296296 1.000000
vt 0.296296 0.000000
vt 0.300926 1.000000
vt 0.300926 0.000000
vt 0.305556 1.000000
vt 0.305556 0.000000
vt 0.310185 1.000000
vt 0.310185 0.000000
vt 0.314815 1.000000
vt 0.314815 0.000000
vt 0.319444 1.000000
vt 0.319444 0.000000
vt 0.324074 1.000000
vt 0.324074 0.000000
vt 0.328704 1.000000
vt 0.328704 0.000000
vt 0.337963 1.000000
vt 0.337963 0.000000
vt 0.342593 1.000000
vt 0.342593 0.000000
vt 0.347222 1.000000
vt 0.347222 0.000000
vt 0.351852 1.000000
vt 0.351852 0.000000
vt 0.356481 1.000000
vt 0.356481 0.000000
vt 0.361111 1.000000
vt 0.361111 0.000000
vt 0.365741 1.000000
vt 0.365741 0.000000
vt 0.370370 1.000000
vt 0.370370 0.000000
vt 0.379630 1.000000
vt 0.379630 0.000000
vt 0.384259 1.000000
vt 0.384259 0.000000
vt 0.388889 1.000000
vt 0.388889 0.000000
vt 0.393519 1.000000
vt 0.393519 0.000000
vt 0.398148 1.000000
vt 0.398148 0.000000
vt 0.402778 1.000000
vt 0.402778 0.000000
vt 0.407407 1.000000
vt 0.407407 0.000000
vt 0.412037 1.000000
vt 0.412037 0.000000
vt 0.421296 1.000000
vt 0.421296 0.000000
vt 0.425926 1.000000
vt 0.425926 0.000000
vt 0.430556 1.000000
vt 0.430556 0.000000
vt 0.435185 1.000000
vt 0.435185 0.000000
vt 0.439815 1.000000
vt 0.439815 0.000000
vt 0.444444 1.000000
vt 0.444444 0.000000
vt 0.449074 1.000000
vt 0.449074 0.000000
vt 0.453704 1.000000
vt 0.453704 0.000000
vt 0.462963 1.000000
vt 0.462963 0.000000
vt 0.467593 1.000000
vt 0.467593 0.000000
vt 0.472222 1.000000
vt 0.472222 0.000000
vt 0.476852 1.000000
vt 0.476852 0.000000
vt 0.481481 1.000000
vt 0.481481 0.000000
vt 0.486111 1.000000
vt 0.486111 0.000000
vt 0.490741 1.000000
vt 0.490741 0.000000
vt 0.495370 1.000000
vt 0.495370 0.000000
vt 0.504630 1.000000
vt 0.504630 0.000000
vt 0.509259 1.000000
vt 0.509259 0.000000
vt 0.513889 1.000000
vt 0.513889 0.000000
vt 0.518519 1.000000
vt 0.518519 0.000000
vt 0.523148 1.000000
vt 0.523148 0.000000
vt 0.527778 1.000000
vt 0.527778 0.000000
vt 0.532407 1.000000
vt 0.532407 0.000000
vt 0.537037 1.000000
vt 0.537037 0.000000
vt 0.546296 1.000000
vt 0.546296 0.000000
vt 0.550926 1.000000
vt 0.550926 0.000000
vt 0.555556 1.000000
vt 0.555556 0.000000
vt 0.560185 1.000000
vt 0.560185 0.000000
vt 0.564815 1.000000
vt 0.564815 0.000000
vt 0.569444 1.000000
vt 0.569444 0.000000
vt 0.574074 1.000000
vt 0.574074 0.000000
vt 0.578704 1.000000
vt 0.578704 0.000000
vt 0.587963 1.000000
vt 0.587963 0.000000
vt 0.592593 1.000000
vt 0.592593 0.000000
vt 0.597222 1.000000
vt 0.597222 0.000000
vt 0.601852 1.000000
vt 0.601852 0.000000
vt 0.606481 1.000000
vt 0.606481 0.000000
vt 0.611111 1.000000
vt 0.611111 0.000000
vt 0.615741 1.000000
vt 0.615741 0.000000
vt 0.620370 1.000000
vt 0.620370 0.000000
vt 0.629630 1.000000
vt 0.629630 0.000000
vt 0.634259 1.000000
vt 0.634259 0.000000
vt 0.638889 1.000000
vt 0.638889 0.000000
vt 0.643519 1.000000
vt 0.643519 0.000000
vt 0.648148 1.000000
vt 0.648148 0.000000
vt 0.652778 1.000000
vt 0.652778 0.000000
vt 0.657407 1.000000
vt 0.657407 0.000000
vt 0.662037 1.000000
vt 0.662037 0.000000
vt 0.671296 1.000000
vt 0.671296 0.000000
vt 0.675926 1.000000
vt 0.675926 0.000000
vt 0.680556 1.000000
vt 0.680556 0.000000
vt 0.685185 1.000000
vt 0.685185 0.000000
vt 0.689815 1.000000
vt 0.689815 0.000000
vt 0.694444 1.000000
vt 0.694444 0.000000
vt 0.699074 1.000000
vt 0.699074 0.000000
vt 0.703704 1.000000
vt 0.703704 0.000000
vt 0.712963 1.000000
vt 0.712963 0.000000
vt 0.717593 1.000000
vt 0.717593 0.000000
vt 0.722222 1.000000
vt 0.722222 0.000000
vt 0.726852 1.000000
vt 0.726852 0.000000
vt 0.731481 1.000000
vt 0.731481 0.000000
vt 0.736111 1.000000
vt 0.736111 0.000000
vt 0.740741 1.000000
vt 0.740741 0.000000
vt 0.745370 1.000000
vt 0.745370 0.000000
vt 0.754630 1.000000
vt 0.754630 0.000000
vt 0.759259 1.000000
vt 0.759259 0.000000
vt 0.763889 1.000000
vt 0.763889 0.000000
vt 0.768519 1.000000
vt 0.768519 0.000000
vt 0.773148 1.000000
vt 0.773148 0.000000
vt 0.777778 1.000000
vt 0.777778 0.000000
vt 0.782407 1.000000
vt 0.782407 0.000000
vt 0.787037 1.000000
vt 0.787037 0.000000
vt 0.796296 1.000000
vt 0.796296 0.000000
vt 0.800926 1.000000
vt 0.800926 0.000000
vt 0.805556 1.000000
vt 0.805556 0.000000
vt 0.810185 1.000000
vt 0.810185 0.000000
vt 0.814815 1.000000
vt 0.814815 0.000000
vt 0.819444 1.000000
vt 0.819444 0.000000
vt 0.824074 1.000000
vt 0.824074 0.000000
vt 0.828704 1.000000
vt 0.828704 0.000000
vt 0.837963 1.000000
vt 0.837963 0.000000
vt 0.842593 1.000000
vt 0.842593 0.000000
vt 0.847222 1.000000
vt 0.847222 0.000000
vt 0.851852 1.000000
vt 0.851852 0.000000
vt 0.856481 1.000000
vt 0.856481 0.000000
vt 0.861111 1.000000
vt 0.861111 0.000000
vt 0.865741 1.000000
vt 0.865741 0.000000
vt 0.870370 1.000000
vt 0.870370 0.000000
vt 0.879630 1.000000
vt 0.879630 0.000000
vt 0.884259 1.000000
vt 0.884259 0.000000
vt 0.888889 1.000000
vt 0.888889 0.000000
vt 0.893519 1.000000
vt 0.893519 0.000000
vt 0.898148 1.000000
vt 0.898148 0.000000
vt 0.902778 1.000000
vt 0.902778 0.000000
vt 0.907407 1.000000
vt 0.907407 0.000000
vt 0.912037 1.000000
vt 0.912037 0.000000
vt 0.921296 1.000000
vt 0.921296 0.000000
vt 0.925926 1.000000
vt 0.925926 0.000000
vt 0.930556 1.000000
vt 0.930556 0.000000
vt 0.935185 1.000000
vt 0.935185 0.000000
vt 0.939815 1.000000
vt 0.939815 0.000000
vt 0.944444 1.000000
vt 0.944444 0.000000
vt 0.949074 1.000000
vt 0.949074 0.000000
vt 0.953704 1.000000
vt 0.953704 0.000000
vt 0.962963 1.000000
vt 0.962963 0.000000
vt 0.967593 1.000000
vt 0.967593 0.000000
vt 0.972222 1.000000
vt 0.972222 0.000000
vt 0.976852 1.000000
vt 0.976852 0.000000
vt 0.981481 1.000000
vt 0.981481 0.000000
vt 0.986111 1.000000
vt 0.986111 0.000000
vt 0.990741 1.000000
vt 0.990741 0.000000
vt 0.995370 1.000000
vt 0.995370 0.000000
s 0
usemtl SVGMat.001
f 71/1/1 73/2/1 72/3/1
f 71/1/1 74/4/1 73/2/1
f 70/5/1 74/4/1 71/1/1
f 70/5/1 75/6/1 74/4/1
f 69/7/1 75/6/1 70/5/1
f 69/7/1 76/8/1 75/6/1
f 68/9/1 76/8/1 69/7/1
f 68/9/1 77/10/1 76/8/1
f 67/11/1 77/10/1 68/9/1
f 67/11/1 78/12/1 77/10/1
f 66/13/1 78/12/1 67/11/1
f 66/13/1 79/14/1 78/12/1
f 65/15/1 79/14/1 66/13/1
f 65/15/1 80/16/1 79/14/1
f 64/17/1 80/16/1 65/15/1
f 64/17/1 81/18/1 80/16/1
f 63/19/1 81/18/1 64/17/1
f 63/19/1 82/20/1 81/18/1
f 62/21/1 82/20/1 63/19/1
f 62/21/1 83/22/1 82/20/1
f 61/23/1 83/22/1 62/21/1
f 61/23/1 84/24/1 83/22/1
f 60/25/1 84/24/1 61/23/1
f 60/25/1 85/26/1 84/24/1
f 59/27/1 85/26/1 60/25/1
f 59/27/1 1/28/1 85/26/1
f 58/29/1 194/30/1 59/27/1
f 194/30/1 193/31/1 59/27/1
f 193/31/1 1/28/1 59/27/1
f 193/31/1 2/32/1 1/28/1
f 192/33/1 2/32/1 193/31/1
f 58/29/1 195/34/1 194/30/1
f 191/35/1 2/32/1 192/33/1
f 58/29/1 196/36/1 195/34/1
f 190/37/1 2/32/1 191/35/1
f 58/29/1 197/38/1 196/36/1
f 189/39/1 2/32/1 190/37/1
f 58/29/1 198/40/1 197/38/1
f 188/41/1 2/32/1 189/39/1
f 58/29/1 199/42/1 198/40/1
f 187/43/1 2/32/1 188/41/1
f 58/29/1 200/44/1 199/42/1
f 186/45/1 2/32/1 187/43/1
f 57/46/1 200/44/1 58/29/1
f 186/45/1 3/47/1 2/32/1
f 57/46/1 201/48/1 200/44/1
f 185/49/1 3/47/1 186/45/1
f 57/46/1 202/50/1 201/48/1
f 184/51/1 3/47/1 185/49/1
f 57/46/1 203/52/1 202/50/1
f 183/53/1 3/47/1 184/51/1
f 57/46/1 204/54/1 203/52/1
f 182/55/1 3/47/1 183/53/1
f 57/46/1 205/56/1 204/54/1
f 229/57/1 3/47/1 182/55/1
f 57/46/1 206/58/1 205/56/1
f 228/59/1 3/47/1 229/57/1
f 56/60/1 206/58/1 57/46/1
f 228/59/1 4/61/1 3/47/1
f 56/60/1 207/62/1 206/58/1
f 227/63/1 4/61/1 228/59/1
f 56/60/1 208/64/1 207/62/1
f 226/65/1 4/61/1 227/63/1
f 56/60/1 209/66/1 208/64/1
f 225/67/1 4/61/1 226/65/1
f 56/60/1 210/68/1 209/66/1
f 224/69/1 4/61/1 225/67/1
f 56/60/1 211/70/1 210/68/1
f 223/71/1 4/61/1 224/69/1
f 56/60/1 212/72/1 211/70/1
f 222/73/1 4/61/1 223/71/1
f 56/60/1 213/74/1 212/72/1
f 221/75/1 4/61/1 222/73/1
f 55/76/1 213/74/1 56/60/1
f 221/75/1 240/77/1 4/61/1
f 240/77/1 5/78/1 4/61/1
f 55/76/1 214/79/1 213/74/1
f 220/80/1 240/77/1 221/75/1
f 55/76/1 215/81/1 214/79/1
f 219/82/1 240/77/1 220/80/1
f 55/76/1 216/83/1 215/81/1
f 218/84/1 241/85/1 219/82/1
f 241/85/1 240/77/1 219/82/1
f 55/76/1 217/86/1 216/83/1
f 217/86/1 241/85/1 218/84/1
f 55/76/1 110/87/1 217/86/1
f 110/87/1 109/88/1 217/86/1
f 109/88/1 241/85/1 217/86/1
f 109/88/1 242/89/1 241/85/1
f 109/88/1 243/90/1 242/89/1
f 109/88/1 244/91/1 243/90/1
f 239/92/1 5/78/1 240/77/1
f 109/88/1 108/93/1 244/91/1
f 108/93/1 107/94/1 244/91/1
f 107/94/1 106/95/1 244/91/1
f 106/95/1 105/96/1 244/91/1
f 105/96/1 104/97/1 244/91/1
f 104/97/1 103/98/1 244/91/1
f 103/98/1 102/99/1 244/91/1
f 102/99/1 101/100/1 244/91/1
f 101/100/1 100/101/1 244/91/1
f 100/101/1 99/102/1 244/91/1
f 99/102/1 98/103/1 244/91/1
f 98/103/1 97/104/1 244/91/1
f 97/104/1 289/105/1 244/91/1
f 289/105/1 288/106/1 244/91/1
f 288/106/1 286/107/1 244/91/1
f 286/107/1 285/108/1 244/91/1
f 285/108/1 284/109/1 244/91/1
f 284/109/1 281/110/1 244/91/1
f 281/110/1 280/111/1 244/91/1
f 280/111/1 279/112/1 244/91/1
f 279/112/1 277/113/1 244/91/1
f 277/113/1 245/114/1 244/91/1
f 96/115/1 289/105/1 97/104/1
f 96/115/1 290/116/1 289/105/1
f 287/117/1 286/107/1 288/106/1
f 283/118/1 281/110/1 284/109/1
f 282/119/1 281/110/1 283/118/1
f 278/120/1 277/113/1 279/112/1
f 276/121/1 245/114/1 277/113/1
f 96/115/1 291/122/1 290/116/1
f 275/123/1 245/114/1 276/121/1
f 55/76/1 111/124/1 110/87/1
f 95/125/1 291/122/1 96/115/1
f 95/125/1 292/126/1 291/122/1
f 274/127/1 245/114/1 275/123/1
f 55/76/1 112/128/1 111/124/1
f 94/129/1 292/126/1 95/125/1
f 274/127/1 246/130/1 245/114/1
f 94/129/1 293/131/1 292/126/1
f 273/132/1 246/130/1 274/127/1
f 55/76/1 113/133/1 112/128/1
f 93/134/1 293/131/1 94/129/1
f 93/134/1 294/135/1 293/131/1
f 272/136/1 246/130/1 273/132/1
f 55/76/1 114/137/1 113/133/1
f 92/138/1 294/135/1 93/134/1
f 92/138/1 295/139/1 294/135/1
f 271/140/1 246/130/1 272/136/1
f 55/76/1 115/141/1 114/137/1
f 91/142/1 295/139/1 92/138/1
f 238/143/1 5/78/1 239/92/1
f 271/140/1 247/144/1 246/130/1
f 91/142/1 296/145/1 295/139/1
f 270/146/1 247/144/1 271/140/1
f 55/76/1 116/147/1 115/141/1
f 90/148/1 296/145/1 91/142/1
f 90/148/1 297/149/1 296/145/1
f 269/150/1 247/144/1 270/146/1
f 55/76/1 117/151/1 116/147/1
f 89/152/1 297/149/1 90/148/1
f 89/152/1 298/153/1 297/149/1
f 268/154/1 247/144/1 269/150/1
f 55/76/1 118/155/1 117/151/1
f 88/156/1 298/153/1 89/152/1
f 268/154/1 248/157/1 247/144/1
f 88/156/1 299/158/1 298/153/1
f 267/159/1 248/157/1 268/154/1
f 55/76/1 119/160/1 118/155/1
f 87/161/1 299/158/1 88/156/1
f 87/161/1 300/162/1 299/158/1
f 266/163/1 248/157/1 267/159/1
f 55/76/1 120/164/1 119/160/1
f 86/165/1 300/162/1 87/161/1
f 266/163/1 249/166/1 248/157/1
f 86/165/1 301/167/1 300/162/1
f 265/168/1 249/166/1 266/163/1
f 237/169/1 5/78/1 238/143/1
f 55/76/1 121/170/1 120/164/1
f 181/171/1 301/167/1 86/165/1
f 181/171/1 302/172/1 301/167/1
f 264/173/1 249/166/1 265/168/1
f 263/174/1 249/166/1 264/173/1
f 55/76/1 122/175/1 121/170/1
f 180/176/1 302/172/1 181/171/1
f 262/177/1 249/166/1 263/174/1
f 262/177/1 250/178/1 249/166/1
f 261/179/1 250/178/1 262/177/1
f 54/180/1 122/175/1 55/76/1
f 237/169/1 6/181/1 5/78/1
f 180/176/1 303/182/1 302/172/1
f 260/183/1 250/178/1 261/179/1
f 54/180/1 123/184/1 122/175/1
f 179/185/1 303/182/1 180/176/1
f 260/183/1 251/186/1 250/178/1
f 259/187/1 251/186/1 260/183/1
f 236/188/1 6/181/1 237/169/1
f 258/189/1 251/186/1 259/187/1
f 258/189/1 252/190/1 251/186/1
f 257/191/1 252/190/1 258/189/1
f 256/192/1 252/190/1 257/191/1
f 256/192/1 255/193/1 252/190/1
f 255/193/1 254/194/1 252/190/1
f 254/194/1 253/195/1 252/190/1
f 179/185/1 304/196/1 303/182/1
f 54/180/1 124/197/1 123/184/1
f 178/198/1 304/196/1 179/185/1
f 235/199/1 6/181/1 236/188/1
f 234/200/1 6/181/1 235/199/1
f 178/198/1 305/201/1 304/196/1
f 54/180/1 125/202/1 124/197/1
f 177/203/1 305/201/1 178/198/1
f 233/204/1 6/181/1 234/200/1
f 233/204/1 7/205/1 6/181/1
f 53/206/1 125/202/1 54/180/1
f 372/207/1 374/208/1 373/209/1
f 371/210/1 374/208/1 372/207/1
f 371/210/1 375/211/1 374/208/1
f 370/212/1 375/211/1 371/210/1
f 370/212/1 376/213/1 375/211/1
f 369/214/1 376/213/1 370/212/1
f 177/203/1 306/215/1 305/201/1
f 53/206/1 126/216/1 125/202/1
f 176/217/1 306/215/1 177/203/1
f 369/214/1 377/218/1 376/213/1
f 232/219/1 7/205/1 233/204/1
f 368/220/1 377/218/1 369/214/1
f 368/220/1 378/221/1 377/218/1
f 367/222/1 378/221/1 368/220/1
f 366/223/1 378/221/1 367/222/1
f 366/223/1 379/224/1 378/221/1
f 231/225/1 7/205/1 232/219/1
f 365/226/1 379/224/1 366/223/1
f 365/226/1 380/227/1 379/224/1
f 364/228/1 380/227/1 365/226/1
f 176/217/1 307/229/1 306/215/1
f 53/206/1 127/230/1 126/216/1
f 175/231/1 307/229/1 176/217/1
f 364/228/1 381/232/1 380/227/1
f 363/233/1 381/232/1 364/228/1
f 230/234/1 7/205/1 231/225/1
f 362/235/1 381/232/1 363/233/1
f 362/235/1 382/236/1 381/232/1
f 230/234/1 8/237/1 7/205/1
f 52/238/1 127/230/1 53/206/1
f 361/239/1 382/236/1 362/235/1
f 361/239/1 383/240/1 382/236/1
f 360/241/1 383/240/1 361/239/1
f 445/242/1 8/237/1 230/234/1
f 359/243/1 383/240/1 360/241/1
f 359/243/1 384/244/1 383/240/1
f 52/238/1 128/245/1 127/230/1
f 174/246/1 307/229/1 175/231/1
f 174/246/1 308/247/1 307/229/1
f 358/248/1 384/244/1 359/243/1
f 358/248/1 385/249/1 384/244/1
f 444/250/1 8/237/1 445/242/1
f 443/251/1 8/237/1 444/250/1
f 358/248/1 386/252/1 385/249/1
f 358/248/1 387/253/1 386/252/1
f 357/254/1 387/253/1 358/248/1
f 442/255/1 8/237/1 443/251/1
f 357/254/1 388/256/1 387/253/1
f 441/257/1 8/237/1 442/255/1
f 356/258/1 388/256/1 357/254/1
f 356/258/1 389/259/1 388/256/1
f 52/238/1 129/260/1 128/245/1
f 173/261/1 308/247/1 174/246/1
f 173/261/1 309/262/1 308/247/1
f 440/263/1 8/237/1 441/257/1
f 440/263/1 9/264/1 8/237/1
f 51/265/1 129/260/1 52/238/1
f 356/258/1 390/266/1 389/259/1
f 355/267/1 390/266/1 356/258/1
f 439/268/1 9/264/1 440/263/1
f 355/267/1 391/269/1 390/266/1
f 354/270/1 391/269/1 355/267/1
f 51/265/1 130/271/1 129/260/1
f 172/272/1 309/262/1 173/261/1
f 172/272/1 310/273/1 309/262/1
f 438/274/1 9/264/1 439/268/1
f 354/270/1 392/275/1 391/269/1
f 353/276/1 392/275/1 354/270/1
f 437/277/1 9/264/1 438/274/1
f 437/277/1 10/278/1 9/264/1
f 50/279/1 130/271/1 51/265/1
f 353/276/1 393/280/1 392/275/1
f 50/279/1 131/281/1 130/271/1
f 171/282/1 310/273/1 172/272/1
f 171/282/1 311/283/1 310/273/1
f 352/284/1 393/280/1 353/276/1
f 436/285/1 10/278/1 437/277/1
f 352/284/1 394/286/1 393/280/1
f 351/287/1 394/286/1 352/284/1
f 170/288/1 311/283/1 171/282/1
f 50/279/1 132/289/1 131/281/1
f 435/290/1 10/278/1 436/285/1
f 170/288/1 312/291/1 311/283/1
f 351/287/1 395/292/1 394/286/1
f 350/293/1 395/292/1 351/287/1
f 434/294/1 10/278/1 435/290/1
f 434/294/1 11/295/1 10/278/1
f 49/296/1 132/289/1 50/279/1
f 350/293/1 396/297/1 395/292/1
f 169/298/1 312/291/1 170/288/1
f 49/296/1 133/299/1 132/289/1
f 169/298/1 313/300/1 312/291/1
f 349/301/1 396/297/1 350/293/1
f 433/302/1 11/295/1 434/294/1
f 349/301/1 397/303/1 396/297/1
f 49/296/1 134/304/1 133/299/1
f 168/305/1 313/300/1 169/298/1
f 168/305/1 314/306/1 313/300/1
f 348/307/1 397/303/1 349/301/1
f 348/307/1 398/308/1 397/303/1
f 432/309/1 11/295/1 433/302/1
f 49/296/1 135/310/1 134/304/1
f 167/311/1 314/306/1 168/305/1
f 347/312/1 398/308/1 348/307/1
f 431/313/1 11/295/1 432/309/1
f 167/311/1 315/314/1 314/306/1
f 347/312/1 399/315/1 398/308/1
f 49/296/1 136/316/1 135/310/1
f 166/317/1 315/314/1 167/311/1
f 346/318/1 399/315/1 347/312/1
f 430/319/1 11/295/1 431/313/1
f 166/317/1 316/320/1 315/314/1
f 346/318/1 400/321/1 399/315/1
f 49/296/1 137/322/1 136/316/1
f 165/323/1 316/320/1 166/317/1
f 345/324/1 400/321/1 346/318/1
f 429/325/1 11/295/1 430/319/1
f 165/323/1 317/326/1 316/320/1
f 345/324/1 401/327/1 400/321/1
f 49/296/1 138/328/1 137/322/1
f 164/329/1 317/326/1 165/323/1
f 344/330/1 401/327/1 345/324/1
f 428/331/1 11/295/1 429/325/1
f 164/329/1 318/332/1 317/326/1
f 344/330/1 402/333/1 401/327/1
f 49/296/1 139/334/1 138/328/1
f 163/335/1 318/332/1 164/329/1
f 343/336/1 402/333/1 344/330/1
f 427/337/1 11/295/1 428/331/1
f 163/335/1 319/338/1 318/332/1
f 343/336/1 403/339/1 402/333/1
f 49/296/1 140/340/1 139/334/1
f 162/341/1 319/338/1 163/335/1
f 342/342/1 403/339/1 343/336/1
f 426/343/1 11/295/1 427/337/1
f 162/341/1 320/344/1 319/338/1
f 342/342/1 404/345/1 403/339/1
f 49/296/1 141/346/1 140/340/1
f 161/347/1 320/344/1 162/341/1
f 341/348/1 404/345/1 342/342/1
f 425/349/1 11/295/1 426/343/1
f 161/347/1 321/350/1 320/344/1
f 341/348/1 405/351/1 404/345/1
f 160/352/1 321/350/1 161/347/1
f 49/296/1 142/353/1 141/346/1
f 340/354/1 405/351/1 341/348/1
f 424/355/1 11/295/1 425/349/1
f 160/352/1 322/356/1 321/350/1
f 340/354/1 406/357/1 405/351/1
f 159/358/1 322/356/1 160/352/1
f 49/296/1 143/359/1 142/353/1
f 339/360/1 406/357/1 340/354/1
f 423/361/1 11/295/1 424/355/1
f 159/358/1 323/362/1 322/356/1
f 339/360/1 407/363/1 406/357/1
f 158/364/1 323/362/1 159/358/1
f 49/296/1 144/365/1 143/359/1
f 338/366/1 407/363/1 339/360/1
f 422/367/1 11/295/1 423/361/1
f 158/364/1 324/368/1 323/362/1
f 338/366/1 408/369/1 407/363/1
f 157/370/1 324/368/1 158/364/1
f 49/296/1 145/371/1 144/365/1
f 337/372/1 408/369/1 338/366/1
f 421/373/1 11/295/1 422/367/1
f 157/370/1 325/374/1 324/368/1
f 337/372/1 409/375/1 408/369/1
f 49/296/1 146/376/1 145/371/1
f 49/296/1 147/377/1 146/376/1
f 49/296/1 148/378/1 147/377/1
f 49/296/1 149/379/1 148/378/1
f 49/296/1 150/380/1 149/379/1
f 49/296/1 151/381/1 150/380/1
f 49/296/1 152/382/1 151/381/1
f 49/296/1 153/383/1 152/382/1
f 49/296/1 154/384/1 153/383/1
f 49/296/1 155/385/1 154/384/1
f 49/296/1 156/386/1 155/385/1
f 49/296/1 157/370/1 156/386/1
f 49/296/1 325/374/1 157/370/1
f 49/296/1 326/387/1 325/374/1
f 49/296/1 327/388/1 326/387/1
f 49/296/1 328/389/1 327/388/1
f 49/296/1 329/390/1 328/389/1
f 49/296/1 330/391/1 329/390/1
f 49/296/1 331/392/1 330/391/1
f 49/296/1 332/393/1 331/392/1
f 49/296/1 333/394/1 332/393/1
f 49/296/1 334/395/1 333/394/1
f 49/296/1 335/396/1 334/395/1
f 49/296/1 336/397/1 335/396/1
f 49/296/1 337/372/1 336/397/1
f 49/296/1 409/375/1 337/372/1
f 49/296/1 410/398/1 409/375/1
f 49/296/1 411/399/1 410/398/1
f 49/296/1 412/400/1 411/399/1
f 49/296/1 413/401/1 412/400/1
f 49/296/1 414/402/1 413/401/1
f 49/296/1 415/403/1 414/402/1
f 49/296/1 416/404/1 415/403/1
f 49/296/1 417/405/1 416/404/1
f 49/296/1 418/406/1 417/405/1
f 49/296/1 419/407/1 418/406/1
f 49/296/1 420/408/1 419/407/1
f 49/296/1 421/373/1 420/408/1
f 49/296/1 11/295/1 421/373/1
f 49/296/1 12/409/1 11/295/1
f 48/410/1 12/409/1 49/296/1
f 47/411/1 12/409/1 48/410/1
f 47/411/1 13/412/1 12/409/1
f 46/413/1 13/412/1 47/411/1
f 46/413/1 14/414/1 13/412/1
f 46/413/1 15/415/1 14/414/1
f 45/416/1 15/415/1 46/413/1
f 45/416/1 16/417/1 15/415/1
f 44/418/1 16/417/1 45/416/1
f 44/418/1 17/419/1 16/417/1
f 43/420/1 17/419/1 44/418/1
f 43/420/1 18/421/1 17/419/1
f 42/422/1 18/421/1 43/420/1
f 42/422/1 19/423/1 18/421/1
f 41/424/1 19/423/1 42/422/1
f 41/424/1 20/425/1 19/423/1
f 40/426/1 20/425/1 41/424/1
f 40/426/1 21/427/1 20/425/1
f 39/428/1 21/427/1 40/426/1
f 39/428/1 22/429/1 21/427/1
f 38/430/1 22/429/1 39/428/1
f 38/430/1 23/431/1 22/429/1
f 37/432/1 23/431/1 38/430/1
f 37/432/1 24/433/1 23/431/1
f 36/434/1 24/433/1 37/432/1
f 35/435/2 24/433/2 36/434/2
f 34/436/1 24/433/1 35/435/1
f 33/437/1 24/433/1 34/436/1
f 32/438/1 24/433/1 33/437/1
f 31/439/1 24/433/1 32/438/1
f 30/440/1 24/433/1 31/439/1
f 29/441/1 24/433/1 30/440/1
f 28/442/1 24/433/1 29/441/1
f 27/443/1 24/433/1 28/442/1
f 26/444/1 24/433/1 27/443/1
f 25/445/1 24/433/1 26/444/1
f 516/1/2 517/3/2 518/2/2
f 516/1/2 518/2/2 519/4/2
f 515/5/2 516/1/2 519/4/2
f 515/5/2 519/4/2 520/6/2
f 514/7/2 515/5/2 520/6/2
f 514/7/2 520/6/2 521/8/2
f 513/9/2 514/7/2 521/8/2
f 513/9/2 521/8/2 522/10/2
f 512/11/2 513/9/2 522/10/2
f 512/11/2 522/10/2 523/12/2
f 511/13/2 512/11/2 523/12/2
f 511/13/2 523/12/2 524/14/2
f 510/15/2 511/13/2 524/14/2
f 510/15/2 524/14/2 525/16/2
f 509/17/2 510/15/2 525/16/2
f 509/17/2 525/16/2 526/18/2
f 508/19/2 509/17/2 526/18/2
f 508/19/2 526/18/2 527/20/2
f 507/21/2 508/19/2 527/20/2
f 507/21/2 527/20/2 528/22/2
f 506/23/2 507/21/2 528/22/2
f 506/23/2 528/22/2 529/24/2
f 505/25/2 506/23/2 529/24/2
f 505/25/2 529/24/2 530/26/2
f 504/27/2 505/25/2 530/26/2
f 504/27/2 530/26/2 446/28/2
f 503/29/2 504/27/2 639/30/2
f 639/30/2 504/27/2 638/31/2
f 638/31/2 504/27/2 446/28/2
f 638/31/2 446/28/2 447/32/2
f 637/33/2 638/31/2 447/32/2
f 503/29/2 639/30/2 640/34/2
f 636/35/2 637/33/2 447/32/2
f 503/29/2 640/34/2 641/36/2
f 635/37/2 636/35/2 447/32/2
f 503/29/2 641/36/2 642/38/2
f 634/39/2 635/37/2 447/32/2
f 503/29/2 642/38/2 643/40/2
f 633/41/2 634/39/2 447/32/2
f 503/29/2 643/40/2 644/42/2
f 632/43/2 633/41/2 447/32/2
f 503/29/2 644/42/2 645/44/2
f 631/45/2 632/43/2 447/32/2
f 502/46/2 503/29/2 645/44/2
f 631/45/2 447/32/2 448/47/2
f 502/46/2 645/44/2 646/48/2
f 630/49/2 631/45/2 448/47/2
f 502/46/2 646/48/2 647/50/2
f 629/51/2 630/49/2 448/47/2
f 502/46/2 647/50/2 648/52/2
f 628/53/2 629/51/2 448/47/2
f 502/46/2 648/52/2 649/54/2
f 627/55/2 628/53/2 448/47/2
f 502/46/2 649/54/2 650/56/2
f 674/57/2 627/55/2 448/47/2
f 502/46/2 650/56/2 651/58/2
f 673/59/2 674/57/2 448/47/2
f 501/60/2 502/46/2 651/58/2
f 673/59/2 448/47/2 449/61/2
f 501/60/2 651/58/2 652/62/2
f 672/63/2 673/59/2 449/61/2
f 501/60/2 652/62/2 653/64/2
f 671/65/2 672/63/2 449/61/2
f 501/60/2 653/64/2 654/66/2
f 670/67/2 671/65/2 449/61/2
f 501/60/2 654/66/2 655/68/2
f 669/69/2 670/67/2 449/61/2
f 501/60/2 655/68/2 656/70/2
f 668/71/2 669/69/2 449/61/2
f 501/60/2 656/70/2 657/72/2
f 667/73/2 668/71/2 449/61/2
f 501/60/2 657/72/2 658/74/2
f 666/75/2 667/73/2 449/61/2
f 500/76/2 501/60/2 658/74/2
f 666/75/2 449/61/2 685/77/2
f 685/77/2 449/61/2 450/78/2
f 500/76/2 658/74/2 659/79/2
f 665/80/2 666/75/2 685/77/2
f 500/76/2 659/79/2 660/81/2
f 664/82/2 665/80/2 685/77/2
f 500/76/2 660/81/2 661/83/2
f 663/84/2 664/82/2 686/85/2
f 686/85/2 664/82/2 685/77/2
f 500/76/2 661/83/2 662/86/2
f 662/86/2 663/84/2 686/85/2
f 500/76/2 662/86/2 555/87/2
f 555/87/2 662/86/2 554/88/2
f 554/88/2 662/86/2 686/85/2
f 554/88/2 686/85/2 687/89/2
f 554/88/2 687/89/2 688/90/2
f 554/88/2 688/90/2 689/91/2
f 684/92/2 685/77/2 450/78/2
f 554/88/2 689/91/2 553/93/2
f 553/93/2 689/91/2 552/94/2
f 552/94/2 689/91/2 551/95/2
f 551/95/2 689/91/2 550/96/2
f 550/96/2 689/91/2 549/97/2
f 549/97/2 689/91/2 548/98/2
f 548/98/2 689/91/2 547/99/2
f 547/99/2 689/91/2 546/100/2
f 546/100/2 689/91/2 545/101/2
f 545/101/2 689/91/2 544/102/2
f 544/102/2 689/91/2 543/103/2
f 543/103/2 689/91/2 542/104/2
f 542/104/2 689/91/2 734/105/2
f 734/105/2 689/91/2 733/106/2
f 733/106/2 689/91/2 731/107/2
f 731/107/2 689/91/2 730/108/2
f 730/108/2 689/91/2 729/109/2
f 729/109/2 689/91/2 726/110/2
f 726/110/2 689/91/2 725/111/2
f 725/111/2 689/91/2 724/112/2
f 724/112/2 689/91/2 722/113/2
f 722/113/2 689/91/2 690/114/2
f 541/115/2 542/104/2 734/105/2
f 541/115/2 734/105/2 735/116/2
f 732/117/1 733/106/1 731/107/1
f 728/118/1 729/109/1 726/110/1
f 727/119/1 728/118/1 726/110/1
f 723/120/1 724/112/1 722/113/1
f 721/121/2 722/113/2 690/114/2
f 541/115/2 735/116/2 736/122/2
f 720/123/2 721/121/2 690/114/2
f 500/76/2 555/87/2 556/124/2
f 540/125/2 541/115/2 736/122/2
f 540/125/2 736/122/2 737/126/2
f 719/127/2 720/123/2 690/114/2
f 500/76/2 556/124/2 557/128/2
f 539/129/2 540/125/2 737/126/2
f 719/127/2 690/114/2 691/130/2
f 539/129/2 737/126/2 738/131/2
f 718/132/2 719/127/2 691/130/2
f 500/76/2 557/128/2 558/133/2
f 538/134/2 539/129/2 738/131/2
f 538/134/2 738/131/2 739/135/2
f 717/136/2 718/132/2 691/130/2
f 500/76/2 558/133/2 559/137/2
f 537/138/2 538/134/2 739/135/2
f 537/138/2 739/135/2 740/139/2
f 716/140/2 717/136/2 691/130/2
f 500/76/2 559/137/2 560/141/2
f 536/142/2 537/138/2 740/139/2
f 683/143/2 684/92/2 450/78/2
f 716/140/2 691/130/2 692/144/2
f 536/142/2 740/139/2 741/145/2
f 715/146/2 716/140/2 692/144/2
f 500/76/2 560/141/2 561/147/2
f 535/148/2 536/142/2 741/145/2
f 535/148/2 741/145/2 742/149/2
f 714/150/2 715/146/2 692/144/2
f 500/76/2 561/147/2 562/151/2
f 534/152/2 535/148/2 742/149/2
f 534/152/2 742/149/2 743/153/2
f 713/154/2 714/150/2 692/144/2
f 500/76/2 562/151/2 563/155/2
f 533/156/2 534/152/2 743/153/2
f 713/154/2 692/144/2 693/157/2
f 533/156/2 743/153/2 744/158/2
f 712/159/2 713/154/2 693/157/2
f 500/76/2 563/155/2 564/160/2
f 532/161/2 533/156/2 744/158/2
f 532/161/2 744/158/2 745/162/2
f 711/163/2 712/159/2 693/157/2
f 500/76/2 564/160/2 565/164/2
f 531/165/2 532/161/2 745/162/2
f 711/163/2 693/157/2 694/166/2
f 531/165/2 745/162/2 746/167/2
f 710/168/2 711/163/2 694/166/2
f 682/169/2 683/143/2 450/78/2
f 500/76/2 565/164/2 566/170/2
f 626/171/2 531/165/2 746/167/2
f 626/171/2 746/167/2 747/172/2
f 709/173/2 710/168/2 694/166/2
f 708/174/2 709/173/2 694/166/2
f 500/76/2 566/170/2 567/175/2
f 625/176/2 626/171/2 747/172/2
f 707/177/2 708/174/2 694/166/2
f 707/177/2 694/166/2 695/178/2
f 706/179/2 707/177/2 695/178/2
f 499/180/2 500/76/2 567/175/2
f 682/169/2 450/78/2 451/181/2
f 625/176/2 747/172/2 748/182/2
f 705/183/2 706/179/2 695/178/2
f 499/180/2 567/175/2 568/184/2
f 624/185/2 625/176/2 748/182/2
f 705/183/2 695/178/2 696/186/2
f 704/187/2 705/183/2 696/186/2
f 681/188/2 682/169/2 451/181/2
f 703/189/2 704/187/2 696/186/2
f 703/189/2 696/186/2 697/190/2
f 702/191/2 703/189/2 697/190/2
f 701/192/2 702/191/2 697/190/2
f 701/192/2 697/190/2 700/193/2
f 700/193/2 697/190/2 699/194/2
f 699/194/2 697/190/2 698/195/2
f 624/185/2 748/182/2 749/196/2
f 499/180/2 568/184/2 569/197/2
f 623/198/2 624/185/2 749/196/2
f 680/199/2 681/188/2 451/181/2
f 679/200/2 680/199/2 451/181/2
f 623/198/2 749/196/2 750/201/2
f 499/180/2 569/197/2 570/202/2
f 622/203/2 623/198/2 750/201/2
f 678/204/2 679/200/2 451/181/2
f 678/204/2 451/181/2 452/205/2
f 498/206/2 499/180/2 570/202/2
f 817/207/2 818/209/2 819/208/2
f 816/210/2 817/207/2 819/208/2
f 816/210/2 819/208/2 820/211/2
f 815/212/2 816/210/2 820/211/2
f 815/212/2 820/211/2 821/213/2
f 814/214/2 815/212/2 821/213/2
f 622/203/2 750/201/2 751/215/2
f 498/206/2 570/202/2 571/216/2
f 621/217/2 622/203/2 751/215/2
f 814/214/2 821/213/2 822/218/2
f 677/219/2 678/204/2 452/205/2
f 813/220/2 814/214/2 822/218/2
f 813/220/2 822/218/2 823/221/2
f 812/222/2 813/220/2 823/221/2
f 811/223/2 812/222/2 823/221/2
f 811/223/2 823/221/2 824/224/2
f 676/225/2 677/219/2 452/205/2
f 810/226/2 811/223/2 824/224/2
f 810/226/2 824/224/2 825/227/2
f 809/228/2 810/226/2 825/227/2
f 621/217/2 751/215/2 752/229/2
f 498/206/2 571/216/2 572/230/2
f 620/231/2 621/217/2 752/229/2
f 809/228/2 825/227/2 826/232/2
f 808/233/2 809/228/2 826/232/2
f 675/234/2 676/225/2 452/205/2
f 807/235/2 808/233/2 826/232/2
f 807/235/2 826/232/2 827/236/2
f 675/234/2 452/205/2 453/237/2
f 497/238/2 498/206/2 572/230/2
f 806/239/2 807/235/2 827/236/2
f 806/239/2 827/236/2 828/240/2
f 805/241/2 806/239/2 828/240/2
f 890/242/2 675/234/2 453/237/2
f 804/243/2 805/241/2 828/240/2
f 804/243/2 828/240/2 829/244/2
f 497/238/2 572/230/2 573/245/2
f 619/246/2 620/231/2 752/229/2
f 619/246/2 752/229/2 753/247/2
f 803/248/2 804/243/2 829/244/2
f 803/248/2 829/244/2 830/249/2
f 889/250/2 890/242/2 453/237/2
f 888/251/2 889/250/2 453/237/2
f 803/248/2 830/249/2 831/252/2
f 803/248/2 831/252/2 832/253/2
f 802/254/2 803/248/2 832/253/2
f 887/255/2 888/251/2 453/237/2
f 802/254/2 832/253/2 833/256/2
f 886/257/2 887/255/2 453/237/2
f 801/258/2 802/254/2 833/256/2
f 801/258/2 833/256/2 834/259/2
f 497/238/2 573/245/2 574/260/2
f 618/261/2 619/246/2 753/247/2
f 618/261/2 753/247/2 754/262/2
f 885/263/2 886/257/2 453/237/2
f 885/263/2 453/237/2 454/264/2
f 496/265/2 497/238/2 574/260/2
f 801/258/2 834/259/2 835/266/2
f 800/267/2 801/258/2 835/266/2
f 884/268/2 885/263/2 454/264/2
f 800/267/2 835/266/2 836/269/2
f 799/270/2 800/267/2 836/269/2
f 496/265/2 574/260/2 575/271/2
f 617/272/2 618/261/2 754/262/2
f 617/272/2 754/262/2 755/273/2
f 883/274/2 884/268/2 454/264/2
f 799/270/2 836/269/2 837/275/2
f 798/276/2 799/270/2 837/275/2
f 882/277/2 883/274/2 454/264/2
f 882/277/2 454/264/2 455/278/2
f 495/279/2 496/265/2 575/271/2
f 798/276/2 837/275/2 838/280/2
f 495/279/2 575/271/2 576/281/2
f 616/282/2 617/272/2 755/273/2
f 616/282/2 755/273/2 756/283/2
f 797/284/2 798/276/2 838/280/2
f 881/285/2 882/277/2 455/278/2
f 797/284/2 838/280/2 839/286/2
f 796/287/2 797/284/2 839/286/2
f 615/288/2 616/282/2 756/283/2
f 495/279/2 576/281/2 577/289/2
f 880/290/2 881/285/2 455/278/2
f 615/288/2 756/283/2 757/291/2
f 796/287/2 839/286/2 840/292/2
f 795/293/2 796/287/2 840/292/2
f 879/294/2 880/290/2 455/278/2
f 879/294/2 455/278/2 456/295/2
f 494/296/2 495/279/2 577/289/2
f 795/293/2 840/292/2 841/297/2
f 614/298/2 615/288/2 757/291/2
f 494/296/2 577/289/2 578/299/2
f 614/298/2 757/291/2 758/300/2
f 794/301/2 795/293/2 841/297/2
f 878/302/2 879/294/2 456/295/2
f 794/301/2 841/297/2 842/303/2
f 494/296/2 578/299/2 579/304/2
f 613/305/2 614/298/2 758/300/2
f 613/305/2 758/300/2 759/306/2
f 793/307/2 794/301/2 842/303/2
f 793/307/2 842/303/2 843/308/2
f 877/309/2 878/302/2 456/295/2
f 494/296/2 579/304/2 580/310/2
f 612/311/2 613/305/2 759/306/2
f 792/312/2 793/307/2 843/308/2
f 876/313/2 877/309/2 456/295/2
f 612/311/2 759/306/2 760/314/2
f 792/312/2 843/308/2 844/315/2
f 494/296/2 580/310/2 581/316/2
f 611/317/2 612/311/2 760/314/2
f 791/318/2 792/312/2 844/315/2
f 875/319/2 876/313/2 456/295/2
f 611/317/2 760/314/2 761/320/2
f 791/318/2 844/315/2 845/321/2
f 494/296/2 581/316/2 582/322/2
f 610/323/2 611/317/2 761/320/2
f 790/324/2 791/318/2 845/321/2
f 874/325/2 875/319/2 456/295/2
f 610/323/2 761/320/2 762/326/2
f 790/324/2 845/321/2 846/327/2
f 494/296/2 582/322/2 583/328/2
f 609/329/2 610/323/2 762/326/2
f 789/330/2 790/324/2 846/327/2
f 873/331/2 874/325/2 456/295/2
f 609/329/2 762/326/2 763/332/2
f 789/330/2 846/327/2 847/333/2
f 494/296/2 583/328/2 584/334/2
f 608/335/2 609/329/2 763/332/2
f 788/336/2 789/330/2 847/333/2
f 872/337/2 873/331/2 456/295/2
f 608/335/2 763/332/2 764/338/2
f 788/336/2 847/333/2 848/339/2
f 494/296/2 584/334/2 585/340/2
f 607/341/2 608/335/2 764/338/2
f 787/342/2 788/336/2 848/339/2
f 871/343/2 872/337/2 456/295/2
f 607/341/2 764/338/2 765/344/2
f 787/342/2 848/339/2 849/345/2
f 494/296/2 585/340/2 586/346/2
f 606/347/2 607/341/2 765/344/2
f 786/348/2 787/342/2 849/345/2
f 870/349/2 871/343/2 456/295/2
f 606/347/2 765/344/2 766/350/2
f 786/348/2 849/345/2 850/351/2
f 605/352/2 606/347/2 766/350/2
f 494/296/2 586/346/2 587/353/2
f 785/354/2 786/348/2 850/351/2
f 869/355/2 870/349/2 456/295/2
f 605/352/2 766/350/2 767/356/2
f 785/354/2 850/351/2 851/357/2
f 604/358/2 605/352/2 767/356/2
f 494/296/2 587/353/2 588/359/2
f 784/360/2 785/354/2 851/357/2
f 868/361/2 869/355/2 456/295/2
f 604/358/2 767/356/2 768/362/2
f 784/360/2 851/357/2 852/363/2
f 603/364/2 604/358/2 768/362/2
f 494/296/2 588/359/2 589/365/2
f 783/366/2 784/360/2 852/363/2
f 867/367/2 868/361/2 456/295/2
f 603/364/2 768/362/2 769/368/2
f 783/366/2 852/363/2 853/369/2
f 602/370/2 603/364/2 769/368/2
f 494/296/2 589/365/2 590/371/2
f 782/372/2 783/366/2 853/369/2
f 866/373/2 867/367/2 456/295/2
f 602/370/2 769/368/2 770/374/2
f 782/372/2 853/369/2 854/375/2
f 494/296/2 590/371/2 591/376/2
f 494/296/2 591/376/2 592/377/2
f 494/296/2 592/377/2 593/378/2
f 494/296/2 593/378/2 594/379/2
f 494/296/2 594/379/2 595/380/2
f 494/296/2 595/380/2 596/381/2
f 494/296/2 596/381/2 597/382/2
f 494/296/2 597/382/2 598/383/2
f 494/296/2 598/383/2 599/384/2
f 494/296/2 599/384/2 600/385/2
f 494/296/2 600/385/2 601/386/2
f 494/296/2 601/386/2 602/370/2
f 494/296/2 602/370/2 770/374/2
f 494/296/2 770/374/2 771/387/2
f 494/296/2 771/387/2 772/388/2
f 494/296/2 772/388/2 773/389/2
f 494/296/2 773/389/2 774/390/2
f 494/296/2 774/390/2 775/391/2
f 494/296/2 775/391/2 776/392/2
f 494/296/2 776/392/2 777/393/2
f 494/296/2 777/393/2 778/394/2
f 494/296/2 778/394/2 779/395/2
f 494/296/2 779/395/2 780/396/2
f 494/296/2 780/396/2 781/397/2
f 494/296/2 781/397/2 782/372/2
f 494/296/2 782/372/2 854/375/2
f 494/296/2 854/375/2 855/398/2
f 494/296/2 855/398/2 856/399/2
f 494/296/2 856/399/2 857/400/2
f 494/296/2 857/400/2 858/401/2
f 494/296/2 858/401/2 859/402/2
f 494/296/2 859/402/2 860/403/2
f 494/296/2 860/403/2 861/404/2
f 494/296/2 861/404/2 862/405/2
f 494/296/2 862/405/2 863/406/2
f 494/296/2 863/406/2 864/407/2
f 494/296/2 864/407/2 865/408/2
f 494/296/2 865/408/2 866/373/2
f 494/296/2 866/373/2 456/295/2
f 494/296/2 456/295/2 457/409/2
f 493/410/2 494/296/2 457/409/2
f 492/411/2 493/410/2 457/409/2
f 492/411/2 457/409/2 458/412/2
f 491/413/2 492/411/2 458/412/2
f 491/413/2 458/412/2 459/414/2
f 491/413/2 459/414/2 460/415/2
f 490/416/2 491/413/2 460/415/2
f 490/416/2 460/415/2 461/417/2
f 489/418/2 490/416/2 461/417/2
f 489/418/2 461/417/2 462/419/2
f 488/420/2 489/418/2 462/419/2
f 488/420/2 462/419/2 463/421/2
f 487/422/2 488/420/2 463/421/2
f 487/422/2 463/421/2 464/423/2
f 486/424/2 487/422/2 464/423/2
f 486/424/2 464/423/2 465/425/2
f 485/426/2 486/424/2 465/425/2
f 485/426/2 465/425/2 466/427/2
f 484/428/2 485/426/2 466/427/2
f 484/428/2 466/427/2 467/429/2
f 483/430/2 484/428/2 467/429/2
f 483/430/2 467/429/2 468/431/2
f 482/432/2 483/430/2 468/431/2
f 482/432/2 468/431/2 469/433/2
f 481/434/2 482/432/2 469/433/2
f 480/435/1 481/434/1 469/433/1
f 479/436/1 480/435/1 469/433/1
f 478/437/1 479/436/1 469/433/1
f 477/438/1 478/437/1 469/433/1
f 476/439/1 477/438/1 469/433/1
f 475/440/1 476/439/1 469/433/1
f 474/441/1 475/440/1 469/433/1
f 473/442/1 474/441/1 469/433/1
f 472/443/1 473/442/1 469/433/1
f 471/444/1 472/443/1 469/433/1
f 470/445/1 471/444/1 469/433/1
s 1
f 892/446/3 894/447/3 893/448/3 891/28/3
f 894/447/3 896/449/3 895/450/3 893/448/3
f 896/449/3 898/451/3 897/452/3 895/450/3
f 898/451/3 900/453/3 899/454/3 897/452/3
f 900/453/3 902/455/3 901/456/3 899/454/3
f 902/455/3 904/457/3 903/458/3 901/456/3
f 904/457/3 906/459/3 905/460/3 903/458/3
f 906/459/3 908/461/3 907/462/3 905/460/3
f 908/461/3 910/463/3 909/464/3 907/462/3
f 910/463/3 912/465/3 911/466/3 909/464/3
f 912/465/3 914/467/4 913/468/4 911/466/3
f 914/467/4 916/469/5 915/470/5 913/468/4
f 916/469/5 918/471/6 917/472/6 915/470/5
f 918/471/6 920/473/7 919/474/7 917/472/6
f 920/473/7 922/475/8 921/476/8 919/474/7
f 922/475/8 924/477/9 923/478/9 921/476/8
f 924/477/9 926/479/10 925/480/10 923/478/9
f 926/479/10 928/481/11 927/482/11 925/480/10
f 928/481/11 930/483/12 929/484/12 927/482/11
f 930/483/12 932/485/13 931/486/13 929/484/12
f 932/485/13 934/487/14 933/488/14 931/486/13
f 934/487/14 936/489/15 935/490/15 933/488/14
f 936/489/15 938/491/16 937/492/16 935/490/15
f 938/491/16 940/493/17 939/494/17 937/492/16
f 940/493/17 942/495/17 941/496/17 939/494/17
f 942/495/17 944/497/17 943/498/17 941/496/17
f 944/497/17 946/499/17 945/500/17 943/498/17
f 946/499/17 948/501/17 947/502/17 945/500/17
f 948/501/17 950/503/17 949/504/17 947/502/17
f 950/503/17 952/505/17 951/506/17 949/504/17
f 952/505/17 954/507/17 953/508/17 951/506/17
f 954/507/17 956/509/17 955/510/17 953/508/17
f 956/509/17 958/511/17 957/512/17 955/510/17
f 958/511/17 960/513/17 959/514/17 957/512/17
f 960/513/17 962/515/18 961/516/18 959/514/17
f 962/515/18 964/517/19 963/518/19 961/516/18
f 964/517/19 966/519/20 965/520/20 963/518/19
f 966/519/20 968/521/21 967/522/21 965/520/20
f 968/521/21 970/523/22 969/524/22 967/522/21
f 970/523/22 972/525/23 971/526/23 969/524/22
f 972/525/23 974/527/24 973/528/24 971/526/23
f 974/527/24 976/529/25 975/530/25 973/528/24
f 976/529/25 978/531/26 977/532/26 975/530/25
f 978/531/26 980/533/27 979/534/27 977/532/26
f 980/533/27 982/535/28 981/536/28 979/534/27
f 982/535/28 984/537/29 983/538/29 981/536/28
f 984/537/29 986/539/30 985/540/30 983/538/29
f 986/539/30 988/541/31 987/542/31 985/540/30
f 988/541/31 990/543/31 989/544/31 987/542/31
f 990/543/31 992/545/31 991/546/31 989/544/31
f 992/545/31 994/547/31 993/548/31 991/546/31
f 994/547/31 996/549/31 995/550/31 993/548/31
f 996/549/31 998/551/31 997/552/31 995/550/31
f 998/551/31 1000/553/31 999/554/31 997/552/31
f 1000/553/31 1002/555/31 1001/556/31 999/554/31
f 1002/555/31 1004/557/31 1003/558/31 1001/556/31
f 1004/557/31 1006/559/31 1005/560/31 1003/558/31
f 1006/559/31 1008/561/31 1007/562/31 1005/560/31
f 1008/561/31 1010/563/32 1009/564/32 1007/562/31
f 1010/563/32 1012/565/33 1011/566/33 1009/564/32
f 1012/565/33 1014/567/34 1013/568/34 1011/566/33
f 1014/567/34 1016/569/35 1015/570/35 1013/568/34
f 1016/569/35 1018/571/36 1017/572/36 1015/570/35
f 1018/571/36 1020/573/37 1019/574/37 1017/572/36
f 1020/573/37 1022/575/38 1021/576/38 1019/574/37
f 1022/575/38 1024/577/39 1023/578/39 1021/576/38
f 1024/577/39 1026/579/40 1025/580/40 1023/578/39
f 1026/579/40 1028/581/41 1027/582/41 1025/580/40
f 1028/581/41 1030/583/42 1029/584/42 1027/582/41
f 1030/583/42 1032/585/43 1031/586/43 1029/584/42
f 1032/585/43 1034/587/44 1033/588/44 1031/586/43
f 1034/587/44 1036/589/45 1035/590/45 1033/588/44
f 1036/589/45 1038/591/46 1037/592/46 1035/590/45
f 1038/591/46 1040/593/47 1039/594/47 1037/592/46
f 1040/593/47 1042/595/48 1041/596/48 1039/594/47
f 1042/595/48 1044/597/49 1043/598/49 1041/596/48
f 1044/597/49 1046/599/50 1045/600/50 1043/598/49
f 1046/599/50 1048/601/51 1047/602/51 1045/600/50
f 1048/601/51 1050/603/52 1049/604/52 1047/602/51
f 1050/603/52 1052/605/53 1051/606/53 1049/604/52
f 1052/605/53 1054/607/54 1053/608/54 1051/606/53
f 1054/607/54 1056/609/55 1055/610/55 1053/608/54
f 1056/609/55 1058/611/56 1057/612/56 1055/610/55
f 1058/611/56 1060/613/57 1059/614/57 1057/612/56
f 1060/613/57 892/615/3 891/242/3 1059/614/57
f 1062/446/29 1064/616/28 1063/617/28 1061/28/29
f 1064/616/28 1066/618/27 1065/619/27 1063/617/28
f 1066/618/27 1068/620/26 1067/621/26 1065/619/27
f 1068/620/26 1070/622/25 1069/623/25 1067/621/26
f 1070/622/25 1072/624/24 1071/625/24 1069/623/25
f 1072/624/24 1074/626/23 1073/627/23 1071/625/24
f 1074/626/23 1076/628/22 1075/629/22 1073/627/23
f 1076/628/22 1078/630/21 1077/430/21 1075/629/22
f 1078/630/21 1080/631/20 1079/632/20 1077/430/21
f 1080/631/20 1082/633/19 1081/634/19 1079/632/20
f 1082/633/19 1084/635/18 1083/636/18 1081/634/19
f 1084/635/18 1086/637/17 1085/638/17 1083/636/18
f 1086/637/17 1088/639/17 1087/640/17 1085/638/17
f 1088/639/17 1090/641/17 1089/642/17 1087/640/17
f 1090/641/17 1092/643/17 1091/644/17 1089/642/17
f 1092/643/17 1094/645/17 1093/6/17 1091/644/17
f 1094/645/17 1096/646/17 1095/647/17 1093/6/17
f 1096/646/17 1098/648/17 1097/649/17 1095/647/17
f 1098/648/17 1100/650/17 1099/651/17 1097/649/17
f 1100/650/17 1102/652/17 1101/653/17 1099/651/17
f 1102/652/17 1104/654/17 1103/655/17 1101/653/17
f 1104/654/17 1106/656/17 1105/657/17 1103/655/17
f 1106/656/17 1108/658/16 1107/659/16 1105/657/17
f 1108/658/16 1110/660/15 1109/128/15 1107/659/16
f 1110/660/15 1112/661/14 1111/662/14 1109/128/15
f 1112/661/14 1114/663/13 1113/664/13 1111/662/14
f 1114/663/13 1116/665/12 1115/666/12 1113/664/13
f 1116/665/12 1118/667/11 1117/668/11 1115/666/12
f 1118/667/11 1120/669/10 1119/670/10 1117/668/11
f 1120/669/10 1122/671/9 1121/672/9 1119/670/10
f 1122/671/9 1124/673/8 1123/674/8 1121/672/9
f 1124/673/8 1126/675/7 1125/379/7 1123/674/8
f 1126/675/7 1128/676/6 1127/677/6 1125/379/7
f 1128/676/6 1130/678/5 1129/679/5 1127/677/6
f 1130/678/5 1132/680/4 1131/681/4 1129/679/5
f 1132/680/4 1134/682/3 1133/683/3 1131/681/4
f 1134/682/3 1136/684/3 1135/685/3 1133/683/3
f 1136/684/3 1138/686/3 1137/687/3 1135/685/3
f 1138/686/3 1140/688/3 1139/689/3 1137/687/3
f 1140/688/3 1142/690/3 1141/45/3 1139/689/3
f 1142/690/3 1144/691/3 1143/692/3 1141/45/3
f 1144/691/3 1146/693/3 1145/694/3 1143/692/3
f 1146/693/3 1148/695/3 1147/696/3 1145/694/3
f 1148/695/3 1150/697/3 1149/698/3 1147/696/3
f 1150/697/3 1152/699/3 1151/700/3 1149/698/3
f 1152/699/3 1154/701/3 1153/702/3 1151/700/3
f 1154/701/3 1156/703/57 1155/704/57 1153/702/3
f 1156/703/57 1158/705/56 1157/71/56 1155/704/57
f 1158/705/56 1160/706/55 1159/707/55 1157/71/56
f 1160/706/55 1162/708/54 1161/709/54 1159/707/55
f 1162/708/54 1164/710/53 1163/711/53 1161/709/54
f 1164/710/53 1166/712/52 1165/713/52 1163/711/53
f 1166/712/52 1168/714/51 1167/715/51 1165/713/52
f 1168/714/51 1170/716/50 1169/717/50 1167/715/51
f 1170/716/50 1172/718/49 1171/719/49 1169/717/50
f 1172/718/49 1174/720/48 1173/183/48 1171/719/49
f 1174/720/48 1176/721/47 1175/722/47 1173/183/48
f 1176/721/47 1178/723/46 1177/724/46 1175/722/47
f 1178/723/46 1180/725/45 1179/726/45 1177/724/46
f 1180/725/45 1182/727/58 1181/728/58 1179/726/45
f 1182/727/58 1184/729/58 1183/730/58 1181/728/58
f 1184/729/58 1186/731/58 1185/732/58 1183/730/58
f 1186/731/58 1188/733/58 1187/734/58 1185/732/58
f 1188/733/58 1190/735/58 1189/149/58 1187/734/58
f 1190/735/58 1192/736/58 1191/737/58 1189/149/58
f 1192/736/58 1194/738/58 1193/739/58 1191/737/58
f 1194/738/58 1196/740/58 1195/741/58 1193/739/58
f 1196/740/58 1198/742/58 1197/743/58 1195/741/58
f 1198/742/58 1200/744/58 1199/745/58 1197/743/58
f 1200/744/58 1202/746/58 1201/747/58 1199/745/58
f 1202/746/58 1204/748/44 1203/749/44 1201/747/58
f 1204/748/44 1206/750/43 1205/395/43 1203/749/44
f 1206/750/43 1208/751/42 1207/752/42 1205/395/43
f 1208/751/42 1210/753/41 1209/754/41 1207/752/42
f 1210/753/41 1212/755/40 1211/756/40 1209/754/41
f 1212/755/40 1214/757/39 1213/758/39 1211/756/40
f 1214/757/39 1216/759/38 1215/760/38 1213/758/39
f 1216/759/38 1218/761/37 1217/762/37 1215/760/38
f 1218/761/37 1220/763/36 1219/764/36 1217/762/37
f 1220/763/36 1222/765/59 1221/210/59 1219/764/36
f 1222/765/59 1224/766/34 1223/767/34 1221/210/59
f 1224/766/34 1226/768/33 1225/769/33 1223/767/34
f 1226/768/33 1228/770/32 1227/771/32 1225/769/33
f 1228/770/32 1230/772/31 1229/773/31 1227/771/32
f 1230/772/31 1232/774/31 1231/775/31 1229/773/31
f 1232/774/31 1234/776/31 1233/777/31 1231/775/31
f 1234/776/31 1236/778/31 1235/779/31 1233/777/31
f 1236/778/31 1238/780/31 1237/369/31 1235/779/31
f 1238/780/31 1240/781/31 1239/782/31 1237/369/31
f 1240/781/31 1242/783/31 1241/784/31 1239/782/31
f 1242/783/31 1244/785/31 1243/786/31 1241/784/31
f 1244/785/31 1246/787/31 1245/788/31 1243/786/31
f 1246/787/31 1248/789/31 1247/790/31 1245/788/31
f 1248/789/31 1250/791/31 1249/792/31 1247/790/31
f 1250/791/31 1252/793/30 1251/794/30 1249/792/31
f 1252/793/30 1062/615/29 1061/242/29 1251/794/30
f 1254/446/29 1256/618/28 1255/619/28 1253/28/29
f 1256/618/28 1258/622/60 1257/623/60 1255/619/28
f 1258/622/60 1260/626/26 1259/627/26 1257/623/60
f 1260/626/26 1262/630/25 1261/430/25 1259/627/26
f 1262/630/25 1264/633/24 1263/634/24 1261/430/25
f 1264/633/24 1266/637/23 1265/638/23 1263/634/24
f 1266/637/23 1268/641/22 1267/642/22 1265/638/23
f 1268/641/22 1270/645/21 1269/6/21 1267/642/22
f 1270/645/21 1272/648/20 1271/649/20 1269/6/21
f 1272/648/20 1274/652/19 1273/653/19 1271/649/20
f 1274/652/19 1276/656/17 1275/657/17 1273/653/19
f 1276/656/17 1278/660/15 1277/128/15 1275/657/17
f 1278/660/15 1280/663/14 1279/664/14 1277/128/15
f 1280/663/14 1282/667/13 1281/668/13 1279/664/14
f 1282/667/13 1284/671/12 1283/672/12 1281/668/13
f 1284/671/12 1286/675/11 1285/379/11 1283/672/12
f 1286/675/11 1288/678/10 1287/679/10 1285/379/11
f 1288/678/10 1290/682/9 1289/683/9 1287/679/10
f 1290/682/9 1292/686/8 1291/687/8 1289/683/9
f 1292/686/8 1294/690/61 1293/45/61 1291/687/8
f 1294/690/61 1296/693/6 1295/694/6 1293/45/61
f 1296/693/6 1298/697/5 1297/698/5 1295/694/6
f 1298/697/5 1300/701/3 1299/702/3 1297/698/5
f 1300/701/3 1302/705/56 1301/71/56 1299/702/3
f 1302/705/56 1304/708/55 1303/709/55 1301/71/56
f 1304/708/55 1306/712/62 1305/713/62 1303/709/55
f 1306/712/62 1308/716/53 1307/717/53 1305/713/62
f 1308/716/53 1310/720/52 1309/183/52 1307/717/53
f 1310/720/52 1312/723/51 1311/724/51 1309/183/52
f 1312/723/51 1314/727/50 1313/728/50 1311/724/51
f 1314/727/50 1316/731/49 1315/732/49 1313/728/50
f 1316/731/49 1318/735/48 1317/149/48 1315/732/49
f 1318/735/48 1320/738/47 1319/739/47 1317/149/48
f 1320/738/47 1322/742/46 1321/743/46 1319/739/47
f 1322/742/46 1324/746/58 1323/747/58 1321/743/46
f 1324/746/58 1326/750/43 1325/395/43 1323/747/58
f 1326/750/43 1328/753/42 1327/754/42 1325/395/43
f 1328/753/42 1330/757/41 1329/758/41 1327/754/42
f 1330/757/41 1332/761/40 1331/762/40 1329/758/41
f 1332/761/40 1334/765/39 1333/210/39 1331/762/40
f 1334/765/39 1336/768/38 1335/769/38 1333/210/39
f 1336/768/38 1338/772/37 1337/773/37 1335/769/38
f 1338/772/37 1340/776/36 1339/777/36 1337/773/37
f 1340/776/36 1342/780/59 1341/369/59 1339/777/36
f 1342/780/59 1344/783/34 1343/784/34 1341/369/59
f 1344/783/34 1346/787/33 1345/788/33 1343/784/34
f 1346/787/33 1348/791/31 1347/792/31 1345/788/33
f 1348/791/31 1254/615/29 1253/242/29 1347/792/31
f 1350/446/63 1352/795/64 1351/796/64 1349/28/63
f 1352/795/64 1354/797/65 1353/798/65 1351/796/64
f 1354/797/65 1356/799/66 1355/800/66 1353/798/65
f 1356/799/66 1358/801/67 1357/802/67 1355/800/66
f 1358/801/67 1360/803/68 1359/804/68 1357/802/67
f 1360/803/68 1362/805/69 1361/806/69 1359/804/68
f 1362/805/69 1364/807/70 1363/808/70 1361/806/69
f 1364/807/70 1366/809/71 1365/810/71 1363/808/70
f 1366/809/71 1368/622/72 1367/623/72 1365/810/71
f 1368/622/72 1370/811/73 1369/812/73 1367/623/72
f 1370/811/73 1372/813/74 1371/814/74 1369/812/73
f 1372/813/74 1374/815/75 1373/816/75 1371/814/74
f 1374/815/75 1376/817/76 1375/818/76 1373/816/75
f 1376/817/76 1378/819/77 1377/820/77 1375/818/76
f 1378/819/77 1380/821/78 1379/822/78 1377/820/77
f 1380/821/78 1382/823/79 1381/824/79 1379/822/78
f 1382/823/79 1384/825/80 1383/826/80 1381/824/79
f 1384/825/80 1386/630/81 1385/430/81 1383/826/80
f 1386/630/81 1388/827/82 1387/828/82 1385/430/81
f 1388/827/82 1390/829/83 1389/830/83 1387/828/82
f 1390/829/83 1392/831/84 1391/832/84 1389/830/83
f 1392/831/84 1394/833/85 1393/834/85 1391/832/84
f 1394/833/85 1396/835/86 1395/836/86 1393/834/85
f 1396/835/86 1398/837/31 1397/838/31 1395/836/86
f 1398/837/31 1400/839/31 1399/840/31 1397/838/31
f 1400/839/31 1402/841/31 1401/842/31 1399/840/31
f 1402/841/31 1404/637/31 1403/638/31 1401/842/31
f 1404/637/31 1406/843/31 1405/844/31 1403/638/31
f 1406/843/31 1408/845/31 1407/846/31 1405/844/31
f 1408/845/31 1410/847/31 1409/848/31 1407/846/31
f 1410/847/31 1412/849/31 1411/850/31 1409/848/31
f 1412/849/31 1414/851/31 1413/852/31 1411/850/31
f 1414/851/31 1416/853/31 1415/854/31 1413/852/31
f 1416/853/31 1418/855/31 1417/856/31 1415/854/31
f 1418/855/31 1420/857/30 1419/858/30 1417/856/31
f 1420/857/30 1422/645/87 1421/6/87 1419/858/30
f 1422/645/87 1424/859/28 1423/860/28 1421/6/87
f 1424/859/28 1426/861/60 1425/862/60 1423/860/28
f 1426/861/60 1428/863/26 1427/864/26 1425/862/60
f 1428/863/26 1430/865/88 1429/866/88 1427/864/26
f 1430/865/88 1432/867/24 1431/868/24 1429/866/88
f 1432/867/24 1434/869/23 1433/870/23 1431/868/24
f 1434/869/23 1436/871/22 1435/872/22 1433/870/23
f 1436/871/22 1438/873/21 1437/874/21 1435/872/22
f 1438/873/21 1440/652/20 1439/653/20 1437/874/21
f 1440/652/20 1442/875/89 1441/876/89 1439/653/20
f 1442/875/89 1444/877/18 1443/878/18 1441/876/89
f 1444/877/18 1446/879/17 1445/880/17 1443/878/18
f 1446/879/17 1448/881/17 1447/882/17 1445/880/17
f 1448/881/17 1450/883/17 1449/884/17 1447/882/17
f 1450/883/17 1452/885/17 1451/886/17 1449/884/17
f 1452/885/17 1454/887/17 1453/888/17 1451/886/17
f 1454/887/17 1456/889/17 1455/890/17 1453/888/17
f 1456/889/17 1458/660/17 1457/128/17 1455/890/17
f 1458/660/17 1460/891/17 1459/892/17 1457/128/17
f 1460/891/17 1462/893/17 1461/894/17 1459/892/17
f 1462/893/17 1464/895/17 1463/896/17 1461/894/17
f 1464/895/17 1466/897/17 1465/898/17 1463/896/17
f 1466/897/17 1468/899/16 1467/900/16 1465/898/17
f 1468/899/16 1470/901/90 1469/902/90 1467/900/16
f 1470/901/90 1472/903/14 1471/904/14 1469/902/90
f 1472/903/14 1474/905/13 1473/906/13 1471/904/14
f 1474/905/13 1476/667/12 1475/668/12 1473/906/13
f 1476/667/12 1478/907/11 1477/908/11 1475/668/12
f 1478/907/11 1480/909/10 1479/910/10 1477/908/11
f 1480/909/10 1482/911/91 1481/912/91 1479/910/10
f 1482/911/91 1484/913/8 1483/914/8 1481/912/91
f 1484/913/8 1486/915/61 1485/916/61 1483/914/8
f 1486/915/61 1488/917/6 1487/918/6 1485/916/61
f 1488/917/6 1490/919/92 1489/920/92 1487/918/6
f 1490/919/92 1492/921/4 1491/922/4 1489/920/92
f 1492/921/4 1494/675/3 1493/379/3 1491/922/4
f 1494/675/3 1496/923/3 1495/924/3 1493/379/3
f 1496/923/3 1498/925/3 1497/926/3 1495/924/3
f 1498/925/3 1500/927/3 1499/928/3 1497/926/3
f 1500/927/3 1502/929/3 1501/930/3 1499/928/3
f 1502/929/3 1504/931/3 1503/932/3 1501/930/3
f 1504/931/3 1506/933/3 1505/934/3 1503/932/3
f 1506/933/3 1508/935/3 1507/936/3 1505/934/3
f 1508/935/3 1510/937/3 1509/938/3 1507/936/3
f 1510/937/3 1512/682/3 1511/683/3 1509/938/3
f 1512/682/3 1514/939/3 1513/940/3 1511/683/3
f 1514/939/3 1516/941/57 1515/942/57 1513/940/3
f 1516/941/57 1518/943/93 1517/944/93 1515/942/57
f 1518/943/93 1520/945/55 1519/946/55 1517/944/93
f 1520/945/55 1522/947/62 1521/948/62 1519/946/55
f 1522/947/62 1524/949/53 1523/950/53 1521/948/62
f 1524/949/53 1526/951/94 1525/952/94 1523/950/53
f 1526/951/94 1528/953/95 1527/954/95 1525/952/94
f 1528/953/95 1530/690/50 1529/45/50 1527/954/95
f 1530/690/50 1532/955/49 1531/956/49 1529/45/50
f 1532/955/49 1534/957/48 1533/958/48 1531/956/49
f 1534/957/48 1536/959/47 1535/960/47 1533/958/48
f 1536/959/47 1538/961/46 1537/962/46 1535/960/47
f 1538/961/46 1540/963/45 1539/964/45 1537/962/46
f 1540/963/45 1542/965/58 1541/966/58 1539/964/45
f 1542/965/58 1544/967/58 1543/968/58 1541/966/58
f 1544/967/58 1546/969/58 1545/970/58 1543/968/58
f 1546/969/58 1548/697/58 1547/698/58 1545/970/58
f 1548/697/58 1550/971/58 1549/972/58 1547/698/58
f 1550/971/58 1552/973/58 1551/974/58 1549/972/58
f 1552/973/58 1554/975/58 1553/976/58 1551/974/58
f 1554/975/58 1556/977/58 1555/978/58 1553/976/58
f 1556/977/58 1558/979/58 1557/980/58 1555/978/58
f 1558/979/58 1560/981/58 1559/982/58 1557/980/58
f 1560/981/58 1562/983/58 1561/984/58 1559/982/58
f 1562/983/58 1564/985/44 1563/986/44 1561/984/58
f 1564/985/44 1566/705/43 1565/71/43 1563/986/44
f 1566/705/43 1568/987/42 1567/988/42 1565/71/43
f 1568/987/42 1570/989/41 1569/990/41 1567/988/42
f 1570/989/41 1572/991/40 1571/992/40 1569/990/41
f 1572/991/40 1574/993/39 1573/994/39 1571/992/40
f 1574/993/39 1576/995/96 1575/996/96 1573/994/39
f 1576/995/96 1578/997/37 1577/998/37 1575/996/96
f 1578/997/37 1580/999/97 1579/1000/97 1577/998/37
f 1580/999/97 1582/1001/59 1581/1002/59 1579/1000/97
f 1582/1001/59 1584/712/34 1583/713/34 1581/1002/59
f 1584/712/34 1586/1003/33 1585/1004/33 1583/713/34
f 1586/1003/33 1588/1005/32 1587/1006/32 1585/1004/33
f 1588/1005/32 1590/1007/31 1589/1008/31 1587/1006/32
f 1590/1007/31 1592/1009/31 1591/1010/31 1589/1008/31
f 1592/1009/31 1594/1011/31 1593/1012/31 1591/1010/31
f 1594/1011/31 1596/1013/31 1595/1014/31 1593/1012/31
f 1596/1013/31 1598/1015/31 1597/1016/31 1595/1014/31
f 1598/1015/31 1600/1017/31 1599/1018/31 1597/1016/31
f 1600/1017/31 1602/720/31 1601/183/31 1599/1018/31
f 1602/720/31 1604/1019/31 1603/1020/31 1601/183/31
f 1604/1019/31 1606/1021/31 1605/1022/31 1603/1020/31
f 1606/1021/31 1608/1023/31 1607/1024/31 1605/1022/31
f 1608/1023/31 1610/1025/31 1609/1026/31 1607/1024/31
f 1610/1025/31 1612/1027/98 1611/1028/98 1609/1026/31
f 1612/1027/98 1614/1029/99 1613/1030/99 1611/1028/98
f 1614/1029/99 1616/1031/100 1615/1032/100 1613/1030/99
f 1616/1031/100 1618/1033/101 1617/1034/101 1615/1032/100
f 1618/1033/101 1620/727/102 1619/728/102 1617/1034/101
f 1620/727/102 1622/1035/103 1621/1036/103 1619/728/102
f 1622/1035/103 1624/1037/104 1623/1038/104 1621/1036/103
f 1624/1037/104 1626/1039/105 1625/1040/105 1623/1038/104
f 1626/1039/105 1628/1041/106 1627/1042/106 1625/1040/105
f 1628/1041/106 1630/1043/107 1629/1044/107 1627/1042/106
f 1630/1043/107 1632/1045/108 1631/1046/108 1629/1044/107
f 1632/1045/108 1634/1047/109 1633/1048/109 1631/1046/108
f 1634/1047/109 1636/1049/110 1635/1050/110 1633/1048/109
f 1636/1049/110 1638/735/111 1637/149/111 1635/1050/110
f 1638/735/111 1640/1051/112 1639/1052/112 1637/149/111
f 1640/1051/112 1642/1053/113 1641/1054/113 1639/1052/112
f 1642/1053/113 1644/1055/114 1643/1056/114 1641/1054/113
f 1644/1055/114 1646/1057/115 1645/1058/115 1643/1056/114
f 1646/1057/115 1648/1059/116 1647/1060/116 1645/1058/115
f 1648/1059/116 1650/1061/117 1649/1062/117 1647/1060/116
f 1650/1061/117 1652/1063/118 1651/1064/118 1649/1062/117
f 1652/1063/118 1654/1065/119 1653/1066/119 1651/1064/118
f 1654/1065/119 1656/742/120 1655/743/120 1653/1066/119
f 1656/742/120 1658/1067/121 1657/1068/121 1655/743/120
f 1658/1067/121 1660/1069/122 1659/1070/122 1657/1068/121
f 1660/1069/122 1662/1071/3 1661/1072/3 1659/1070/122
f 1662/1071/3 1664/1073/3 1663/1074/3 1661/1072/3
f 1664/1073/3 1666/1075/3 1665/1076/3 1663/1074/3
f 1666/1075/3 1668/1077/3 1667/1078/3 1665/1076/3
f 1668/1077/3 1670/1079/3 1669/1080/3 1667/1078/3
f 1670/1079/3 1672/1081/3 1671/1082/3 1669/1080/3
f 1672/1081/3 1674/750/3 1673/395/3 1671/1082/3
f 1674/750/3 1676/1083/3 1675/1084/3 1673/395/3
f 1676/1083/3 1678/1085/3 1677/1086/3 1675/1084/3
f 1678/1085/3 1680/1087/3 1679/1088/3 1677/1086/3
f 1680/1087/3 1682/1089/3 1681/1090/3 1679/1088/3
f 1682/1089/3 1684/1091/57 1683/1092/57 1681/1090/3
f 1684/1091/57 1686/1093/93 1685/1094/93 1683/1092/57
f 1686/1093/93 1688/1095/55 1687/1096/55 1685/1094/93
f 1688/1095/55 1690/1097/62 1689/1098/62 1687/1096/55
f 1690/1097/62 1692/757/53 1691/758/53 1689/1098/62
f 1692/757/53 1694/1099/94 1693/1100/94 1691/758/53
f 1694/1099/94 1696/1101/51 1695/1102/51 1693/1100/94
f 1696/1101/51 1698/1103/50 1697/1104/50 1695/1102/51
f 1698/1103/50 1700/1105/49 1699/1106/49 1697/1104/50
f 1700/1105/49 1702/1107/48 1701/1108/48 1699/1106/49
f 1702/1107/48 1704/1109/47 1703/1110/47 1701/1108/48
f 1704/1109/47 1706/1111/46 1705/1112/46 1703/1110/47
f 1706/1111/46 1708/1113/45 1707/1114/45 1705/1112/46
f 1708/1113/45 1710/765/58 1709/210/58 1707/1114/45
f 1710/765/58 1712/1115/58 1711/1116/58 1709/210/58
f 1712/1115/58 1714/1117/58 1713/1118/58 1711/1116/58
f 1714/1117/58 1716/1119/58 1715/1120/58 1713/1118/58
f 1716/1119/58 1718/1121/58 1717/1122/58 1715/1120/58
f 1718/1121/58 1720/1123/58 1719/1124/58 1717/1122/58
f 1720/1123/58 1722/1125/58 1721/1126/58 1719/1124/58
f 1722/1125/58 1724/1127/58 1723/1128/58 1721/1126/58
f 1724/1127/58 1726/1129/58 1725/1130/58 1723/1128/58
f 1726/1129/58 1728/772/58 1727/773/58 1725/1130/58
f 1728/772/58 1730/1131/58 1729/1132/58 1727/773/58
f 1730/1131/58 1732/1133/44 1731/1134/44 1729/1132/58
f 1732/1133/44 1734/1135/123 1733/1136/123 1731/1134/44
f 1734/1135/123 1736/1137/42 1735/1138/42 1733/1136/123
f 1736/1137/42 1738/1139/41 1737/1140/41 1735/1138/42
f 1738/1139/41 1740/1141/40 1739/1142/40 1737/1140/41
f 1740/1141/40 1742/1143/39 1741/1144/39 1739/1142/40
f 1742/1143/39 1744/1145/124 1743/1146/124 1741/1144/39
f 1744/1145/124 1746/780/125 1745/369/125 1743/1146/124
f 1746/780/125 1748/1147/36 1747/1148/36 1745/369/125
f 1748/1147/36 1750/1149/35 1749/1150/35 1747/1148/36
f 1750/1149/35 1752/1151/34 1751/1152/34 1749/1150/35
f 1752/1151/34 1754/1153/126 1753/1154/126 1751/1152/34
f 1754/1153/126 1756/1155/32 1755/1156/32 1753/1154/126
f 1756/1155/32 1758/1157/31 1757/1158/31 1755/1156/32
f 1758/1157/31 1760/1159/31 1759/1160/31 1757/1158/31
f 1760/1159/31 1762/1161/31 1761/1162/31 1759/1160/31
f 1762/1161/31 1764/787/31 1763/788/31 1761/1162/31
f 1764/787/31 1766/1163/31 1765/1164/31 1763/788/31
f 1766/1163/31 1768/1165/31 1767/1166/31 1765/1164/31
f 1768/1165/31 1770/1167/31 1769/1168/31 1767/1166/31
f 1770/1167/31 1772/1169/31 1771/1170/31 1769/1168/31
f 1772/1169/31 1774/1171/31 1773/1172/31 1771/1170/31
f 1774/1171/31 1776/1173/31 1775/1174/31 1773/1172/31
f 1776/1173/31 1778/1175/31 1777/1176/31 1775/1174/31
f 1778/1175/31 1780/1177/127 1779/1178/127 1777/1176/31
f 1780/1177/127 1350/615/63 1349/242/63 1779/1178/127
o Curve
v -0.808450 0.117516 1.178700
v -0.808450 0.116021 1.120440
v -0.808450 0.113764 1.032429
v -0.808450 0.110935 0.922105
v -0.808450 0.107724 0.796906
v -0.808450 0.104323 0.664269
v -0.808450 0.100922 0.531633
v -0.808450 0.097711 0.406434
v -0.808450 0.094882 0.296110
v -0.808450 0.092625 0.208099
v -0.808450 0.091131 0.149838
v -0.808450 0.090590 0.128765
v -0.807369 0.090178 0.112715
v -0.804222 0.089784 0.097320
v -0.799149 0.089409 0.082723
v -0.792292 0.089059 0.069065
v -0.783791 0.088736 0.056485
v -0.773787 0.088445 0.045126
v -0.762421 0.088189 0.035127
v -0.749835 0.087971 0.026630
v -0.736169 0.087795 0.019777
v -0.721564 0.087665 0.014706
v -0.706161 0.087584 0.011561
v -0.690102 0.087557 0.010481
v -0.669017 0.087557 0.010481
v -0.610725 0.087557 0.010481
v -0.522666 0.087557 0.010481
v -0.412283 0.087557 0.010481
v -0.287017 0.087557 0.010481
v -0.154309 0.087557 0.010481
v -0.021601 0.087556 0.010481
v 0.103666 0.087556 0.010481
v 0.214049 0.087556 0.010481
v 0.302108 0.087556 0.010481
v 0.360400 0.087556 0.010481
v 0.381485 0.087556 0.010481
v 0.397543 0.087584 0.011561
v 0.412945 0.087665 0.014706
v 0.427549 0.087795 0.019777
v 0.441215 0.087970 0.026630
v 0.453801 0.088188 0.035127
v 0.465167 0.088445 0.045126
v 0.475170 0.088736 0.056485
v 0.483671 0.089059 0.069065
v 0.490529 0.089409 0.082723
v 0.495602 0.089783 0.097320
v 0.498749 0.090178 0.112715
v 0.499829 0.090590 0.128765
v 0.499829 0.091130 0.149838
v 0.499829 0.092624 0.208099
v 0.499829 0.094881 0.296110
v 0.499829 0.097710 0.406434
v 0.499829 0.100921 0.531633
v 0.499829 0.104323 0.664269
v 0.499829 0.107724 0.796906
v 0.499829 0.110935 0.922105
v 0.499829 0.113764 1.032429
v 0.499829 0.116021 1.120440
v 0.499829 0.117515 1.178700
v 0.499829 0.118056 1.199773
v 0.498749 0.118467 1.215823
v 0.495602 0.118862 1.231217
v 0.490529 0.119236 1.245813
v 0.483671 0.119586 1.259472
v 0.475170 0.119909 1.272051
v 0.465167 0.120200 1.283410
v 0.453801 0.120457 1.293409
v 0.441215 0.120675 1.301905
v 0.427549 0.120850 1.308759
v 0.412945 0.120980 1.313829
v 0.397543 0.121061 1.316974
v 0.381485 0.121089 1.318054
v -0.690105 0.121089 1.318054
v -0.706164 0.121061 1.316974
v -0.721566 0.120981 1.313829
v -0.736170 0.120851 1.308759
v -0.749836 0.120675 1.301905
v -0.762422 0.120457 1.293409
v -0.773787 0.120201 1.283410
v -0.783791 0.119909 1.272051
v -0.792292 0.119587 1.259472
v -0.799150 0.119237 1.245813
v -0.804222 0.118862 1.231217
v -0.807369 0.118468 1.215823
v -0.808450 0.118056 1.199773
v 0.095307 0.108006 0.807900
v 0.096222 0.108121 0.812380
v 0.097699 0.108230 0.816628
v 0.099694 0.108332 0.820603
v 0.102168 0.108426 0.824264
v 0.105079 0.108511 0.827569
v 0.108387 0.108585 0.830479
v 0.112049 0.108649 0.832952
v 0.116026 0.108700 0.834946
v 0.120276 0.108738 0.836421
v 0.124759 0.108761 0.837337
v 0.129432 0.108769 0.837651
v 0.132317 0.108769 0.837651
v 0.140292 0.108769 0.837651
v 0.152339 0.108769 0.837651
v 0.167440 0.108769 0.837651
v 0.184578 0.108769 0.837651
v 0.202733 0.108769 0.837651
v 0.220889 0.108769 0.837651
v 0.238027 0.108769 0.837651
v 0.253128 0.108769 0.837651
v 0.265175 0.108769 0.837651
v 0.273150 0.108769 0.837651
v 0.276035 0.108769 0.837651
v 0.280708 0.108761 0.837337
v 0.285190 0.108737 0.836422
v 0.289441 0.108700 0.834946
v 0.293418 0.108648 0.832952
v 0.297080 0.108585 0.830479
v 0.300388 0.108510 0.827570
v 0.303299 0.108426 0.824264
v 0.305773 0.108332 0.820603
v 0.307768 0.108230 0.816628
v 0.309244 0.108121 0.812381
v 0.310160 0.108006 0.807901
v 0.310475 0.107886 0.803230
v 0.310475 0.107576 0.791144
v 0.310475 0.106719 0.757732
v 0.310475 0.105425 0.707258
v 0.310475 0.103803 0.643987
v 0.310475 0.101961 0.572186
v 0.310475 0.100010 0.496120
v 0.310475 0.098060 0.420053
v 0.310475 0.096218 0.348252
v 0.310475 0.094596 0.284981
v 0.310475 0.093301 0.234507
v 0.310475 0.092445 0.201095
v 0.310475 0.092135 0.189009
v 0.310160 0.092015 0.184339
v 0.309244 0.091900 0.179859
v 0.307768 0.091791 0.175611
v 0.305773 0.091689 0.171636
v 0.303299 0.091595 0.167975
v 0.300388 0.091511 0.164670
v 0.297080 0.091436 0.161760
v 0.293418 0.091372 0.159288
v 0.289441 0.091321 0.157293
v 0.285190 0.091284 0.155818
v 0.280708 0.091260 0.154902
v 0.276035 0.091252 0.154588
v 0.273150 0.091252 0.154588
v 0.265175 0.091252 0.154588
v 0.253128 0.091252 0.154588
v 0.238027 0.091252 0.154588
v 0.220889 0.091252 0.154588
v 0.202733 0.091252 0.154588
v 0.184578 0.091252 0.154588
v 0.167440 0.091252 0.154588
v 0.152339 0.091252 0.154588
v 0.140292 0.091252 0.154588
v 0.132317 0.091252 0.154588
v 0.129432 0.091252 0.154588
v 0.124759 0.091260 0.154902
v 0.120276 0.091284 0.155818
v 0.116026 0.091321 0.157293
v 0.112049 0.091373 0.159288
v 0.108387 0.091436 0.161760
v 0.105079 0.091511 0.164670
v 0.102168 0.091595 0.167975
v 0.099694 0.091689 0.171636
v 0.097699 0.091791 0.175611
v 0.096222 0.091900 0.179859
v 0.095307 0.092015 0.184339
v 0.094992 0.092135 0.189009
v 0.094992 0.092445 0.201095
v 0.094992 0.093302 0.234507
v 0.094992 0.094596 0.284981
v 0.094992 0.096218 0.348252
v 0.094992 0.098060 0.420053
v 0.094992 0.100011 0.496120
v 0.094992 0.101961 0.572186
v 0.094992 0.103803 0.643987
v 0.094992 0.105425 0.707258
v 0.094992 0.106720 0.757732
v 0.094992 0.107576 0.791144
v 0.094992 0.107886 0.803230
v 0.064731 0.114308 1.053637
v 0.068435 0.114773 1.071753
v 0.074405 0.115213 1.088931
v 0.082475 0.115625 1.105005
v 0.092479 0.116005 1.119808
v 0.104252 0.116348 1.133177
v 0.117628 0.116650 1.144943
v 0.132440 0.116906 1.154942
v 0.148522 0.117113 1.163008
v 0.165709 0.117266 1.168975
v 0.183835 0.117361 1.172676
v 0.202733 0.117393 1.173947
v 0.221632 0.117361 1.172676
v 0.239758 0.117266 1.168975
v 0.256945 0.117113 1.163008
v 0.273027 0.116906 1.154942
v 0.287839 0.116649 1.144943
v 0.301214 0.116348 1.133177
v 0.312987 0.116005 1.119809
v 0.322992 0.115625 1.105005
v 0.331062 0.115213 1.088931
v 0.337032 0.114772 1.071753
v 0.340735 0.114308 1.053637
v 0.342007 0.113824 1.034749
v 0.340735 0.113339 1.015861
v 0.337032 0.112875 0.997745
v 0.331062 0.112434 0.980567
v 0.322992 0.112022 0.964493
v 0.312987 0.111642 0.949689
v 0.301214 0.111299 0.936321
v 0.287839 0.110998 0.924554
v 0.273027 0.110741 0.914555
v 0.256945 0.110534 0.906489
v 0.239758 0.110381 0.900523
v 0.221632 0.110286 0.896821
v 0.202733 0.110254 0.895550
v 0.183834 0.110286 0.896821
v 0.165708 0.110381 0.900523
v 0.148521 0.110534 0.906489
v 0.132438 0.110741 0.914555
v 0.117626 0.110998 0.924554
v 0.104251 0.111299 0.936321
v 0.092478 0.111642 0.949689
v 0.082474 0.112022 0.964493
v 0.074404 0.112434 0.980567
v 0.068435 0.112875 0.997745
v 0.064731 0.113339 1.015861
v 0.063460 0.113824 1.034749
v -0.671031 0.100567 0.517827
v -0.670089 0.101530 0.555378
v -0.667438 0.102546 0.594975
v -0.662193 0.103583 0.635434
v -0.653469 0.104613 0.675569
v -0.640382 0.105603 0.714197
v -0.622047 0.106525 0.750132
v -0.597579 0.107347 0.782190
v -0.566094 0.108039 0.809186
v -0.526707 0.108571 0.829936
v -0.478534 0.108913 0.843255
v -0.420689 0.109034 0.847958
v -0.393482 0.109012 0.847107
v -0.368640 0.108948 0.844625
v -0.346014 0.108845 0.840612
v -0.325456 0.108706 0.835170
v -0.306816 0.108532 0.828401
v -0.289946 0.108327 0.820407
v -0.274696 0.108093 0.811290
v -0.260919 0.107833 0.801151
v -0.248465 0.107550 0.790092
v -0.237186 0.107245 0.778216
v -0.226933 0.106922 0.765623
v -0.217556 0.106583 0.752416
v -0.217556 0.106610 0.753470
v -0.217556 0.106685 0.756385
v -0.217556 0.106798 0.760789
v -0.217556 0.106940 0.766309
v -0.217556 0.107100 0.772573
v -0.217556 0.107270 0.779209
v -0.217556 0.107441 0.785845
v -0.217556 0.107601 0.792109
v -0.217556 0.107743 0.797629
v -0.217556 0.107856 0.802033
v -0.217556 0.107930 0.804948
v -0.217556 0.107958 0.806002
v -0.217267 0.108068 0.810297
v -0.216425 0.108173 0.814415
v -0.215068 0.108273 0.818321
v -0.213233 0.108367 0.821975
v -0.210958 0.108453 0.825341
v -0.208281 0.108531 0.828381
v -0.205240 0.108600 0.831056
v -0.201872 0.108658 0.833330
v -0.198216 0.108705 0.835164
v -0.194308 0.108740 0.836520
v -0.190187 0.108762 0.837362
v -0.185890 0.108769 0.837651
v -0.182897 0.108769 0.837651
v -0.174620 0.108769 0.837651
v -0.162117 0.108769 0.837651
v -0.146444 0.108769 0.837651
v -0.128658 0.108769 0.837651
v -0.109815 0.108769 0.837651
v -0.090972 0.108769 0.837651
v -0.073186 0.108769 0.837651
v -0.057513 0.108769 0.837651
v -0.045010 0.108769 0.837651
v -0.036733 0.108769 0.837651
v -0.033740 0.108769 0.837651
v -0.029443 0.108762 0.837362
v -0.025322 0.108740 0.836520
v -0.021415 0.108705 0.835164
v -0.017758 0.108658 0.833330
v -0.014390 0.108600 0.831056
v -0.011349 0.108531 0.828381
v -0.008672 0.108453 0.825341
v -0.006397 0.108367 0.821975
v -0.004562 0.108273 0.818321
v -0.003205 0.108173 0.814415
v -0.002363 0.108068 0.810297
v -0.002074 0.107957 0.806002
v -0.002074 0.107645 0.793808
v -0.002074 0.106780 0.760094
v -0.002074 0.105474 0.709164
v -0.002074 0.103837 0.645322
v -0.002074 0.101979 0.572873
v -0.002074 0.100011 0.496120
v -0.002074 0.098042 0.419366
v -0.002074 0.096184 0.346917
v -0.002074 0.094547 0.283075
v -0.002074 0.093241 0.232145
v -0.002074 0.092376 0.198431
v -0.002074 0.092064 0.186237
v -0.002363 0.091954 0.181943
v -0.003205 0.091848 0.177824
v -0.004562 0.091748 0.173918
v -0.006397 0.091654 0.170264
v -0.008672 0.091568 0.166898
v -0.011349 0.091490 0.163858
v -0.014390 0.091421 0.161183
v -0.017758 0.091363 0.158909
v -0.021415 0.091316 0.157075
v -0.025322 0.091281 0.155719
v -0.029443 0.091259 0.154877
v -0.033740 0.091252 0.154588
v -0.036733 0.091252 0.154588
v -0.045010 0.091252 0.154588
v -0.057513 0.091252 0.154588
v -0.073186 0.091252 0.154588
v -0.090972 0.091252 0.154588
v -0.109815 0.091252 0.154588
v -0.128658 0.091252 0.154588
v -0.146444 0.091252 0.154588
v -0.162117 0.091252 0.154588
v -0.174620 0.091252 0.154588
v -0.182897 0.091252 0.154588
v -0.185890 0.091252 0.154588
v -0.190188 0.091260 0.154877
v -0.194309 0.091281 0.155719
v -0.198217 0.091316 0.157075
v -0.201874 0.091363 0.158909
v -0.205241 0.091421 0.161183
v -0.208282 0.091490 0.163858
v -0.210959 0.091568 0.166898
v -0.213233 0.091654 0.170264
v -0.215068 0.091748 0.173918
v -0.216425 0.091848 0.177824
v -0.217267 0.091954 0.181943
v -0.217556 0.092064 0.186237
v -0.217556 0.092231 0.192775
v -0.217556 0.092695 0.210852
v -0.217556 0.093395 0.238158
v -0.217556 0.094273 0.272388
v -0.217556 0.095269 0.311233
v -0.217556 0.096325 0.352386
v -0.217556 0.097380 0.393539
v -0.217556 0.098376 0.432384
v -0.217556 0.099254 0.466613
v -0.217556 0.099954 0.493920
v -0.217556 0.100418 0.511997
v -0.217556 0.100585 0.518535
v -0.218907 0.100899 0.530750
v -0.221125 0.101257 0.544715
v -0.224427 0.101646 0.559893
v -0.229024 0.102053 0.575749
v -0.235132 0.102463 0.591746
v -0.242963 0.102863 0.607349
v -0.252732 0.103239 0.622021
v -0.264653 0.103578 0.635228
v -0.278938 0.103865 0.646433
v -0.295803 0.104088 0.655099
v -0.315460 0.104231 0.660692
v -0.338123 0.104282 0.662676
v -0.366592 0.104208 0.659791
v -0.389848 0.104001 0.651710
v -0.408414 0.103682 0.639292
v -0.422811 0.103275 0.623399
v -0.433560 0.102800 0.604890
v -0.441185 0.102280 0.584625
v -0.446205 0.101738 0.563465
v -0.449143 0.101194 0.542270
v -0.450520 0.100672 0.521900
v -0.450858 0.100193 0.503215
v -0.450678 0.099779 0.487075
v -0.450502 0.099452 0.474341
v -0.450502 0.099307 0.468672
v -0.450502 0.098905 0.453000
v -0.450502 0.098298 0.429325
v -0.450502 0.097537 0.399647
v -0.450502 0.096673 0.365969
v -0.450502 0.095758 0.330289
v -0.450502 0.094843 0.294609
v -0.450502 0.093979 0.260931
v -0.450502 0.093218 0.231253
v -0.450502 0.092611 0.207578
v -0.450502 0.092209 0.191906
v -0.450502 0.092064 0.186237
v -0.450791 0.091954 0.181943
v -0.451633 0.091848 0.177824
v -0.452990 0.091748 0.173918
v -0.454825 0.091654 0.170264
v -0.457100 0.091568 0.166898
v -0.459777 0.091490 0.163858
v -0.462818 0.091421 0.161183
v -0.466186 0.091363 0.158909
v -0.469842 0.091316 0.157075
v -0.473750 0.091281 0.155719
v -0.477871 0.091260 0.154877
v -0.482168 0.091252 0.154588
v -0.485263 0.091252 0.154588
v -0.493821 0.091252 0.154588
v -0.506748 0.091252 0.154588
v -0.522953 0.091252 0.154588
v -0.541343 0.091252 0.154588
v -0.560825 0.091252 0.154588
v -0.580308 0.091252 0.154588
v -0.598698 0.091252 0.154588
v -0.614903 0.091252 0.154588
v -0.627830 0.091252 0.154588
v -0.636388 0.091252 0.154588
v -0.639483 0.091252 0.154588
v -0.643780 0.091260 0.154877
v -0.647901 0.091281 0.155719
v -0.651808 0.091316 0.157075
v -0.655465 0.091363 0.158909
v -0.658833 0.091421 0.161183
v -0.661874 0.091490 0.163858
v -0.664551 0.091568 0.166898
v -0.666825 0.091654 0.170264
v -0.668660 0.091748 0.173918
v -0.670018 0.091848 0.177824
v -0.670860 0.091954 0.181943
v -0.671149 0.092064 0.186237
v -0.671149 0.092214 0.192086
v -0.671149 0.092629 0.208257
v -0.671149 0.093255 0.232685
v -0.671149 0.094040 0.263307
v -0.671149 0.094932 0.298057
v -0.671149 0.095876 0.334872
v -0.671149 0.096820 0.371687
v -0.671149 0.097711 0.406438
v -0.671149 0.098496 0.437059
v -0.671149 0.099123 0.461488
v -0.671149 0.099537 0.477659
v -0.671149 0.099687 0.483508
v -0.808450 -0.114185 1.184642
v -0.808450 -0.115679 1.126381
v -0.808450 -0.117936 1.038370
v -0.808450 -0.120766 0.928047
v -0.808450 -0.123976 0.802848
v -0.808450 -0.127378 0.670211
v -0.808450 -0.130779 0.537575
v -0.808450 -0.133990 0.412376
v -0.808450 -0.136819 0.302052
v -0.808450 -0.139076 0.214041
v -0.808450 -0.140570 0.155780
v -0.808450 -0.141111 0.134707
v -0.807369 -0.141522 0.118657
v -0.804222 -0.141917 0.103262
v -0.799149 -0.142291 0.088665
v -0.792292 -0.142642 0.075007
v -0.783791 -0.142964 0.062427
v -0.773787 -0.143256 0.051068
v -0.762421 -0.143512 0.041069
v -0.749835 -0.143730 0.032572
v -0.736169 -0.143906 0.025718
v -0.721564 -0.144036 0.020648
v -0.706161 -0.144116 0.017503
v -0.690102 -0.144144 0.016423
v -0.669017 -0.144144 0.016423
v -0.610725 -0.144144 0.016423
v -0.522666 -0.144144 0.016423
v -0.412283 -0.144144 0.016423
v -0.287017 -0.144144 0.016423
v -0.154309 -0.144144 0.016423
v -0.021601 -0.144144 0.016423
v 0.103666 -0.144144 0.016423
v 0.214049 -0.144144 0.016423
v 0.302108 -0.144144 0.016423
v 0.360400 -0.144144 0.016423
v 0.381485 -0.144144 0.016423
v 0.397543 -0.144117 0.017503
v 0.412945 -0.144036 0.020648
v 0.427549 -0.143906 0.025718
v 0.441215 -0.143730 0.032572
v 0.453801 -0.143512 0.041069
v 0.465166 -0.143256 0.051068
v 0.475170 -0.142965 0.062427
v 0.483671 -0.142642 0.075007
v 0.490529 -0.142292 0.088665
v 0.495602 -0.141917 0.103262
v 0.498749 -0.141523 0.118657
v 0.499829 -0.141111 0.134707
v 0.499829 -0.140571 0.155780
v 0.499829 -0.139077 0.214041
v 0.499829 -0.136820 0.302052
v 0.499829 -0.133990 0.412376
v 0.499829 -0.130780 0.537575
v 0.499829 -0.127378 0.670211
v 0.499829 -0.123977 0.802848
v 0.499829 -0.120766 0.928047
v 0.499829 -0.117937 1.038370
v 0.499829 -0.115680 1.126381
v 0.499829 -0.114186 1.184642
v 0.499829 -0.113645 1.205715
v 0.498749 -0.113234 1.221765
v 0.495602 -0.112839 1.237159
v 0.490529 -0.112465 1.251755
v 0.483671 -0.112114 1.265414
v 0.475170 -0.111792 1.277993
v 0.465166 -0.111500 1.289352
v 0.453801 -0.111244 1.299350
v 0.441215 -0.111026 1.307847
v 0.427549 -0.110850 1.314701
v 0.412945 -0.110720 1.319771
v 0.397543 -0.110640 1.322916
v 0.381485 -0.110612 1.323996
v -0.690105 -0.110612 1.323996
v -0.706164 -0.110639 1.322916
v -0.721566 -0.110720 1.319771
v -0.736170 -0.110850 1.314701
v -0.749836 -0.111026 1.307847
v -0.762422 -0.111244 1.299350
v -0.773787 -0.111500 1.289352
v -0.783791 -0.111791 1.277993
v -0.792292 -0.112114 1.265414
v -0.799150 -0.112464 1.251755
v -0.804222 -0.112838 1.237159
v -0.807369 -0.113233 1.221765
v -0.808450 -0.113645 1.205715
v 0.095307 -0.123695 0.813842
v 0.096222 -0.123580 0.818322
v 0.097698 -0.123471 0.822570
v 0.099694 -0.123369 0.826545
v 0.102168 -0.123275 0.830206
v 0.105079 -0.123190 0.833511
v 0.108386 -0.123116 0.836421
v 0.112049 -0.123052 0.838894
v 0.116026 -0.123001 0.840888
v 0.120276 -0.122963 0.842363
v 0.124759 -0.122940 0.843279
v 0.129432 -0.122932 0.843593
v 0.132317 -0.122932 0.843593
v 0.140291 -0.122932 0.843593
v 0.152339 -0.122932 0.843593
v 0.167440 -0.122932 0.843593
v 0.184578 -0.122932 0.843593
v 0.202733 -0.122932 0.843593
v 0.220889 -0.122932 0.843593
v 0.238027 -0.122932 0.843593
v 0.253128 -0.122932 0.843593
v 0.265175 -0.122932 0.843593
v 0.273150 -0.122932 0.843593
v 0.276035 -0.122932 0.843593
v 0.280708 -0.122940 0.843279
v 0.285190 -0.122963 0.842364
v 0.289441 -0.123001 0.840888
v 0.293417 -0.123052 0.838894
v 0.297080 -0.123116 0.836421
v 0.300388 -0.123190 0.833512
v 0.303299 -0.123275 0.830206
v 0.305773 -0.123369 0.826545
v 0.307768 -0.123471 0.822570
v 0.309244 -0.123580 0.818323
v 0.310160 -0.123695 0.813843
v 0.310474 -0.123814 0.809172
v 0.310474 -0.124124 0.797086
v 0.310474 -0.124981 0.763674
v 0.310474 -0.126276 0.713200
v 0.310474 -0.127898 0.649929
v 0.310474 -0.129740 0.578128
v 0.310474 -0.131690 0.502062
v 0.310474 -0.133641 0.425995
v 0.310474 -0.135482 0.354194
v 0.310474 -0.137105 0.290923
v 0.310474 -0.138399 0.240449
v 0.310474 -0.139256 0.207037
v 0.310474 -0.139566 0.194951
v 0.310160 -0.139686 0.190280
v 0.309244 -0.139801 0.185801
v 0.307768 -0.139910 0.181553
v 0.305773 -0.140012 0.177578
v 0.303299 -0.140105 0.173917
v 0.300388 -0.140190 0.170612
v 0.297080 -0.140265 0.167702
v 0.293417 -0.140328 0.165229
v 0.289440 -0.140379 0.163235
v 0.285190 -0.140417 0.161760
v 0.280708 -0.140441 0.160844
v 0.276035 -0.140449 0.160530
v 0.273150 -0.140449 0.160530
v 0.265175 -0.140449 0.160530
v 0.253128 -0.140449 0.160530
v 0.238027 -0.140449 0.160530
v 0.220889 -0.140449 0.160530
v 0.202733 -0.140449 0.160530
v 0.184578 -0.140449 0.160530
v 0.167440 -0.140449 0.160530
v 0.152339 -0.140449 0.160530
v 0.140291 -0.140449 0.160530
v 0.132317 -0.140449 0.160530
v 0.129432 -0.140449 0.160530
v 0.124759 -0.140441 0.160844
v 0.120276 -0.140417 0.161760
v 0.116026 -0.140379 0.163235
v 0.112049 -0.140328 0.165229
v 0.108386 -0.140265 0.167702
v 0.105079 -0.140190 0.170612
v 0.102168 -0.140105 0.173917
v 0.099694 -0.140012 0.177578
v 0.097698 -0.139910 0.181553
v 0.096222 -0.139801 0.185801
v 0.095306 -0.139686 0.190280
v 0.094992 -0.139566 0.194951
v 0.094992 -0.139256 0.207037
v 0.094992 -0.138399 0.240449
v 0.094992 -0.137105 0.290923
v 0.094992 -0.135482 0.354194
v 0.094992 -0.133641 0.425995
v 0.094992 -0.131690 0.502062
v 0.094992 -0.129739 0.578128
v 0.094992 -0.127898 0.649929
v 0.094992 -0.126276 0.713200
v 0.094992 -0.124981 0.763674
v 0.094992 -0.124124 0.797086
v 0.094992 -0.123814 0.809172
v 0.064731 -0.117393 1.059579
v 0.068435 -0.116928 1.077695
v 0.074405 -0.116488 1.094873
v 0.082475 -0.116075 1.110946
v 0.092479 -0.115696 1.125750
v 0.104252 -0.115353 1.139119
v 0.117628 -0.115051 1.150885
v 0.132440 -0.114795 1.160884
v 0.148522 -0.114588 1.168950
v 0.165709 -0.114435 1.174917
v 0.183835 -0.114340 1.178618
v 0.202733 -0.114307 1.179889
v 0.221632 -0.114340 1.178618
v 0.239757 -0.114435 1.174917
v 0.256945 -0.114588 1.168950
v 0.273027 -0.114795 1.160884
v 0.287839 -0.115051 1.150885
v 0.301214 -0.115353 1.139119
v 0.312987 -0.115696 1.125750
v 0.322992 -0.116076 1.110947
v 0.331062 -0.116488 1.094873
v 0.337032 -0.116928 1.077695
v 0.340735 -0.117393 1.059579
v 0.342007 -0.117877 1.040691
v 0.340735 -0.118362 1.021803
v 0.337032 -0.118826 1.003687
v 0.331062 -0.119267 0.986509
v 0.322992 -0.119679 0.970435
v 0.312987 -0.120059 0.955631
v 0.301214 -0.120401 0.942263
v 0.287839 -0.120703 0.930496
v 0.273027 -0.120960 0.920497
v 0.256945 -0.121166 0.912431
v 0.239757 -0.121319 0.906465
v 0.221632 -0.121414 0.902763
v 0.202733 -0.121447 0.901492
v 0.183834 -0.121414 0.902763
v 0.165708 -0.121319 0.906465
v 0.148521 -0.121166 0.912431
v 0.132438 -0.120959 0.920497
v 0.117626 -0.120703 0.930496
v 0.104251 -0.120401 0.942263
v 0.092478 -0.120058 0.955631
v 0.082474 -0.119679 0.970435
v 0.074404 -0.119267 0.986509
v 0.068435 -0.118826 1.003687
v 0.064731 -0.118362 1.021803
v 0.063460 -0.117877 1.040691
v -0.671031 -0.131133 0.523769
v -0.670089 -0.130170 0.561320
v -0.667438 -0.129155 0.600917
v -0.662193 -0.128117 0.641376
v -0.653469 -0.127088 0.681511
v -0.640382 -0.126097 0.720139
v -0.622047 -0.125176 0.756074
v -0.597579 -0.124354 0.788132
v -0.566094 -0.123661 0.815128
v -0.526707 -0.123129 0.835878
v -0.478534 -0.122788 0.849197
v -0.420689 -0.122667 0.853900
v -0.393482 -0.122689 0.853049
v -0.368640 -0.122753 0.850567
v -0.346015 -0.122856 0.846554
v -0.325456 -0.122995 0.841112
v -0.306816 -0.123169 0.834343
v -0.289946 -0.123374 0.826349
v -0.274697 -0.123608 0.817232
v -0.260919 -0.123868 0.807093
v -0.248466 -0.124151 0.796034
v -0.237186 -0.124456 0.784158
v -0.226933 -0.124779 0.771565
v -0.217556 -0.125117 0.758358
v -0.217556 -0.125090 0.759412
v -0.217556 -0.125016 0.762327
v -0.217556 -0.124903 0.766731
v -0.217556 -0.124761 0.772251
v -0.217556 -0.124600 0.778515
v -0.217556 -0.124430 0.785151
v -0.217556 -0.124260 0.791787
v -0.217556 -0.124099 0.798051
v -0.217556 -0.123958 0.803571
v -0.217556 -0.123845 0.807975
v -0.217556 -0.123770 0.810890
v -0.217556 -0.123743 0.811944
v -0.217267 -0.123633 0.816239
v -0.216425 -0.123527 0.820357
v -0.215068 -0.123427 0.824263
v -0.213233 -0.123334 0.827917
v -0.210958 -0.123247 0.831283
v -0.208281 -0.123169 0.834323
v -0.205240 -0.123101 0.836998
v -0.201872 -0.123042 0.839272
v -0.198216 -0.122995 0.841106
v -0.194308 -0.122961 0.842462
v -0.190187 -0.122939 0.843304
v -0.185891 -0.122932 0.843593
v -0.182897 -0.122932 0.843593
v -0.174620 -0.122932 0.843593
v -0.162117 -0.122932 0.843593
v -0.146444 -0.122932 0.843593
v -0.128658 -0.122932 0.843593
v -0.109815 -0.122932 0.843593
v -0.090972 -0.122932 0.843593
v -0.073186 -0.122932 0.843593
v -0.057513 -0.122932 0.843593
v -0.045010 -0.122932 0.843593
v -0.036734 -0.122932 0.843593
v -0.033740 -0.122932 0.843593
v -0.029443 -0.122939 0.843304
v -0.025322 -0.122961 0.842462
v -0.021415 -0.122995 0.841106
v -0.017758 -0.123042 0.839272
v -0.014390 -0.123101 0.836998
v -0.011349 -0.123169 0.834323
v -0.008672 -0.123247 0.831283
v -0.006398 -0.123334 0.827917
v -0.004563 -0.123427 0.824263
v -0.003205 -0.123528 0.820357
v -0.002363 -0.123633 0.816239
v -0.002074 -0.123743 0.811944
v -0.002074 -0.124056 0.799750
v -0.002074 -0.124921 0.766036
v -0.002074 -0.126227 0.715106
v -0.002074 -0.127864 0.651264
v -0.002074 -0.129722 0.578815
v -0.002074 -0.131690 0.502062
v -0.002074 -0.133658 0.425308
v -0.002074 -0.135516 0.352859
v -0.002074 -0.137154 0.289017
v -0.002074 -0.138460 0.238087
v -0.002074 -0.139324 0.204373
v -0.002074 -0.139637 0.192179
v -0.002363 -0.139747 0.187885
v -0.003205 -0.139853 0.183766
v -0.004563 -0.139953 0.179860
v -0.006398 -0.140047 0.176206
v -0.008672 -0.140133 0.172840
v -0.011349 -0.140211 0.169800
v -0.014390 -0.140280 0.167125
v -0.017758 -0.140338 0.164851
v -0.021415 -0.140385 0.163017
v -0.025322 -0.140420 0.161661
v -0.029443 -0.140441 0.160819
v -0.033740 -0.140449 0.160530
v -0.036734 -0.140449 0.160530
v -0.045010 -0.140449 0.160530
v -0.057513 -0.140449 0.160530
v -0.073186 -0.140449 0.160530
v -0.090972 -0.140449 0.160530
v -0.109815 -0.140449 0.160530
v -0.128658 -0.140449 0.160530
v -0.146444 -0.140449 0.160530
v -0.162117 -0.140449 0.160530
v -0.174620 -0.140449 0.160530
v -0.182897 -0.140449 0.160530
v -0.185891 -0.140449 0.160530
v -0.190188 -0.140441 0.160819
v -0.194309 -0.140420 0.161661
v -0.198217 -0.140385 0.163017
v -0.201874 -0.140338 0.164851
v -0.205241 -0.140279 0.167125
v -0.208282 -0.140211 0.169800
v -0.210959 -0.140133 0.172840
v -0.213233 -0.140047 0.176206
v -0.215068 -0.139953 0.179860
v -0.216425 -0.139853 0.183766
v -0.217267 -0.139747 0.187885
v -0.217556 -0.139637 0.192179
v -0.217556 -0.139469 0.198717
v -0.217556 -0.139006 0.216793
v -0.217556 -0.138305 0.244100
v -0.217556 -0.137428 0.278330
v -0.217556 -0.136431 0.317175
v -0.217556 -0.135376 0.358328
v -0.217556 -0.134321 0.399480
v -0.217556 -0.133325 0.438325
v -0.217556 -0.132447 0.472555
v -0.217556 -0.131746 0.499862
v -0.217556 -0.131283 0.517939
v -0.217556 -0.131115 0.524477
v -0.218907 -0.130802 0.536692
v -0.221126 -0.130444 0.550657
v -0.224427 -0.130055 0.565835
v -0.229024 -0.129648 0.581691
v -0.235132 -0.129238 0.597688
v -0.242963 -0.128838 0.613291
v -0.252732 -0.128461 0.627963
v -0.264653 -0.128123 0.641170
v -0.278938 -0.127835 0.652375
v -0.295803 -0.127613 0.661041
v -0.315460 -0.127470 0.666634
v -0.338124 -0.127419 0.668618
v -0.366592 -0.127493 0.665733
v -0.389848 -0.127700 0.657652
v -0.408414 -0.128018 0.645234
v -0.422811 -0.128426 0.629341
v -0.433561 -0.128901 0.610832
v -0.441185 -0.129420 0.590567
v -0.446205 -0.129963 0.569407
v -0.449143 -0.130506 0.548212
v -0.450520 -0.131029 0.527842
v -0.450858 -0.131508 0.509157
v -0.450678 -0.131922 0.493017
v -0.450502 -0.132249 0.480283
v -0.450502 -0.132394 0.474614
v -0.450502 -0.132796 0.458942
v -0.450502 -0.133403 0.435267
v -0.450502 -0.134164 0.405589
v -0.450502 -0.135028 0.371910
v -0.450502 -0.135943 0.336231
v -0.450502 -0.136858 0.300551
v -0.450502 -0.137721 0.266872
v -0.450502 -0.138482 0.237195
v -0.450502 -0.139090 0.213520
v -0.450502 -0.139492 0.197848
v -0.450502 -0.139637 0.192179
v -0.450791 -0.139747 0.187885
v -0.451633 -0.139853 0.183766
v -0.452991 -0.139953 0.179860
v -0.454826 -0.140047 0.176206
v -0.457100 -0.140133 0.172840
v -0.459777 -0.140211 0.169800
v -0.462818 -0.140279 0.167125
v -0.466186 -0.140338 0.164851
v -0.469843 -0.140385 0.163017
v -0.473750 -0.140420 0.161661
v -0.477871 -0.140441 0.160819
v -0.482168 -0.140449 0.160530
v -0.485263 -0.140449 0.160530
v -0.493821 -0.140449 0.160530
v -0.506748 -0.140449 0.160530
v -0.522953 -0.140449 0.160530
v -0.541343 -0.140448 0.160530
v -0.560825 -0.140448 0.160530
v -0.580308 -0.140448 0.160530
v -0.598698 -0.140448 0.160530
v -0.614903 -0.140448 0.160530
v -0.627830 -0.140448 0.160530
v -0.636388 -0.140448 0.160530
v -0.639483 -0.140448 0.160530
v -0.643780 -0.140441 0.160819
v -0.647901 -0.140419 0.161661
v -0.651808 -0.140385 0.163017
v -0.655465 -0.140338 0.164851
v -0.658833 -0.140279 0.167125
v -0.661874 -0.140211 0.169800
v -0.664551 -0.140133 0.172840
v -0.666825 -0.140046 0.176206
v -0.668660 -0.139953 0.179860
v -0.670018 -0.139853 0.183766
v -0.670860 -0.139747 0.187885
v -0.671149 -0.139637 0.192179
v -0.671149 -0.139487 0.198028
v -0.671149 -0.139072 0.214199
v -0.671149 -0.138446 0.238627
v -0.671149 -0.137660 0.269249
v -0.671149 -0.136769 0.303999
v -0.671149 -0.135825 0.340814
v -0.671149 -0.134881 0.377629
v -0.671149 -0.133990 0.412379
v -0.671149 -0.133205 0.443001
v -0.671149 -0.132578 0.467430
v -0.671149 -0.132163 0.483601
v -0.671149 -0.132013 0.489450
v -0.808450 -0.114185 1.184642
v -0.808450 0.117516 1.178700
v -0.808450 -0.115679 1.126381
v -0.808450 0.116021 1.120440
v -0.808450 -0.117936 1.038370
v -0.808450 0.113764 1.032429
v -0.808450 -0.120766 0.928047
v -0.808450 0.110935 0.922105
v -0.808450 -0.123976 0.802848
v -0.808450 0.107724 0.796906
v -0.808450 -0.127378 0.670211
v -0.808450 0.104323 0.664269
v -0.808450 -0.130779 0.537575
v -0.808450 0.100922 0.531633
v -0.808450 -0.133990 0.412376
v -0.808450 0.097711 0.406434
v -0.808450 -0.136819 0.302052
v -0.808450 0.094882 0.296110
v -0.808450 -0.139076 0.214041
v -0.808450 0.092625 0.208099
v -0.808450 -0.140570 0.155780
v -0.808450 0.091131 0.149838
v -0.808450 -0.141111 0.134707
v -0.808450 0.090590 0.128765
v -0.807369 -0.141522 0.118657
v -0.807369 0.090178 0.112715
v -0.804222 -0.141917 0.103262
v -0.804222 0.089784 0.097320
v -0.799149 -0.142291 0.088665
v -0.799149 0.089409 0.082723
v -0.792292 -0.142642 0.075007
v -0.792292 0.089059 0.069065
v -0.783791 -0.142964 0.062427
v -0.783791 0.088736 0.056485
v -0.773787 -0.143256 0.051068
v -0.773787 0.088445 0.045126
v -0.762421 -0.143512 0.041069
v -0.762421 0.088189 0.035127
v -0.749835 -0.143730 0.032572
v -0.749835 0.087971 0.026630
v -0.736169 -0.143906 0.025718
v -0.736169 0.087795 0.019777
v -0.721564 -0.144036 0.020648
v -0.721564 0.087665 0.014706
v -0.706161 -0.144116 0.017503
v -0.706161 0.087584 0.011561
v -0.690102 -0.144144 0.016423
v -0.690102 0.087557 0.010481
v -0.669017 -0.144144 0.016423
v -0.669017 0.087557 0.010481
v -0.610725 -0.144144 0.016423
v -0.610725 0.087557 0.010481
v -0.522666 -0.144144 0.016423
v -0.522666 0.087557 0.010481
v -0.412283 -0.144144 0.016423
v -0.412283 0.087557 0.010481
v -0.287017 -0.144144 0.016423
v -0.287017 0.087557 0.010481
v -0.154309 -0.144144 0.016423
v -0.154309 0.087557 0.010481
v -0.021601 -0.144144 0.016423
v -0.021601 0.087556 0.010481
v 0.103666 -0.144144 0.016423
v 0.103666 0.087556 0.010481
v 0.214049 -0.144144 0.016423
v 0.214049 0.087556 0.010481
v 0.302108 -0.144144 0.016423
v 0.302108 0.087556 0.010481
v 0.360400 -0.144144 0.016423
v 0.360400 0.087556 0.010481
v 0.381485 -0.144144 0.016423
v 0.381485 0.087556 0.010481
v 0.397543 -0.144117 0.017503
v 0.397543 0.087584 0.011561
v 0.412945 -0.144036 0.020648
v 0.412945 0.087665 0.014706
v 0.427549 -0.143906 0.025718
v 0.427549 0.087795 0.019777
v 0.441215 -0.143730 0.032572
v 0.441215 0.087970 0.026630
v 0.453801 -0.143512 0.041069
v 0.453801 0.088188 0.035127
v 0.465166 -0.143256 0.051068
v 0.465167 0.088445 0.045126
v 0.475170 -0.142965 0.062427
v 0.475170 0.088736 0.056485
v 0.483671 -0.142642 0.075007
v 0.483671 0.089059 0.069065
v 0.490529 -0.142292 0.088665
v 0.490529 0.089409 0.082723
v 0.495602 -0.141917 0.103262
v 0.495602 0.089783 0.097320
v 0.498749 -0.141523 0.118657
v 0.498749 0.090178 0.112715
v 0.499829 -0.141111 0.134707
v 0.499829 0.090590 0.128765
v 0.499829 -0.140571 0.155780
v 0.499829 0.091130 0.149838
v 0.499829 -0.139077 0.214041
v 0.499829 0.092624 0.208099
v 0.499829 -0.136820 0.302052
v 0.499829 0.094881 0.296110
v 0.499829 -0.133990 0.412376
v 0.499829 0.097710 0.406434
v 0.499829 -0.130780 0.537575
v 0.499829 0.100921 0.531633
v 0.499829 -0.127378 0.670211
v 0.499829 0.104323 0.664269
v 0.499829 -0.123977 0.802848
v 0.499829 0.107724 0.796906
v 0.499829 -0.120766 0.928047
v 0.499829 0.110935 0.922105
v 0.499829 -0.117937 1.038370
v 0.499829 0.113764 1.032429
v 0.499829 -0.115680 1.126381
v 0.499829 0.116021 1.120440
v 0.499829 -0.114186 1.184642
v 0.499829 0.117515 1.178700
v 0.499829 -0.113645 1.205715
v 0.499829 0.118056 1.199773
v 0.498749 -0.113234 1.221765
v 0.498749 0.118467 1.215823
v 0.495602 -0.112839 1.237159
v 0.495602 0.118862 1.231217
v 0.490529 -0.112465 1.251755
v 0.490529 0.119236 1.245813
v 0.483671 -0.112114 1.265414
v 0.483671 0.119586 1.259472
v 0.475170 -0.111792 1.277993
v 0.475170 0.119909 1.272051
v 0.465166 -0.111500 1.289352
v 0.465167 0.120200 1.283410
v 0.453801 -0.111244 1.299350
v 0.453801 0.120457 1.293409
v 0.441215 -0.111026 1.307847
v 0.441215 0.120675 1.301905
v 0.427549 -0.110850 1.314701
v 0.427549 0.120850 1.308759
v 0.412945 -0.110720 1.319771
v 0.412945 0.120980 1.313829
v 0.397543 -0.110640 1.322916
v 0.397543 0.121061 1.316974
v 0.381485 -0.110612 1.323996
v 0.381485 0.121089 1.318054
v -0.690105 -0.110612 1.323996
v -0.690105 0.121089 1.318054
v -0.706164 -0.110639 1.322916
v -0.706164 0.121061 1.316974
v -0.721566 -0.110720 1.319771
v -0.721566 0.120981 1.313829
v -0.736170 -0.110850 1.314701
v -0.736170 0.120851 1.308759
v -0.749836 -0.111026 1.307847
v -0.749836 0.120675 1.301905
v -0.762422 -0.111244 1.299350
v -0.762422 0.120457 1.293409
v -0.773787 -0.111500 1.289352
v -0.773787 0.120201 1.283410
v -0.783791 -0.111791 1.277993
v -0.783791 0.119909 1.272051
v -0.792292 -0.112114 1.265414
v -0.792292 0.119587 1.259472
v -0.799150 -0.112464 1.251755
v -0.799150 0.119237 1.245813
v -0.804222 -0.112838 1.237159
v -0.804222 0.118862 1.231217
v -0.807369 -0.113233 1.221765
v -0.807369 0.118468 1.215823
v -0.808450 -0.113645 1.205715
v -0.808450 0.118056 1.199773
v 0.095307 -0.123695 0.813842
v 0.095307 0.108006 0.807900
v 0.096222 -0.123580 0.818322
v 0.096222 0.108121 0.812380
v 0.097698 -0.123471 0.822570
v 0.097699 0.108230 0.816628
v 0.099694 -0.123369 0.826545
v 0.099694 0.108332 0.820603
v 0.102168 -0.123275 0.830206
v 0.102168 0.108426 0.824264
v 0.105079 -0.123190 0.833511
v 0.105079 0.108511 0.827569
v 0.108386 -0.123116 0.836421
v 0.108387 0.108585 0.830479
v 0.112049 -0.123052 0.838894
v 0.112049 0.108649 0.832952
v 0.116026 -0.123001 0.840888
v 0.116026 0.108700 0.834946
v 0.120276 -0.122963 0.842363
v 0.120276 0.108738 0.836421
v 0.124759 -0.122940 0.843279
v 0.124759 0.108761 0.837337
v 0.129432 -0.122932 0.843593
v 0.129432 0.108769 0.837651
v 0.132317 -0.122932 0.843593
v 0.132317 0.108769 0.837651
v 0.140291 -0.122932 0.843593
v 0.140292 0.108769 0.837651
v 0.152339 -0.122932 0.843593
v 0.152339 0.108769 0.837651
v 0.167440 -0.122932 0.843593
v 0.167440 0.108769 0.837651
v 0.184578 -0.122932 0.843593
v 0.184578 0.108769 0.837651
v 0.202733 -0.122932 0.843593
v 0.202733 0.108769 0.837651
v 0.220889 -0.122932 0.843593
v 0.220889 0.108769 0.837651
v 0.238027 -0.122932 0.843593
v 0.238027 0.108769 0.837651
v 0.253128 -0.122932 0.843593
v 0.253128 0.108769 0.837651
v 0.265175 -0.122932 0.843593
v 0.265175 0.108769 0.837651
v 0.273150 -0.122932 0.843593
v 0.273150 0.108769 0.837651
v 0.276035 -0.122932 0.843593
v 0.276035 0.108769 0.837651
v 0.280708 -0.122940 0.843279
v 0.280708 0.108761 0.837337
v 0.285190 -0.122963 0.842364
v 0.285190 0.108737 0.836422
v 0.289441 -0.123001 0.840888
v 0.289441 0.108700 0.834946
v 0.293417 -0.123052 0.838894
v 0.293418 0.108648 0.832952
v 0.297080 -0.123116 0.836421
v 0.297080 0.108585 0.830479
v 0.300388 -0.123190 0.833512
v 0.300388 0.108510 0.827570
v 0.303299 -0.123275 0.830206
v 0.303299 0.108426 0.824264
v 0.305773 -0.123369 0.826545
v 0.305773 0.108332 0.820603
v 0.307768 -0.123471 0.822570
v 0.307768 0.108230 0.816628
v 0.309244 -0.123580 0.818323
v 0.309244 0.108121 0.812381
v 0.310160 -0.123695 0.813843
v 0.310160 0.108006 0.807901
v 0.310474 -0.123814 0.809172
v 0.310475 0.107886 0.803230
v 0.310474 -0.124124 0.797086
v 0.310475 0.107576 0.791144
v 0.310474 -0.124981 0.763674
v 0.310475 0.106719 0.757732
v 0.310474 -0.126276 0.713200
v 0.310475 0.105425 0.707258
v 0.310474 -0.127898 0.649929
v 0.310475 0.103803 0.643987
v 0.310474 -0.129740 0.578128
v 0.310475 0.101961 0.572186
v 0.310474 -0.131690 0.502062
v 0.310475 0.100010 0.496120
v 0.310474 -0.133641 0.425995
v 0.310475 0.098060 0.420053
v 0.310474 -0.135482 0.354194
v 0.310475 0.096218 0.348252
v 0.310474 -0.137105 0.290923
v 0.310475 0.094596 0.284981
v 0.310474 -0.138399 0.240449
v 0.310475 0.093301 0.234507
v 0.310474 -0.139256 0.207037
v 0.310475 0.092445 0.201095
v 0.310474 -0.139566 0.194951
v 0.310475 0.092135 0.189009
v 0.310160 -0.139686 0.190280
v 0.310160 0.092015 0.184339
v 0.309244 -0.139801 0.185801
v 0.309244 0.091900 0.179859
v 0.307768 -0.139910 0.181553
v 0.307768 0.091791 0.175611
v 0.305773 -0.140012 0.177578
v 0.305773 0.091689 0.171636
v 0.303299 -0.140105 0.173917
v 0.303299 0.091595 0.167975
v 0.300388 -0.140190 0.170612
v 0.300388 0.091511 0.164670
v 0.297080 -0.140265 0.167702
v 0.297080 0.091436 0.161760
v 0.293417 -0.140328 0.165229
v 0.293418 0.091372 0.159288
v 0.289440 -0.140379 0.163235
v 0.289441 0.091321 0.157293
v 0.285190 -0.140417 0.161760
v 0.285190 0.091284 0.155818
v 0.280708 -0.140441 0.160844
v 0.280708 0.091260 0.154902
v 0.276035 -0.140449 0.160530
v 0.276035 0.091252 0.154588
v 0.273150 -0.140449 0.160530
v 0.273150 0.091252 0.154588
v 0.265175 -0.140449 0.160530
v 0.265175 0.091252 0.154588
v 0.253128 -0.140449 0.160530
v 0.253128 0.091252 0.154588
v 0.238027 -0.140449 0.160530
v 0.238027 0.091252 0.154588
v 0.220889 -0.140449 0.160530
v 0.220889 0.091252 0.154588
v 0.202733 -0.140449 0.160530
v 0.202733 0.091252 0.154588
v 0.184578 -0.140449 0.160530
v 0.184578 0.091252 0.154588
v 0.167440 -0.140449 0.160530
v 0.167440 0.091252 0.154588
v 0.152339 -0.140449 0.160530
v 0.152339 0.091252 0.154588
v 0.140291 -0.140449 0.160530
v 0.140292 0.091252 0.154588
v 0.132317 -0.140449 0.160530
v 0.132317 0.091252 0.154588
v 0.129432 -0.140449 0.160530
v 0.129432 0.091252 0.154588
v 0.124759 -0.140441 0.160844
v 0.124759 0.091260 0.154902
v 0.120276 -0.140417 0.161760
v 0.120276 0.091284 0.155818
v 0.116026 -0.140379 0.163235
v 0.116026 0.091321 0.157293
v 0.112049 -0.140328 0.165229
v 0.112049 0.091373 0.159288
v 0.108386 -0.140265 0.167702
v 0.108387 0.091436 0.161760
v 0.105079 -0.140190 0.170612
v 0.105079 0.091511 0.164670
v 0.102168 -0.140105 0.173917
v 0.102168 0.091595 0.167975
v 0.099694 -0.140012 0.177578
v 0.099694 0.091689 0.171636
v 0.097698 -0.139910 0.181553
v 0.097699 0.091791 0.175611
v 0.096222 -0.139801 0.185801
v 0.096222 0.091900 0.179859
v 0.095306 -0.139686 0.190280
v 0.095307 0.092015 0.184339
v 0.094992 -0.139566 0.194951
v 0.094992 0.092135 0.189009
v 0.094992 -0.139256 0.207037
v 0.094992 0.092445 0.201095
v 0.094992 -0.138399 0.240449
v 0.094992 0.093302 0.234507
v 0.094992 -0.137105 0.290923
v 0.094992 0.094596 0.284981
v 0.094992 -0.135482 0.354194
v 0.094992 0.096218 0.348252
v 0.094992 -0.133641 0.425995
v 0.094992 0.098060 0.420053
v 0.094992 -0.131690 0.502062
v 0.094992 0.100011 0.496120
v 0.094992 -0.129739 0.578128
v 0.094992 0.101961 0.572186
v 0.094992 -0.127898 0.649929
v 0.094992 0.103803 0.643987
v 0.094992 -0.126276 0.713200
v 0.094992 0.105425 0.707258
v 0.094992 -0.124981 0.763674
v 0.094992 0.106720 0.757732
v 0.094992 -0.124124 0.797086
v 0.094992 0.107576 0.791144
v 0.094992 -0.123814 0.809172
v 0.094992 0.107886 0.803230
v 0.064731 -0.117393 1.059579
v 0.064731 0.114308 1.053637
v 0.068435 -0.116928 1.077695
v 0.068435 0.114773 1.071753
v 0.074405 -0.116488 1.094873
v 0.074405 0.115213 1.088931
v 0.082475 -0.116075 1.110946
v 0.082475 0.115625 1.105005
v 0.092479 -0.115696 1.125750
v 0.092479 0.116005 1.119808
v 0.104252 -0.115353 1.139119
v 0.104252 0.116348 1.133177
v 0.117628 -0.115051 1.150885
v 0.117628 0.116650 1.144943
v 0.132440 -0.114795 1.160884
v 0.132440 0.116906 1.154942
v 0.148522 -0.114588 1.168950
v 0.148522 0.117113 1.163008
v 0.165709 -0.114435 1.174917
v 0.165709 0.117266 1.168975
v 0.183835 -0.114340 1.178618
v 0.183835 0.117361 1.172676
v 0.202733 -0.114307 1.179889
v 0.202733 0.117393 1.173947
v 0.221632 -0.114340 1.178618
v 0.221632 0.117361 1.172676
v 0.239757 -0.114435 1.174917
v 0.239758 0.117266 1.168975
v 0.256945 -0.114588 1.168950
v 0.256945 0.117113 1.163008
v 0.273027 -0.114795 1.160884
v 0.273027 0.116906 1.154942
v 0.287839 -0.115051 1.150885
v 0.287839 0.116649 1.144943
v 0.301214 -0.115353 1.139119
v 0.301214 0.116348 1.133177
v 0.312987 -0.115696 1.125750
v 0.312987 0.116005 1.119809
v 0.322992 -0.116076 1.110947
v 0.322992 0.115625 1.105005
v 0.331062 -0.116488 1.094873
v 0.331062 0.115213 1.088931
v 0.337032 -0.116928 1.077695
v 0.337032 0.114772 1.071753
v 0.340735 -0.117393 1.059579
v 0.340735 0.114308 1.053637
v 0.342007 -0.117877 1.040691
v 0.342007 0.113824 1.034749
v 0.340735 -0.118362 1.021803
v 0.340735 0.113339 1.015861
v 0.337032 -0.118826 1.003687
v 0.337032 0.112875 0.997745
v 0.331062 -0.119267 0.986509
v 0.331062 0.112434 0.980567
v 0.322992 -0.119679 0.970435
v 0.322992 0.112022 0.964493
v 0.312987 -0.120059 0.955631
v 0.312987 0.111642 0.949689
v 0.301214 -0.120401 0.942263
v 0.301214 0.111299 0.936321
v 0.287839 -0.120703 0.930496
v 0.287839 0.110998 0.924554
v 0.273027 -0.120960 0.920497
v 0.273027 0.110741 0.914555
v 0.256945 -0.121166 0.912431
v 0.256945 0.110534 0.906489
v 0.239757 -0.121319 0.906465
v 0.239758 0.110381 0.900523
v 0.221632 -0.121414 0.902763
v 0.221632 0.110286 0.896821
v 0.202733 -0.121447 0.901492
v 0.202733 0.110254 0.895550
v 0.183834 -0.121414 0.902763
v 0.183834 0.110286 0.896821
v 0.165708 -0.121319 0.906465
v 0.165708 0.110381 0.900523
v 0.148521 -0.121166 0.912431
v 0.148521 0.110534 0.906489
v 0.132438 -0.120959 0.920497
v 0.132438 0.110741 0.914555
v 0.117626 -0.120703 0.930496
v 0.117626 0.110998 0.924554
v 0.104251 -0.120401 0.942263
v 0.104251 0.111299 0.936321
v 0.092478 -0.120058 0.955631
v 0.092478 0.111642 0.949689
v 0.082474 -0.119679 0.970435
v 0.082474 0.112022 0.964493
v 0.074404 -0.119267 0.986509
v 0.074404 0.112434 0.980567
v 0.068435 -0.118826 1.003687
v 0.068435 0.112875 0.997745
v 0.064731 -0.118362 1.021803
v 0.064731 0.113339 1.015861
v 0.063460 -0.117877 1.040691
v 0.063460 0.113824 1.034749
v -0.671031 -0.131133 0.523769
v -0.671031 0.100567 0.517827
v -0.670089 -0.130170 0.561320
v -0.670089 0.101530 0.555378
v -0.667438 -0.129155 0.600917
v -0.667438 0.102546 0.594975
v -0.662193 -0.128117 0.641376
v -0.662193 0.103583 0.635434
v -0.653469 -0.127088 0.681511
v -0.653469 0.104613 0.675569
v -0.640382 -0.126097 0.720139
v -0.640382 0.105603 0.714197
v -0.622047 -0.125176 0.756074
v -0.622047 0.106525 0.750132
v -0.597579 -0.124354 0.788132
v -0.597579 0.107347 0.782190
v -0.566094 -0.123661 0.815128
v -0.566094 0.108039 0.809186
v -0.526707 -0.123129 0.835878
v -0.526707 0.108571 0.829936
v -0.478534 -0.122788 0.849197
v -0.478534 0.108913 0.843255
v -0.420689 -0.122667 0.853900
v -0.420689 0.109034 0.847958
v -0.393482 -0.122689 0.853049
v -0.393482 0.109012 0.847107
v -0.368640 -0.122753 0.850567
v -0.368640 0.108948 0.844625
v -0.346015 -0.122856 0.846554
v -0.346014 0.108845 0.840612
v -0.325456 -0.122995 0.841112
v -0.325456 0.108706 0.835170
v -0.306816 -0.123169 0.834343
v -0.306816 0.108532 0.828401
v -0.289946 -0.123374 0.826349
v -0.289946 0.108327 0.820407
v -0.274697 -0.123608 0.817232
v -0.274696 0.108093 0.811290
v -0.260919 -0.123868 0.807093
v -0.260919 0.107833 0.801151
v -0.248466 -0.124151 0.796034
v -0.248465 0.107550 0.790092
v -0.237186 -0.124456 0.784158
v -0.237186 0.107245 0.778216
v -0.226933 -0.124779 0.771565
v -0.226933 0.106922 0.765623
v -0.217556 -0.125117 0.758358
v -0.217556 0.106583 0.752416
v -0.217556 -0.125090 0.759412
v -0.217556 0.106610 0.753470
v -0.217556 -0.125016 0.762327
v -0.217556 0.106685 0.756385
v -0.217556 -0.124903 0.766731
v -0.217556 0.106798 0.760789
v -0.217556 -0.124761 0.772251
v -0.217556 0.106940 0.766309
v -0.217556 -0.124600 0.778515
v -0.217556 0.107100 0.772573
v -0.217556 -0.124430 0.785151
v -0.217556 0.107270 0.779209
v -0.217556 -0.124260 0.791787
v -0.217556 0.107441 0.785845
v -0.217556 -0.124099 0.798051
v -0.217556 0.107601 0.792109
v -0.217556 -0.123958 0.803571
v -0.217556 0.107743 0.797629
v -0.217556 -0.123845 0.807975
v -0.217556 0.107856 0.802033
v -0.217556 -0.123770 0.810890
v -0.217556 0.107930 0.804948
v -0.217556 -0.123743 0.811944
v -0.217556 0.107958 0.806002
v -0.217267 -0.123633 0.816239
v -0.217267 0.108068 0.810297
v -0.216425 -0.123527 0.820357
v -0.216425 0.108173 0.814415
v -0.215068 -0.123427 0.824263
v -0.215068 0.108273 0.818321
v -0.213233 -0.123334 0.827917
v -0.213233 0.108367 0.821975
v -0.210958 -0.123247 0.831283
v -0.210958 0.108453 0.825341
v -0.208281 -0.123169 0.834323
v -0.208281 0.108531 0.828381
v -0.205240 -0.123101 0.836998
v -0.205240 0.108600 0.831056
v -0.201872 -0.123042 0.839272
v -0.201872 0.108658 0.833330
v -0.198216 -0.122995 0.841106
v -0.198216 0.108705 0.835164
v -0.194308 -0.122961 0.842462
v -0.194308 0.108740 0.836520
v -0.190187 -0.122939 0.843304
v -0.190187 0.108762 0.837362
v -0.185891 -0.122932 0.843593
v -0.185890 0.108769 0.837651
v -0.182897 -0.122932 0.843593
v -0.182897 0.108769 0.837651
v -0.174620 -0.122932 0.843593
v -0.174620 0.108769 0.837651
v -0.162117 -0.122932 0.843593
v -0.162117 0.108769 0.837651
v -0.146444 -0.122932 0.843593
v -0.146444 0.108769 0.837651
v -0.128658 -0.122932 0.843593
v -0.128658 0.108769 0.837651
v -0.109815 -0.122932 0.843593
v -0.109815 0.108769 0.837651
v -0.090972 -0.122932 0.843593
v -0.090972 0.108769 0.837651
v -0.073186 -0.122932 0.843593
v -0.073186 0.108769 0.837651
v -0.057513 -0.122932 0.843593
v -0.057513 0.108769 0.837651
v -0.045010 -0.122932 0.843593
v -0.045010 0.108769 0.837651
v -0.036734 -0.122932 0.843593
v -0.036733 0.108769 0.837651
v -0.033740 -0.122932 0.843593
v -0.033740 0.108769 0.837651
v -0.029443 -0.122939 0.843304
v -0.029443 0.108762 0.837362
v -0.025322 -0.122961 0.842462
v -0.025322 0.108740 0.836520
v -0.021415 -0.122995 0.841106
v -0.021415 0.108705 0.835164
v -0.017758 -0.123042 0.839272
v -0.017758 0.108658 0.833330
v -0.014390 -0.123101 0.836998
v -0.014390 0.108600 0.831056
v -0.011349 -0.123169 0.834323
v -0.011349 0.108531 0.828381
v -0.008672 -0.123247 0.831283
v -0.008672 0.108453 0.825341
v -0.006398 -0.123334 0.827917
v -0.006397 0.108367 0.821975
v -0.004563 -0.123427 0.824263
v -0.004562 0.108273 0.818321
v -0.003205 -0.123528 0.820357
v -0.003205 0.108173 0.814415
v -0.002363 -0.123633 0.816239
v -0.002363 0.108068 0.810297
v -0.002074 -0.123743 0.811944
v -0.002074 0.107957 0.806002
v -0.002074 -0.124056 0.799750
v -0.002074 0.107645 0.793808
v -0.002074 -0.124921 0.766036
v -0.002074 0.106780 0.760094
v -0.002074 -0.126227 0.715106
v -0.002074 0.105474 0.709164
v -0.002074 -0.127864 0.651264
v -0.002074 0.103837 0.645322
v -0.002074 -0.129722 0.578815
v -0.002074 0.101979 0.572873
v -0.002074 -0.131690 0.502062
v -0.002074 0.100011 0.496120
v -0.002074 -0.133658 0.425308
v -0.002074 0.098042 0.419366
v -0.002074 -0.135516 0.352859
v -0.002074 0.096184 0.346917
v -0.002074 -0.137154 0.289017
v -0.002074 0.094547 0.283075
v -0.002074 -0.138460 0.238087
v -0.002074 0.093241 0.232145
v -0.002074 -0.139324 0.204373
v -0.002074 0.092376 0.198431
v -0.002074 -0.139637 0.192179
v -0.002074 0.092064 0.186237
v -0.002363 -0.139747 0.187885
v -0.002363 0.091954 0.181943
v -0.003205 -0.139853 0.183766
v -0.003205 0.091848 0.177824
v -0.004563 -0.139953 0.179860
v -0.004562 0.091748 0.173918
v -0.006398 -0.140047 0.176206
v -0.006397 0.091654 0.170264
v -0.008672 -0.140133 0.172840
v -0.008672 0.091568 0.166898
v -0.011349 -0.140211 0.169800
v -0.011349 0.091490 0.163858
v -0.014390 -0.140280 0.167125
v -0.014390 0.091421 0.161183
v -0.017758 -0.140338 0.164851
v -0.017758 0.091363 0.158909
v -0.021415 -0.140385 0.163017
v -0.021415 0.091316 0.157075
v -0.025322 -0.140420 0.161661
v -0.025322 0.091281 0.155719
v -0.029443 -0.140441 0.160819
v -0.029443 0.091259 0.154877
v -0.033740 -0.140449 0.160530
v -0.033740 0.091252 0.154588
v -0.036734 -0.140449 0.160530
v -0.036733 0.091252 0.154588
v -0.045010 -0.140449 0.160530
v -0.045010 0.091252 0.154588
v -0.057513 -0.140449 0.160530
v -0.057513 0.091252 0.154588
v -0.073186 -0.140449 0.160530
v -0.073186 0.091252 0.154588
v -0.090972 -0.140449 0.160530
v -0.090972 0.091252 0.154588
v -0.109815 -0.140449 0.160530
v -0.109815 0.091252 0.154588
v -0.128658 -0.140449 0.160530
v -0.128658 0.091252 0.154588
v -0.146444 -0.140449 0.160530
v -0.146444 0.091252 0.154588
v -0.162117 -0.140449 0.160530
v -0.162117 0.091252 0.154588
v -0.174620 -0.140449 0.160530
v -0.174620 0.091252 0.154588
v -0.182897 -0.140449 0.160530
v -0.182897 0.091252 0.154588
v -0.185891 -0.140449 0.160530
v -0.185890 0.091252 0.154588
v -0.190188 -0.140441 0.160819
v -0.190188 0.091260 0.154877
v -0.194309 -0.140420 0.161661
v -0.194309 0.091281 0.155719
v -0.198217 -0.140385 0.163017
v -0.198217 0.091316 0.157075
v -0.201874 -0.140338 0.164851
v -0.201874 0.091363 0.158909
v -0.205241 -0.140279 0.167125
v -0.205241 0.091421 0.161183
v -0.208282 -0.140211 0.169800
v -0.208282 0.091490 0.163858
v -0.210959 -0.140133 0.172840
v -0.210959 0.091568 0.166898
v -0.213233 -0.140047 0.176206
v -0.213233 0.091654 0.170264
v -0.215068 -0.139953 0.179860
v -0.215068 0.091748 0.173918
v -0.216425 -0.139853 0.183766
v -0.216425 0.091848 0.177824
v -0.217267 -0.139747 0.187885
v -0.217267 0.091954 0.181943
v -0.217556 -0.139637 0.192179
v -0.217556 0.092064 0.186237
v -0.217556 -0.139469 0.198717
v -0.217556 0.092231 0.192775
v -0.217556 -0.139006 0.216793
v -0.217556 0.092695 0.210852
v -0.217556 -0.138305 0.244100
v -0.217556 0.093395 0.238158
v -0.217556 -0.137428 0.278330
v -0.217556 0.094273 0.272388
v -0.217556 -0.136431 0.317175
v -0.217556 0.095269 0.311233
v -0.217556 -0.135376 0.358328
v -0.217556 0.096325 0.352386
v -0.217556 -0.134321 0.399480
v -0.217556 0.097380 0.393539
v -0.217556 -0.133325 0.438325
v -0.217556 0.098376 0.432384
v -0.217556 -0.132447 0.472555
v -0.217556 0.099254 0.466613
v -0.217556 -0.131746 0.499862
v -0.217556 0.099954 0.493920
v -0.217556 -0.131283 0.517939
v -0.217556 0.100418 0.511997
v -0.217556 -0.131115 0.524477
v -0.217556 0.100585 0.518535
v -0.218907 -0.130802 0.536692
v -0.218907 0.100899 0.530750
v -0.221126 -0.130444 0.550657
v -0.221125 0.101257 0.544715
v -0.224427 -0.130055 0.565835
v -0.224427 0.101646 0.559893
v -0.229024 -0.129648 0.581691
v -0.229024 0.102053 0.575749
v -0.235132 -0.129238 0.597688
v -0.235132 0.102463 0.591746
v -0.242963 -0.128838 0.613291
v -0.242963 0.102863 0.607349
v -0.252732 -0.128461 0.627963
v -0.252732 0.103239 0.622021
v -0.264653 -0.128123 0.641170
v -0.264653 0.103578 0.635228
v -0.278938 -0.127835 0.652375
v -0.278938 0.103865 0.646433
v -0.295803 -0.127613 0.661041
v -0.295803 0.104088 0.655099
v -0.315460 -0.127470 0.666634
v -0.315460 0.104231 0.660692
v -0.338124 -0.127419 0.668618
v -0.338123 0.104282 0.662676
v -0.366592 -0.127493 0.665733
v -0.366592 0.104208 0.659791
v -0.389848 -0.127700 0.657652
v -0.389848 0.104001 0.651710
v -0.408414 -0.128018 0.645234
v -0.408414 0.103682 0.639292
v -0.422811 -0.128426 0.629341
v -0.422811 0.103275 0.623399
v -0.433561 -0.128901 0.610832
v -0.433560 0.102800 0.604890
v -0.441185 -0.129420 0.590567
v -0.441185 0.102280 0.584625
v -0.446205 -0.129963 0.569407
v -0.446205 0.101738 0.563465
v -0.449143 -0.130506 0.548212
v -0.449143 0.101194 0.542270
v -0.450520 -0.131029 0.527842
v -0.450520 0.100672 0.521900
v -0.450858 -0.131508 0.509157
v -0.450858 0.100193 0.503215
v -0.450678 -0.131922 0.493017
v -0.450678 0.099779 0.487075
v -0.450502 -0.132249 0.480283
v -0.450502 0.099452 0.474341
v -0.450502 -0.132394 0.474614
v -0.450502 0.099307 0.468672
v -0.450502 -0.132796 0.458942
v -0.450502 0.098905 0.453000
v -0.450502 -0.133403 0.435267
v -0.450502 0.098298 0.429325
v -0.450502 -0.134164 0.405589
v -0.450502 0.097537 0.399647
v -0.450502 -0.135028 0.371910
v -0.450502 0.096673 0.365969
v -0.450502 -0.135943 0.336231
v -0.450502 0.095758 0.330289
v -0.450502 -0.136858 0.300551
v -0.450502 0.094843 0.294609
v -0.450502 -0.137721 0.266872
v -0.450502 0.093979 0.260931
v -0.450502 -0.138482 0.237195
v -0.450502 0.093218 0.231253
v -0.450502 -0.139090 0.213520
v -0.450502 0.092611 0.207578
v -0.450502 -0.139492 0.197848
v -0.450502 0.092209 0.191906
v -0.450502 -0.139637 0.192179
v -0.450502 0.092064 0.186237
v -0.450791 -0.139747 0.187885
v -0.450791 0.091954 0.181943
v -0.451633 -0.139853 0.183766
v -0.451633 0.091848 0.177824
v -0.452991 -0.139953 0.179860
v -0.452990 0.091748 0.173918
v -0.454826 -0.140047 0.176206
v -0.454825 0.091654 0.170264
v -0.457100 -0.140133 0.172840
v -0.457100 0.091568 0.166898
v -0.459777 -0.140211 0.169800
v -0.459777 0.091490 0.163858
v -0.462818 -0.140279 0.167125
v -0.462818 0.091421 0.161183
v -0.466186 -0.140338 0.164851
v -0.466186 0.091363 0.158909
v -0.469843 -0.140385 0.163017
v -0.469842 0.091316 0.157075
v -0.473750 -0.140420 0.161661
v -0.473750 0.091281 0.155719
v -0.477871 -0.140441 0.160819
v -0.477871 0.091260 0.154877
v -0.482168 -0.140449 0.160530
v -0.482168 0.091252 0.154588
v -0.485263 -0.140449 0.160530
v -0.485263 0.091252 0.154588
v -0.493821 -0.140449 0.160530
v -0.493821 0.091252 0.154588
v -0.506748 -0.140449 0.160530
v -0.506748 0.091252 0.154588
v -0.522953 -0.140449 0.160530
v -0.522953 0.091252 0.154588
v -0.541343 -0.140448 0.160530
v -0.541343 0.091252 0.154588
v -0.560825 -0.140448 0.160530
v -0.560825 0.091252 0.154588
v -0.580308 -0.140448 0.160530
v -0.580308 0.091252 0.154588
v -0.598698 -0.140448 0.160530
v -0.598698 0.091252 0.154588
v -0.614903 -0.140448 0.160530
v -0.614903 0.091252 0.154588
v -0.627830 -0.140448 0.160530
v -0.627830 0.091252 0.154588
v -0.636388 -0.140448 0.160530
v -0.636388 0.091252 0.154588
v -0.639483 -0.140448 0.160530
v -0.639483 0.091252 0.154588
v -0.643780 -0.140441 0.160819
v -0.643780 0.091260 0.154877
v -0.647901 -0.140419 0.161661
v -0.647901 0.091281 0.155719
v -0.651808 -0.140385 0.163017
v -0.651808 0.091316 0.157075
v -0.655465 -0.140338 0.164851
v -0.655465 0.091363 0.158909
v -0.658833 -0.140279 0.167125
v -0.658833 0.091421 0.161183
v -0.661874 -0.140211 0.169800
v -0.661874 0.091490 0.163858
v -0.664551 -0.140133 0.172840
v -0.664551 0.091568 0.166898
v -0.666825 -0.140046 0.176206
v -0.666825 0.091654 0.170264
v -0.668660 -0.139953 0.179860
v -0.668660 0.091748 0.173918
v -0.670018 -0.139853 0.183766
v -0.670018 0.091848 0.177824
v -0.670860 -0.139747 0.187885
v -0.670860 0.091954 0.181943
v -0.671149 -0.139637 0.192179
v -0.671149 0.092064 0.186237
v -0.671149 -0.139487 0.198028
v -0.671149 0.092214 0.192086
v -0.671149 -0.139072 0.214199
v -0.671149 0.092629 0.208257
v -0.671149 -0.138446 0.238627
v -0.671149 0.093255 0.232685
v -0.671149 -0.137660 0.269249
v -0.671149 0.094040 0.263307
v -0.671149 -0.136769 0.303999
v -0.671149 0.094932 0.298057
v -0.671149 -0.135825 0.340814
v -0.671149 0.095876 0.334872
v -0.671149 -0.134881 0.377629
v -0.671149 0.096820 0.371687
v -0.671149 -0.133990 0.412379
v -0.671149 0.097711 0.406438
v -0.671149 -0.133205 0.443001
v -0.671149 0.098496 0.437059
v -0.671149 -0.132578 0.467430
v -0.671149 0.099123 0.461488
v -0.671149 -0.132163 0.483601
v -0.671149 0.099537 0.477659
v -0.671149 -0.132013 0.489450
v -0.671149 0.099687 0.483508
vn -0.0000 0.9997 -0.0256
vn -0.0000 -0.9997 0.0256
vn -1.0000 -0.0000 -0.0000
vn -0.9994 -0.0009 -0.0336
vn -0.9910 -0.0034 -0.1339
vn -0.9643 -0.0068 -0.2647
vn -0.9212 -0.0100 -0.3891
vn -0.8630 -0.0130 -0.5051
vn -0.7912 -0.0157 -0.6113
vn -0.7070 -0.0181 -0.7069
vn -0.6114 -0.0203 -0.7911
vn -0.5051 -0.0221 -0.8628
vn -0.3891 -0.0236 -0.9209
vn -0.2647 -0.0247 -0.9640
vn -0.1339 -0.0254 -0.9907
vn -0.0336 -0.0256 -0.9991
vn -0.0000 -0.0256 -0.9997
vn 0.0336 -0.0256 -0.9991
vn 0.1339 -0.0254 -0.9907
vn 0.2647 -0.0247 -0.9640
vn 0.3891 -0.0236 -0.9209
vn 0.5051 -0.0221 -0.8628
vn 0.6114 -0.0203 -0.7911
vn 0.7070 -0.0181 -0.7069
vn 0.7912 -0.0157 -0.6113
vn 0.8630 -0.0130 -0.5051
vn 0.9212 -0.0100 -0.3891
vn 0.9643 -0.0068 -0.2647
vn 0.9910 -0.0034 -0.1339
vn 0.9994 -0.0009 -0.0336
vn 1.0000 -0.0000 -0.0000
vn 0.9994 0.0009 0.0336
vn 0.9910 0.0034 0.1339
vn 0.9643 0.0068 0.2647
vn 0.9211 0.0100 0.3891
vn 0.8630 0.0130 0.5051
vn 0.7912 0.0157 0.6113
vn 0.7070 0.0181 0.7069
vn 0.6114 0.0203 0.7911
vn 0.5051 0.0221 0.8628
vn 0.3891 0.0236 0.9209
vn 0.2647 0.0247 0.9640
vn 0.1339 0.0254 0.9907
vn 0.0336 0.0256 0.9991
vn -0.0336 0.0256 0.9991
vn -0.1339 0.0254 0.9907
vn -0.2647 0.0247 0.9640
vn -0.3891 0.0236 0.9209
vn -0.5051 0.0221 0.8628
vn -0.6114 0.0203 0.7911
vn -0.7070 0.0181 0.7069
vn -0.7912 0.0157 0.6113
vn -0.8630 0.0130 0.5051
vn -0.9212 0.0100 0.3891
vn -0.9643 0.0068 0.2647
vn -0.9910 0.0034 0.1339
vn -0.9994 0.0009 0.0336
vn -0.0000 0.0256 0.9997
vn 0.9212 0.0100 0.3891
vn 0.9211 -0.0100 -0.3891
vn -0.9211 -0.0100 -0.3891
vn -0.9211 0.0100 0.3891
vn 0.9999 -0.0004 -0.0142
vn 0.9989 -0.0012 -0.0459
vn 0.9952 -0.0025 -0.0977
vn 0.9853 -0.0044 -0.1705
vn 0.9637 -0.0068 -0.2669
vn 0.9214 -0.0100 -0.3885
vn 0.8463 -0.0137 -0.5325
vn 0.7270 -0.0176 -0.6864
vn 0.5621 -0.0212 -0.8268
vn 0.3685 -0.0238 -0.9293
vn 0.1746 -0.0252 -0.9843
vn 0.0249 -0.0256 -0.9994
vn -0.0654 -0.0256 -0.9975
vn -0.1372 -0.0254 -0.9902
vn -0.2155 -0.0250 -0.9762
vn -0.2990 -0.0245 -0.9539
vn -0.3853 -0.0237 -0.9225
vn -0.4713 -0.0226 -0.8817
vn -0.5537 -0.0213 -0.8324
vn -0.6291 -0.0199 -0.7770
vn -0.6953 -0.0184 -0.7185
vn -0.7509 -0.0169 -0.6602
vn -0.7960 -0.0155 -0.6052
vn 0.3037 -0.0244 -0.9524
vn 0.9910 -0.0034 -0.1340
vn 0.7912 -0.0157 -0.6114
vn 0.1340 -0.0254 -0.9907
vn -0.1340 -0.0254 -0.9907
vn -0.7912 -0.0157 -0.6114
vn -0.9910 -0.0034 -0.1340
vn -0.9910 0.0034 0.1340
vn -0.7912 0.0157 0.6114
vn -0.7070 0.0181 0.7070
vn 0.7071 0.0181 0.7069
vn 0.8630 0.0130 0.5050
vn 0.9985 0.0014 0.0550
vn 0.9911 0.0034 0.1333
vn 0.9828 0.0047 0.1847
vn 0.9694 0.0063 0.2455
vn 0.9482 0.0081 0.3177
vn 0.9152 0.0103 0.4029
vn 0.8647 0.0129 0.5020
vn 0.7896 0.0157 0.6134
vn 0.6824 0.0187 0.7308
vn 0.5397 0.0216 0.8416
vn 0.3673 0.0238 0.9298
vn 0.1813 0.0252 0.9831
vn -0.0069 0.0256 0.9996
vn -0.2161 0.0250 0.9761
vn -0.4458 0.0229 0.8948
vn -0.6536 0.0194 0.7566
vn -0.8075 0.0151 0.5897
vn -0.9035 0.0110 0.4284
vn -0.9564 0.0075 0.2919
vn -0.9829 0.0047 0.1842
vn -0.9947 0.0026 0.1024
vn -0.9991 0.0011 0.0427
vn -1.0000 0.0001 0.0035
vn -0.9999 -0.0003 -0.0125
vn -1.0000 -0.0002 -0.0069
vn 0.1340 0.0254 0.9907
vn 0.7070 0.0181 0.7070
vn 0.7912 0.0157 0.6114
vn 0.9910 0.0034 0.1340
vn 1.0000 -0.0000 -0.0017
vt 0.157658 0.000000
vt 0.162162 0.000000
vt 0.159910 0.000000
vt 0.164414 0.000000
vt 0.155405 0.000000
vt 0.166667 0.000000
vt 0.153153 0.000000
vt 0.168919 0.000000
vt 0.150901 0.000000
vt 0.171171 0.000000
vt 0.148649 0.000000
vt 0.173423 0.000000
vt 0.146396 0.000000
vt 0.175676 0.000000
vt 0.144144 0.000000
vt 0.177928 0.000000
vt 0.141892 0.000000
vt 0.180180 0.000000
vt 0.139640 0.000000
vt 0.182432 0.000000
vt 0.137387 0.000000
vt 0.184685 0.000000
vt 0.135135 0.000000
vt 0.186937 0.000000
vt 0.132883 0.000000
vt 0.189189 0.000000
vt 0.130631 0.000000
vt 0.000000 0.000000
vt 0.128378 0.000000
vt 0.434685 0.000000
vt 0.432432 0.000000
vt 0.002252 0.000000
vt 0.430180 0.000000
vt 0.436937 0.000000
vt 0.427928 0.000000
vt 0.439189 0.000000
vt 0.425676 0.000000
vt 0.441441 0.000000
vt 0.423423 0.000000
vt 0.443694 0.000000
vt 0.421171 0.000000
vt 0.445946 0.000000
vt 0.418919 0.000000
vt 0.448198 0.000000
vt 0.416667 0.000000
vt 0.126126 0.000000
vt 0.004505 0.000000
vt 0.450450 0.000000
vt 0.414414 0.000000
vt 0.452703 0.000000
vt 0.412162 0.000000
vt 0.454955 0.000000
vt 0.409910 0.000000
vt 0.457207 0.000000
vt 0.407658 0.000000
vt 0.459459 0.000000
vt 0.513514 0.000000
vt 0.461712 0.000000
vt 0.511261 0.000000
vt 0.123874 0.000000
vt 0.006757 0.000000
vt 0.463964 0.000000
vt 0.509009 0.000000
vt 0.466216 0.000000
vt 0.506757 0.000000
vt 0.468468 0.000000
vt 0.504505 0.000000
vt 0.470721 0.000000
vt 0.502252 0.000000
vt 0.472973 0.000000
vt 0.500000 0.000000
vt 0.475225 0.000000
vt 0.497748 0.000000
vt 0.477477 0.000000
vt 0.495495 0.000000
vt 0.121622 0.000000
vt 0.538288 0.000000
vt 0.009009 0.000000
vt 0.479730 0.000000
vt 0.493243 0.000000
vt 0.481982 0.000000
vt 0.490991 0.000000
vt 0.484234 0.000000
vt 0.488739 0.000000
vt 0.540541 0.000000
vt 0.486486 0.000000
vt 0.245495 0.000000
vt 0.243243 0.000000
vt 0.542793 0.000000
vt 0.545045 0.000000
vt 0.547297 0.000000
vt 0.536036 0.000000
vt 0.240991 0.000000
vt 0.238739 0.000000
vt 0.236486 0.000000
vt 0.234234 0.000000
vt 0.231982 0.000000
vt 0.229730 0.000000
vt 0.227477 0.000000
vt 0.225225 0.000000
vt 0.222973 0.000000
vt 0.220721 0.000000
vt 0.218468 0.000000
vt 0.216216 0.000000
vt 0.648649 0.000000
vt 0.646396 0.000000
vt 0.641892 0.000000
vt 0.639640 0.000000
vt 0.637387 0.000000
vt 0.630631 0.000000
vt 0.628378 0.000000
vt 0.626126 0.000000
vt 0.621622 0.000000
vt 0.549550 0.000000
vt 0.213964 0.000000
vt 0.650901 0.000000
vt 0.644144 0.000000
vt 0.635135 0.000000
vt 0.632883 0.000000
vt 0.623874 0.000000
vt 0.619369 0.000000
vt 0.653153 0.000000
vt 0.617117 0.000000
vt 0.247748 0.000000
vt 0.211712 0.000000
vt 0.655405 0.000000
vt 0.614865 0.000000
vt 0.250000 0.000000
vt 0.209459 0.000000
vt 0.551802 0.000000
vt 0.657658 0.000000
vt 0.612613 0.000000
vt 0.252252 0.000000
vt 0.207207 0.000000
vt 0.659910 0.000000
vt 0.610360 0.000000
vt 0.254505 0.000000
vt 0.204955 0.000000
vt 0.662162 0.000000
vt 0.608108 0.000000
vt 0.256757 0.000000
vt 0.202703 0.000000
vt 0.533784 0.000000
vt 0.554054 0.000000
vt 0.664414 0.000000
vt 0.605856 0.000000
vt 0.259009 0.000000
vt 0.200450 0.000000
vt 0.666667 0.000000
vt 0.603604 0.000000
vt 0.261261 0.000000
vt 0.198198 0.000000
vt 0.668919 0.000000
vt 0.601351 0.000000
vt 0.263514 0.000000
vt 0.195946 0.000000
vt 0.556306 0.000000
vt 0.671171 0.000000
vt 0.599099 0.000000
vt 0.265766 0.000000
vt 0.193694 0.000000
vt 0.673423 0.000000
vt 0.596847 0.000000
vt 0.268018 0.000000
vt 0.191441 0.000000
vt 0.558559 0.000000
vt 0.675676 0.000000
vt 0.594595 0.000000
vt 0.531532 0.000000
vt 0.270270 0.000000
vt 0.405405 0.000000
vt 0.677928 0.000000
vt 0.592342 0.000000
vt 0.590090 0.000000
vt 0.272523 0.000000
vt 0.403153 0.000000
vt 0.587838 0.000000
vt 0.560811 0.000000
vt 0.585586 0.000000
vt 0.119369 0.000000
vt 0.011261 0.000000
vt 0.680180 0.000000
vt 0.583333 0.000000
vt 0.274775 0.000000
vt 0.400901 0.000000
vt 0.563063 0.000000
vt 0.581081 0.000000
vt 0.529279 0.000000
vt 0.578829 0.000000
vt 0.565315 0.000000
vt 0.576577 0.000000
vt 0.574324 0.000000
vt 0.572072 0.000000
vt 0.569820 0.000000
vt 0.567568 0.000000
vt 0.682432 0.000000
vt 0.277027 0.000000
vt 0.398649 0.000000
vt 0.527027 0.000000
vt 0.524775 0.000000
vt 0.684685 0.000000
vt 0.279279 0.000000
vt 0.396396 0.000000
vt 0.522523 0.000000
vt 0.013514 0.000000
vt 0.117117 0.000000
vt 0.835586 0.000000
vt 0.840090 0.000000
vt 0.837838 0.000000
vt 0.833333 0.000000
vt 0.842342 0.000000
vt 0.831081 0.000000
vt 0.844595 0.000000
vt 0.828829 0.000000
vt 0.686937 0.000000
vt 0.281532 0.000000
vt 0.394144 0.000000
vt 0.846847 0.000000
vt 0.520270 0.000000
vt 0.826577 0.000000
vt 0.849099 0.000000
vt 0.824324 0.000000
vt 0.822072 0.000000
vt 0.851351 0.000000
vt 0.518018 0.000000
vt 0.819820 0.000000
vt 0.853604 0.000000
vt 0.817568 0.000000
vt 0.689189 0.000000
vt 0.283784 0.000000
vt 0.391892 0.000000
vt 0.855856 0.000000
vt 0.815315 0.000000
vt 0.515766 0.000000
vt 0.813063 0.000000
vt 0.858108 0.000000
vt 0.015766 0.000000
vt 0.114865 0.000000
vt 0.810811 0.000000
vt 0.860360 0.000000
vt 0.808559 0.000000
vt 1.000000 0.000000
vt 0.806306 0.000000
vt 0.862613 0.000000
vt 0.286036 0.000000
vt 0.389640 0.000000
vt 0.691441 0.000000
vt 0.804054 0.000000
vt 0.864865 0.000000
vt 0.997748 0.000000
vt 0.995495 0.000000
vt 0.867117 0.000000
vt 0.869369 0.000000
vt 0.801802 0.000000
vt 0.993243 0.000000
vt 0.871622 0.000000
vt 0.990991 0.000000
vt 0.799550 0.000000
vt 0.873874 0.000000
vt 0.288288 0.000000
vt 0.387387 0.000000
vt 0.693694 0.000000
vt 0.988739 0.000000
vt 0.018018 0.000000
vt 0.112613 0.000000
vt 0.876126 0.000000
vt 0.797297 0.000000
vt 0.986486 0.000000
vt 0.878378 0.000000
vt 0.795045 0.000000
vt 0.290541 0.000000
vt 0.385135 0.000000
vt 0.695946 0.000000
vt 0.984234 0.000000
vt 0.880631 0.000000
vt 0.792793 0.000000
vt 0.981982 0.000000
vt 0.020270 0.000000
vt 0.110360 0.000000
vt 0.882883 0.000000
vt 0.292793 0.000000
vt 0.382883 0.000000
vt 0.698198 0.000000
vt 0.790541 0.000000
vt 0.979730 0.000000
vt 0.885135 0.000000
vt 0.788288 0.000000
vt 0.380631 0.000000
vt 0.295045 0.000000
vt 0.977477 0.000000
vt 0.700450 0.000000
vt 0.887387 0.000000
vt 0.786036 0.000000
vt 0.975225 0.000000
vt 0.022523 0.000000
vt 0.108108 0.000000
vt 0.889640 0.000000
vt 0.378378 0.000000
vt 0.297297 0.000000
vt 0.702703 0.000000
vt 0.783784 0.000000
vt 0.972973 0.000000
vt 0.891892 0.000000
vt 0.299550 0.000000
vt 0.376126 0.000000
vt 0.704955 0.000000
vt 0.781532 0.000000
vt 0.894144 0.000000
vt 0.970721 0.000000
vt 0.301802 0.000000
vt 0.373874 0.000000
vt 0.779279 0.000000
vt 0.968468 0.000000
vt 0.707207 0.000000
vt 0.896396 0.000000
vt 0.304054 0.000000
vt 0.371622 0.000000
vt 0.777027 0.000000
vt 0.966216 0.000000
vt 0.709459 0.000000
vt 0.898649 0.000000
vt 0.306306 0.000000
vt 0.369369 0.000000
vt 0.774775 0.000000
vt 0.963964 0.000000
vt 0.711712 0.000000
vt 0.900901 0.000000
vt 0.308559 0.000000
vt 0.367117 0.000000
vt 0.772523 0.000000
vt 0.961712 0.000000
vt 0.713964 0.000000
vt 0.903153 0.000000
vt 0.310811 0.000000
vt 0.364865 0.000000
vt 0.770270 0.000000
vt 0.959459 0.000000
vt 0.716216 0.000000
vt 0.905405 0.000000
vt 0.313063 0.000000
vt 0.362613 0.000000
vt 0.768018 0.000000
vt 0.957207 0.000000
vt 0.718468 0.000000
vt 0.907658 0.000000
vt 0.315315 0.000000
vt 0.360360 0.000000
vt 0.765766 0.000000
vt 0.954955 0.000000
vt 0.720721 0.000000
vt 0.909910 0.000000
vt 0.358108 0.000000
vt 0.317568 0.000000
vt 0.763514 0.000000
vt 0.952703 0.000000
vt 0.722973 0.000000
vt 0.912162 0.000000
vt 0.355856 0.000000
vt 0.319820 0.000000
vt 0.761261 0.000000
vt 0.950450 0.000000
vt 0.725225 0.000000
vt 0.914414 0.000000
vt 0.353604 0.000000
vt 0.322072 0.000000
vt 0.759009 0.000000
vt 0.948198 0.000000
vt 0.727477 0.000000
vt 0.916667 0.000000
vt 0.351351 0.000000
vt 0.324324 0.000000
vt 0.756757 0.000000
vt 0.945946 0.000000
vt 0.729730 0.000000
vt 0.918919 0.000000
vt 0.326577 0.000000
vt 0.328829 0.000000
vt 0.331081 0.000000
vt 0.333333 0.000000
vt 0.335586 0.000000
vt 0.337838 0.000000
vt 0.340090 0.000000
vt 0.342342 0.000000
vt 0.344595 0.000000
vt 0.346847 0.000000
vt 0.349099 0.000000
vt 0.731982 0.000000
vt 0.734234 0.000000
vt 0.736486 0.000000
vt 0.738739 0.000000
vt 0.740991 0.000000
vt 0.743243 0.000000
vt 0.745495 0.000000
vt 0.747748 0.000000
vt 0.750000 0.000000
vt 0.752252 0.000000
vt 0.754505 0.000000
vt 0.921171 0.000000
vt 0.923423 0.000000
vt 0.925676 0.000000
vt 0.927928 0.000000
vt 0.930180 0.000000
vt 0.932432 0.000000
vt 0.934685 0.000000
vt 0.936937 0.000000
vt 0.939189 0.000000
vt 0.941441 0.000000
vt 0.943694 0.000000
vt 0.024775 0.000000
vt 0.105856 0.000000
vt 0.103604 0.000000
vt 0.027027 0.000000
vt 0.101351 0.000000
vt 0.029279 0.000000
vt 0.031532 0.000000
vt 0.099099 0.000000
vt 0.033784 0.000000
vt 0.096847 0.000000
vt 0.036036 0.000000
vt 0.094595 0.000000
vt 0.038288 0.000000
vt 0.092342 0.000000
vt 0.040541 0.000000
vt 0.090090 0.000000
vt 0.042793 0.000000
vt 0.087838 0.000000
vt 0.045045 0.000000
vt 0.085586 0.000000
vt 0.047297 0.000000
vt 0.083333 0.000000
vt 0.049550 0.000000
vt 0.081081 0.000000
vt 0.051802 0.000000
vt 0.078829 0.000000
vt 0.076577 0.000000
vt 0.074324 0.000000
vt 0.072072 0.000000
vt 0.069820 0.000000
vt 0.067568 0.000000
vt 0.065315 0.000000
vt 0.063063 0.000000
vt 0.060811 0.000000
vt 0.058559 0.000000
vt 0.056306 0.000000
vt 0.054054 0.000000
vt 0.000000 1.000000
vt 0.011765 1.000000
vt 0.011765 0.000000
vt 0.023529 1.000000
vt 0.023529 0.000000
vt 0.035294 1.000000
vt 0.035294 0.000000
vt 0.047059 1.000000
vt 0.047059 0.000000
vt 0.058824 1.000000
vt 0.058824 0.000000
vt 0.070588 1.000000
vt 0.070588 0.000000
vt 0.082353 1.000000
vt 0.082353 0.000000
vt 0.094118 1.000000
vt 0.094118 0.000000
vt 0.105882 1.000000
vt 0.105882 0.000000
vt 0.117647 1.000000
vt 0.117647 0.000000
vt 0.129412 1.000000
vt 0.129412 0.000000
vt 0.141176 1.000000
vt 0.141176 0.000000
vt 0.152941 1.000000
vt 0.152941 0.000000
vt 0.164706 1.000000
vt 0.164706 0.000000
vt 0.176471 1.000000
vt 0.176471 0.000000
vt 0.188235 1.000000
vt 0.188235 0.000000
vt 0.200000 1.000000
vt 0.200000 0.000000
vt 0.211765 1.000000
vt 0.211765 0.000000
vt 0.223529 1.000000
vt 0.223529 0.000000
vt 0.235294 1.000000
vt 0.235294 0.000000
vt 0.247059 1.000000
vt 0.247059 0.000000
vt 0.258824 1.000000
vt 0.258824 0.000000
vt 0.270588 1.000000
vt 0.270588 0.000000
vt 0.282353 1.000000
vt 0.282353 0.000000
vt 0.294118 1.000000
vt 0.294118 0.000000
vt 0.305882 1.000000
vt 0.305882 0.000000
vt 0.317647 1.000000
vt 0.317647 0.000000
vt 0.329412 1.000000
vt 0.329412 0.000000
vt 0.341176 1.000000
vt 0.341176 0.000000
vt 0.352941 1.000000
vt 0.352941 0.000000
vt 0.364706 1.000000
vt 0.364706 0.000000
vt 0.376471 1.000000
vt 0.376471 0.000000
vt 0.388235 1.000000
vt 0.388235 0.000000
vt 0.400000 1.000000
vt 0.400000 0.000000
vt 0.411765 1.000000
vt 0.411765 0.000000
vt 0.423529 1.000000
vt 0.423529 0.000000
vt 0.435294 1.000000
vt 0.435294 0.000000
vt 0.447059 1.000000
vt 0.447059 0.000000
vt 0.458824 1.000000
vt 0.458824 0.000000
vt 0.470588 1.000000
vt 0.470588 0.000000
vt 0.482353 1.000000
vt 0.482353 0.000000
vt 0.494118 1.000000
vt 0.494118 0.000000
vt 0.505882 1.000000
vt 0.505882 0.000000
vt 0.517647 1.000000
vt 0.517647 0.000000
vt 0.529412 1.000000
vt 0.529412 0.000000
vt 0.541176 1.000000
vt 0.541176 0.000000
vt 0.552941 1.000000
vt 0.552941 0.000000
vt 0.564706 1.000000
vt 0.564706 0.000000
vt 0.576471 1.000000
vt 0.576471 0.000000
vt 0.588235 1.000000
vt 0.588235 0.000000
vt 0.600000 1.000000
vt 0.600000 0.000000
vt 0.611765 1.000000
vt 0.611765 0.000000
vt 0.623529 1.000000
vt 0.623529 0.000000
vt 0.635294 1.000000
vt 0.635294 0.000000
vt 0.647059 1.000000
vt 0.647059 0.000000
vt 0.658824 1.000000
vt 0.658824 0.000000
vt 0.670588 1.000000
vt 0.670588 0.000000
vt 0.682353 1.000000
vt 0.682353 0.000000
vt 0.694118 1.000000
vt 0.694118 0.000000
vt 0.705882 1.000000
vt 0.705882 0.000000
vt 0.717647 1.000000
vt 0.717647 0.000000
vt 0.729412 1.000000
vt 0.729412 0.000000
vt 0.741176 1.000000
vt 0.741176 0.000000
vt 0.752941 1.000000
vt 0.752941 0.000000
vt 0.764706 1.000000
vt 0.764706 0.000000
vt 0.776471 1.000000
vt 0.776471 0.000000
vt 0.788235 1.000000
vt 0.788235 0.000000
vt 0.800000 1.000000
vt 0.800000 0.000000
vt 0.811765 1.000000
vt 0.811765 0.000000
vt 0.823529 1.000000
vt 0.823529 0.000000
vt 0.835294 1.000000
vt 0.835294 0.000000
vt 0.847059 1.000000
vt 0.847059 0.000000
vt 0.858824 1.000000
vt 0.858824 0.000000
vt 0.870588 1.000000
vt 0.870588 0.000000
vt 0.882353 1.000000
vt 0.882353 0.000000
vt 0.894118 1.000000
vt 0.894118 0.000000
vt 0.905882 1.000000
vt 0.905882 0.000000
vt 0.917647 1.000000
vt 0.917647 0.000000
vt 0.929412 1.000000
vt 0.929412 0.000000
vt 0.941176 1.000000
vt 0.941176 0.000000
vt 0.952941 1.000000
vt 0.952941 0.000000
vt 0.964706 1.000000
vt 0.964706 0.000000
vt 0.976471 1.000000
vt 0.976471 0.000000
vt 0.988235 1.000000
vt 0.988235 0.000000
vt 1.000000 1.000000
vt 0.010417 1.000000
vt 0.010417 0.000000
vt 0.020833 1.000000
vt 0.020833 0.000000
vt 0.031250 1.000000
vt 0.031250 0.000000
vt 0.041667 1.000000
vt 0.041667 0.000000
vt 0.052083 1.000000
vt 0.052083 0.000000
vt 0.062500 1.000000
vt 0.062500 0.000000
vt 0.072917 1.000000
vt 0.072917 0.000000
vt 0.083333 1.000000
vt 0.093750 1.000000
vt 0.093750 0.000000
vt 0.104167 1.000000
vt 0.104167 0.000000
vt 0.114583 1.000000
vt 0.114583 0.000000
vt 0.125000 1.000000
vt 0.125000 0.000000
vt 0.135417 1.000000
vt 0.135417 0.000000
vt 0.145833 1.000000
vt 0.145833 0.000000
vt 0.156250 1.000000
vt 0.156250 0.000000
vt 0.166667 1.000000
vt 0.177083 1.000000
vt 0.177083 0.000000
vt 0.187500 1.000000
vt 0.187500 0.000000
vt 0.197917 1.000000
vt 0.197917 0.000000
vt 0.208333 1.000000
vt 0.208333 0.000000
vt 0.218750 1.000000
vt 0.218750 0.000000
vt 0.229167 1.000000
vt 0.229167 0.000000
vt 0.239583 1.000000
vt 0.239583 0.000000
vt 0.250000 1.000000
vt 0.260417 1.000000
vt 0.260417 0.000000
vt 0.270833 1.000000
vt 0.270833 0.000000
vt 0.281250 1.000000
vt 0.281250 0.000000
vt 0.291667 1.000000
vt 0.291667 0.000000
vt 0.302083 1.000000
vt 0.302083 0.000000
vt 0.312500 1.000000
vt 0.312500 0.000000
vt 0.322917 1.000000
vt 0.322917 0.000000
vt 0.333333 1.000000
vt 0.343750 1.000000
vt 0.343750 0.000000
vt 0.354167 1.000000
vt 0.354167 0.000000
vt 0.364583 1.000000
vt 0.364583 0.000000
vt 0.375000 1.000000
vt 0.375000 0.000000
vt 0.385417 1.000000
vt 0.385417 0.000000
vt 0.395833 1.000000
vt 0.395833 0.000000
vt 0.406250 1.000000
vt 0.406250 0.000000
vt 0.416667 1.000000
vt 0.427083 1.000000
vt 0.427083 0.000000
vt 0.437500 1.000000
vt 0.437500 0.000000
vt 0.447917 1.000000
vt 0.447917 0.000000
vt 0.458333 1.000000
vt 0.458333 0.000000
vt 0.468750 1.000000
vt 0.468750 0.000000
vt 0.479167 1.000000
vt 0.479167 0.000000
vt 0.489583 1.000000
vt 0.489583 0.000000
vt 0.500000 1.000000
vt 0.510417 1.000000
vt 0.510417 0.000000
vt 0.520833 1.000000
vt 0.520833 0.000000
vt 0.531250 1.000000
vt 0.531250 0.000000
vt 0.541667 1.000000
vt 0.541667 0.000000
vt 0.552083 1.000000
vt 0.552083 0.000000
vt 0.562500 1.000000
vt 0.562500 0.000000
vt 0.572917 1.000000
vt 0.572917 0.000000
vt 0.583333 1.000000
vt 0.593750 1.000000
vt 0.593750 0.000000
vt 0.604167 1.000000
vt 0.604167 0.000000
vt 0.614583 1.000000
vt 0.614583 0.000000
vt 0.625000 1.000000
vt 0.625000 0.000000
vt 0.635417 1.000000
vt 0.635417 0.000000
vt 0.645833 1.000000
vt 0.645833 0.000000
vt 0.656250 1.000000
vt 0.656250 0.000000
vt 0.666667 1.000000
vt 0.677083 1.000000
vt 0.677083 0.000000
vt 0.687500 1.000000
vt 0.687500 0.000000
vt 0.697917 1.000000
vt 0.697917 0.000000
vt 0.708333 1.000000
vt 0.708333 0.000000
vt 0.718750 1.000000
vt 0.718750 0.000000
vt 0.729167 1.000000
vt 0.729167 0.000000
vt 0.739583 1.000000
vt 0.739583 0.000000
vt 0.750000 1.000000
vt 0.760417 1.000000
vt 0.760417 0.000000
vt 0.770833 1.000000
vt 0.770833 0.000000
vt 0.781250 1.000000
vt 0.781250 0.000000
vt 0.791667 1.000000
vt 0.791667 0.000000
vt 0.802083 1.000000
vt 0.802083 0.000000
vt 0.812500 1.000000
vt 0.812500 0.000000
vt 0.822917 1.000000
vt 0.822917 0.000000
vt 0.833333 1.000000
vt 0.843750 1.000000
vt 0.843750 0.000000
vt 0.854167 1.000000
vt 0.854167 0.000000
vt 0.864583 1.000000
vt 0.864583 0.000000
vt 0.875000 1.000000
vt 0.875000 0.000000
vt 0.885417 1.000000
vt 0.885417 0.000000
vt 0.895833 1.000000
vt 0.895833 0.000000
vt 0.906250 1.000000
vt 0.906250 0.000000
vt 0.916667 1.000000
vt 0.927083 1.000000
vt 0.927083 0.000000
vt 0.937500 1.000000
vt 0.937500 0.000000
vt 0.947917 1.000000
vt 0.947917 0.000000
vt 0.958333 1.000000
vt 0.958333 0.000000
vt 0.968750 1.000000
vt 0.968750 0.000000
vt 0.979167 1.000000
vt 0.979167 0.000000
vt 0.989583 1.000000
vt 0.989583 0.000000
vt 0.004630 1.000000
vt 0.004630 0.000000
vt 0.009259 1.000000
vt 0.009259 0.000000
vt 0.013889 1.000000
vt 0.013889 0.000000
vt 0.018519 1.000000
vt 0.018519 0.000000
vt 0.023148 1.000000
vt 0.023148 0.000000
vt 0.027778 1.000000
vt 0.027778 0.000000
vt 0.032407 1.000000
vt 0.032407 0.000000
vt 0.037037 1.000000
vt 0.037037 0.000000
vt 0.046296 1.000000
vt 0.046296 0.000000
vt 0.050926 1.000000
vt 0.050926 0.000000
vt 0.055556 1.000000
vt 0.055556 0.000000
vt 0.060185 1.000000
vt 0.060185 0.000000
vt 0.064815 1.000000
vt 0.064815 0.000000
vt 0.069444 1.000000
vt 0.069444 0.000000
vt 0.074074 1.000000
vt 0.074074 0.000000
vt 0.078704 1.000000
vt 0.078704 0.000000
vt 0.087963 1.000000
vt 0.087963 0.000000
vt 0.092593 1.000000
vt 0.092593 0.000000
vt 0.097222 1.000000
vt 0.097222 0.000000
vt 0.101852 1.000000
vt 0.101852 0.000000
vt 0.106481 1.000000
vt 0.106481 0.000000
vt 0.111111 1.000000
vt 0.111111 0.000000
vt 0.115741 1.000000
vt 0.115741 0.000000
vt 0.120370 1.000000
vt 0.120370 0.000000
vt 0.129630 1.000000
vt 0.129630 0.000000
vt 0.134259 1.000000
vt 0.134259 0.000000
vt 0.138889 1.000000
vt 0.138889 0.000000
vt 0.143519 1.000000
vt 0.143519 0.000000
vt 0.148148 1.000000
vt 0.148148 0.000000
vt 0.152778 1.000000
vt 0.152778 0.000000
vt 0.157407 1.000000
vt 0.157407 0.000000
vt 0.162037 1.000000
vt 0.162037 0.000000
vt 0.171296 1.000000
vt 0.171296 0.000000
vt 0.175926 1.000000
vt 0.175926 0.000000
vt 0.180556 1.000000
vt 0.180556 0.000000
vt 0.185185 1.000000
vt 0.185185 0.000000
vt 0.189815 1.000000
vt 0.189815 0.000000
vt 0.194444 1.000000
vt 0.194444 0.000000
vt 0.199074 1.000000
vt 0.199074 0.000000
vt 0.203704 1.000000
vt 0.203704 0.000000
vt 0.212963 1.000000
vt 0.212963 0.000000
vt 0.217593 1.000000
vt 0.217593 0.000000
vt 0.222222 1.000000
vt 0.222222 0.000000
vt 0.226852 1.000000
vt 0.226852 0.000000
vt 0.231481 1.000000
vt 0.231481 0.000000
vt 0.236111 1.000000
vt 0.236111 0.000000
vt 0.240741 1.000000
vt 0.240741 0.000000
vt 0.245370 1.000000
vt 0.245370 0.000000
vt 0.254630 1.000000
vt 0.254630 0.000000
vt 0.259259 1.000000
vt 0.259259 0.000000
vt 0.263889 1.000000
vt 0.263889 0.000000
vt 0.268519 1.000000
vt 0.268519 0.000000
vt 0.273148 1.000000
vt 0.273148 0.000000
vt 0.277778 1.000000
vt 0.277778 0.000000
vt 0.282407 1.000000
vt 0.282407 0.000000
vt 0.287037 1.000000
vt 0.287037 0.000000
vt 0.296296 1.000000
vt 0.296296 0.000000
vt 0.300926 1.000000
vt 0.300926 0.000000
vt 0.305556 1.000000
vt 0.305556 0.000000
vt 0.310185 1.000000
vt 0.310185 0.000000
vt 0.314815 1.000000
vt 0.314815 0.000000
vt 0.319444 1.000000
vt 0.319444 0.000000
vt 0.324074 1.000000
vt 0.324074 0.000000
vt 0.328704 1.000000
vt 0.328704 0.000000
vt 0.337963 1.000000
vt 0.337963 0.000000
vt 0.342593 1.000000
vt 0.342593 0.000000
vt 0.347222 1.000000
vt 0.347222 0.000000
vt 0.351852 1.000000
vt 0.351852 0.000000
vt 0.356481 1.000000
vt 0.356481 0.000000
vt 0.361111 1.000000
vt 0.361111 0.000000
vt 0.365741 1.000000
vt 0.365741 0.000000
vt 0.370370 1.000000
vt 0.370370 0.000000
vt 0.379630 1.000000
vt 0.379630 0.000000
vt 0.384259 1.000000
vt 0.384259 0.000000
vt 0.388889 1.000000
vt 0.388889 0.000000
vt 0.393519 1.000000
vt 0.393519 0.000000
vt 0.398148 1.000000
vt 0.398148 0.000000
vt 0.402778 1.000000
vt 0.402778 0.000000
vt 0.407407 1.000000
vt 0.407407 0.000000
vt 0.412037 1.000000
vt 0.412037 0.000000
vt 0.421296 1.000000
vt 0.421296 0.000000
vt 0.425926 1.000000
vt 0.425926 0.000000
vt 0.430556 1.000000
vt 0.430556 0.000000
vt 0.435185 1.000000
vt 0.435185 0.000000
vt 0.439815 1.000000
vt 0.439815 0.000000
vt 0.444444 1.000000
vt 0.444444 0.000000
vt 0.449074 1.000000
vt 0.449074 0.000000
vt 0.453704 1.000000
vt 0.453704 0.000000
vt 0.462963 1.000000
vt 0.462963 0.000000
vt 0.467593 1.000000
vt 0.467593 0.000000
vt 0.472222 1.000000
vt 0.472222 0.000000
vt 0.476852 1.000000
vt 0.476852 0.000000
vt 0.481481 1.000000
vt 0.481481 0.000000
vt 0.486111 1.000000
vt 0.486111 0.000000
vt 0.490741 1.000000
vt 0.490741 0.000000
vt 0.495370 1.000000
vt 0.495370 0.000000
vt 0.504630 1.000000
vt 0.504630 0.000000
vt 0.509259 1.000000
vt 0.509259 0.000000
vt 0.513889 1.000000
vt 0.513889 0.000000
vt 0.518519 1.000000
vt 0.518519 0.000000
vt 0.523148 1.000000
vt 0.523148 0.000000
vt 0.527778 1.000000
vt 0.527778 0.000000
vt 0.532407 1.000000
vt 0.532407 0.000000
vt 0.537037 1.000000
vt 0.537037 0.000000
vt 0.546296 1.000000
vt 0.546296 0.000000
vt 0.550926 1.000000
vt 0.550926 0.000000
vt 0.555556 1.000000
vt 0.555556 0.000000
vt 0.560185 1.000000
vt 0.560185 0.000000
vt 0.564815 1.000000
vt 0.564815 0.000000
vt 0.569444 1.000000
vt 0.569444 0.000000
vt 0.574074 1.000000
vt 0.574074 0.000000
vt 0.578704 1.000000
vt 0.578704 0.000000
vt 0.587963 1.000000
vt 0.587963 0.000000
vt 0.592593 1.000000
vt 0.592593 0.000000
vt 0.597222 1.000000
vt 0.597222 0.000000
vt 0.601852 1.000000
vt 0.601852 0.000000
vt 0.606481 1.000000
vt 0.606481 0.000000
vt 0.611111 1.000000
vt 0.611111 0.000000
vt 0.615741 1.000000
vt 0.615741 0.000000
vt 0.620370 1.000000
vt 0.620370 0.000000
vt 0.629630 1.000000
vt 0.629630 0.000000
vt 0.634259 1.000000
vt 0.634259 0.000000
vt 0.638889 1.000000
vt 0.638889 0.000000
vt 0.643519 1.000000
vt 0.643519 0.000000
vt 0.648148 1.000000
vt 0.648148 0.000000
vt 0.652778 1.000000
vt 0.652778 0.000000
vt 0.657407 1.000000
vt 0.657407 0.000000
vt 0.662037 1.000000
vt 0.662037 0.000000
vt 0.671296 1.000000
vt 0.671296 0.000000
vt 0.675926 1.000000
vt 0.675926 0.000000
vt 0.680556 1.000000
vt 0.680556 0.000000
vt 0.685185 1.000000
vt 0.685185 0.000000
vt 0.689815 1.000000
vt 0.689815 0.000000
vt 0.694444 1.000000
vt 0.694444 0.000000
vt 0.699074 1.000000
vt 0.699074 0.000000
vt 0.703704 1.000000
vt 0.703704 0.000000
vt 0.712963 1.000000
vt 0.712963 0.000000
vt 0.717593 1.000000
vt 0.717593 0.000000
vt 0.722222 1.000000
vt 0.722222 0.000000
vt 0.726852 1.000000
vt 0.726852 0.000000
vt 0.731481 1.000000
vt 0.731481 0.000000
vt 0.736111 1.000000
vt 0.736111 0.000000
vt 0.740741 1.000000
vt 0.740741 0.000000
vt 0.745370 1.000000
vt 0.745370 0.000000
vt 0.754630 1.000000
vt 0.754630 0.000000
vt 0.759259 1.000000
vt 0.759259 0.000000
vt 0.763889 1.000000
vt 0.763889 0.000000
vt 0.768519 1.000000
vt 0.768519 0.000000
vt 0.773148 1.000000
vt 0.773148 0.000000
vt 0.777778 1.000000
vt 0.777778 0.000000
vt 0.782407 1.000000
vt 0.782407 0.000000
vt 0.787037 1.000000
vt 0.787037 0.000000
vt 0.796296 1.000000
vt 0.796296 0.000000
vt 0.800926 1.000000
vt 0.800926 0.000000
vt 0.805556 1.000000
vt 0.805556 0.000000
vt 0.810185 1.000000
vt 0.810185 0.000000
vt 0.814815 1.000000
vt 0.814815 0.000000
vt 0.819444 1.000000
vt 0.819444 0.000000
vt 0.824074 1.000000
vt 0.824074 0.000000
vt 0.828704 1.000000
vt 0.828704 0.000000
vt 0.837963 1.000000
vt 0.837963 0.000000
vt 0.842593 1.000000
vt 0.842593 0.000000
vt 0.847222 1.000000
vt 0.847222 0.000000
vt 0.851852 1.000000
vt 0.851852 0.000000
vt 0.856481 1.000000
vt 0.856481 0.000000
vt 0.861111 1.000000
vt 0.861111 0.000000
vt 0.865741 1.000000
vt 0.865741 0.000000
vt 0.870370 1.000000
vt 0.870370 0.000000
vt 0.879630 1.000000
vt 0.879630 0.000000
vt 0.884259 1.000000
vt 0.884259 0.000000
vt 0.888889 1.000000
vt 0.888889 0.000000
vt 0.893519 1.000000
vt 0.893519 0.000000
vt 0.898148 1.000000
vt 0.898148 0.000000
vt 0.902778 1.000000
vt 0.902778 0.000000
vt 0.907407 1.000000
vt 0.907407 0.000000
vt 0.912037 1.000000
vt 0.912037 0.000000
vt 0.921296 1.000000
vt 0.921296 0.000000
vt 0.925926 1.000000
vt 0.925926 0.000000
vt 0.930556 1.000000
vt 0.930556 0.000000
vt 0.935185 1.000000
vt 0.935185 0.000000
vt 0.939815 1.000000
vt 0.939815 0.000000
vt 0.944444 1.000000
vt 0.944444 0.000000
vt 0.949074 1.000000
vt 0.949074 0.000000
vt 0.953704 1.000000
vt 0.953704 0.000000
vt 0.962963 1.000000
vt 0.962963 0.000000
vt 0.967593 1.000000
vt 0.967593 0.000000
vt 0.972222 1.000000
vt 0.972222 0.000000
vt 0.976852 1.000000
vt 0.976852 0.000000
vt 0.981481 1.000000
vt 0.981481 0.000000
vt 0.986111 1.000000
vt 0.986111 0.000000
vt 0.990741 1.000000
vt 0.990741 0.000000
vt 0.995370 1.000000
vt 0.995370 0.000000
s 0
usemtl SVGMat.001
f 1851/1179/128 1853/1180/128 1852/1181/128
f 1851/1179/128 1854/1182/128 1853/1180/128
f 1850/1183/128 1854/1182/128 1851/1179/128
f 1850/1183/128 1855/1184/128 1854/1182/128
f 1849/1185/128 1855/1184/128 1850/1183/128
f 1849/1185/128 1856/1186/128 1855/1184/128
f 1848/1187/128 1856/1186/128 1849/1185/128
f 1848/1187/128 1857/1188/128 1856/1186/128
f 1847/1189/128 1857/1188/128 1848/1187/128
f 1847/1189/128 1858/1190/128 1857/1188/128
f 1846/1191/128 1858/1190/128 1847/1189/128
f 1846/1191/128 1859/1192/128 1858/1190/128
f 1845/1193/128 1859/1192/128 1846/1191/128
f 1845/1193/128 1860/1194/128 1859/1192/128
f 1844/1195/128 1860/1194/128 1845/1193/128
f 1844/1195/128 1861/1196/128 1860/1194/128
f 1843/1197/128 1861/1196/128 1844/1195/128
f 1843/1197/128 1862/1198/128 1861/1196/128
f 1842/1199/128 1862/1198/128 1843/1197/128
f 1842/1199/128 1863/1200/128 1862/1198/128
f 1841/1201/128 1863/1200/128 1842/1199/128
f 1841/1201/128 1864/1202/128 1863/1200/128
f 1840/1203/128 1864/1202/128 1841/1201/128
f 1840/1203/128 1865/1204/128 1864/1202/128
f 1839/1205/128 1865/1204/128 1840/1203/128
f 1839/1205/128 1781/1206/128 1865/1204/128
f 1838/1207/128 1974/1208/128 1839/1205/128
f 1974/1208/128 1973/1209/128 1839/1205/128
f 1973/1209/128 1781/1206/128 1839/1205/128
f 1973/1209/128 1782/1210/128 1781/1206/128
f 1972/1211/128 1782/1210/128 1973/1209/128
f 1838/1207/128 1975/1212/128 1974/1208/128
f 1971/1213/128 1782/1210/128 1972/1211/128
f 1838/1207/128 1976/1214/128 1975/1212/128
f 1970/1215/128 1782/1210/128 1971/1213/128
f 1838/1207/128 1977/1216/128 1976/1214/128
f 1969/1217/128 1782/1210/128 1970/1215/128
f 1838/1207/128 1978/1218/128 1977/1216/128
f 1968/1219/128 1782/1210/128 1969/1217/128
f 1838/1207/128 1979/1220/128 1978/1218/128
f 1967/1221/128 1782/1210/128 1968/1219/128
f 1838/1207/128 1980/1222/128 1979/1220/128
f 1966/1223/128 1782/1210/128 1967/1221/128
f 1837/1224/128 1980/1222/128 1838/1207/128
f 1966/1223/128 1783/1225/128 1782/1210/128
f 1837/1224/128 1981/1226/128 1980/1222/128
f 1965/1227/128 1783/1225/128 1966/1223/128
f 1837/1224/128 1982/1228/128 1981/1226/128
f 1964/1229/128 1783/1225/128 1965/1227/128
f 1837/1224/128 1983/1230/128 1982/1228/128
f 1963/1231/128 1783/1225/128 1964/1229/128
f 1837/1224/128 1984/1232/128 1983/1230/128
f 1962/1233/128 1783/1225/128 1963/1231/128
f 1837/1224/128 1985/1234/128 1984/1232/128
f 2009/1235/128 1783/1225/128 1962/1233/128
f 1837/1224/128 1986/1236/128 1985/1234/128
f 2008/1237/128 1783/1225/128 2009/1235/128
f 1836/1238/128 1986/1236/128 1837/1224/128
f 2008/1237/128 1784/1239/128 1783/1225/128
f 1836/1238/128 1987/1240/128 1986/1236/128
f 2007/1241/128 1784/1239/128 2008/1237/128
f 1836/1238/128 1988/1242/128 1987/1240/128
f 2006/1243/128 1784/1239/128 2007/1241/128
f 1836/1238/128 1989/1244/128 1988/1242/128
f 2005/1245/128 1784/1239/128 2006/1243/128
f 1836/1238/128 1990/1246/128 1989/1244/128
f 2004/1247/128 1784/1239/128 2005/1245/128
f 1836/1238/128 1991/1248/128 1990/1246/128
f 2003/1249/128 1784/1239/128 2004/1247/128
f 1836/1238/128 1992/1250/128 1991/1248/128
f 2002/1251/128 1784/1239/128 2003/1249/128
f 1836/1238/128 1993/1252/128 1992/1250/128
f 2001/1253/128 1784/1239/128 2002/1251/128
f 1835/1254/128 1993/1252/128 1836/1238/128
f 2001/1253/128 2020/1255/128 1784/1239/128
f 2020/1255/128 1785/1256/128 1784/1239/128
f 1835/1254/128 1994/1257/128 1993/1252/128
f 2000/1258/128 2020/1255/128 2001/1253/128
f 1835/1254/128 1995/1259/128 1994/1257/128
f 1999/1260/128 2020/1255/128 2000/1258/128
f 1835/1254/128 1996/1261/128 1995/1259/128
f 1998/1262/128 2021/1263/128 1999/1260/128
f 2021/1263/128 2020/1255/128 1999/1260/128
f 1835/1254/128 1997/1264/128 1996/1261/128
f 1997/1264/128 2021/1263/128 1998/1262/128
f 1835/1254/128 1890/1265/128 1997/1264/128
f 1890/1265/128 1889/1266/128 1997/1264/128
f 1889/1266/128 2021/1263/128 1997/1264/128
f 1889/1266/128 2022/1267/128 2021/1263/128
f 1889/1266/128 2023/1268/128 2022/1267/128
f 1889/1266/128 2024/1269/128 2023/1268/128
f 2019/1270/128 1785/1256/128 2020/1255/128
f 1889/1266/128 1888/1271/128 2024/1269/128
f 1888/1271/128 1887/1272/128 2024/1269/128
f 1887/1272/128 1886/1273/128 2024/1269/128
f 1886/1273/128 1885/1274/128 2024/1269/128
f 1885/1274/128 1884/1275/128 2024/1269/128
f 1884/1275/128 1883/1276/128 2024/1269/128
f 1883/1276/128 1882/1277/128 2024/1269/128
f 1882/1277/128 1881/1278/128 2024/1269/128
f 1881/1278/128 1880/1279/128 2024/1269/128
f 1880/1279/128 1879/1280/128 2024/1269/128
f 1879/1280/128 1878/1281/128 2024/1269/128
f 1878/1281/128 1877/1282/128 2024/1269/128
f 1877/1282/128 2069/1283/128 2024/1269/128
f 2069/1283/128 2068/1284/128 2024/1269/128
f 2068/1284/128 2066/1285/128 2024/1269/128
f 2066/1285/128 2065/1286/128 2024/1269/128
f 2065/1286/128 2064/1287/128 2024/1269/128
f 2064/1287/128 2061/1288/128 2024/1269/128
f 2061/1288/128 2060/1289/128 2024/1269/128
f 2060/1289/128 2059/1290/128 2024/1269/128
f 2059/1290/128 2057/1291/128 2024/1269/128
f 2057/1291/128 2025/1292/128 2024/1269/128
f 1876/1293/128 2069/1283/128 1877/1282/128
f 1876/1293/128 2070/1294/128 2069/1283/128
f 2067/1295/128 2066/1285/128 2068/1284/128
f 2063/1296/128 2061/1288/128 2064/1287/128
f 2062/1297/128 2061/1288/128 2063/1296/128
f 2058/1298/128 2057/1291/128 2059/1290/128
f 2056/1299/128 2025/1292/128 2057/1291/128
f 1876/1293/128 2071/1300/128 2070/1294/128
f 2055/1301/128 2025/1292/128 2056/1299/128
f 1835/1254/128 1891/1302/128 1890/1265/128
f 1875/1303/128 2071/1300/128 1876/1293/128
f 1875/1303/128 2072/1304/128 2071/1300/128
f 2054/1305/128 2025/1292/128 2055/1301/128
f 1835/1254/128 1892/1306/128 1891/1302/128
f 1874/1307/128 2072/1304/128 1875/1303/128
f 2054/1305/128 2026/1308/128 2025/1292/128
f 1874/1307/128 2073/1309/128 2072/1304/128
f 2053/1310/128 2026/1308/128 2054/1305/128
f 1835/1254/128 1893/1311/128 1892/1306/128
f 1873/1312/128 2073/1309/128 1874/1307/128
f 1873/1312/128 2074/1313/128 2073/1309/128
f 2052/1314/128 2026/1308/128 2053/1310/128
f 1835/1254/128 1894/1315/128 1893/1311/128
f 1872/1316/128 2074/1313/128 1873/1312/128
f 1872/1316/128 2075/1317/128 2074/1313/128
f 2051/1318/128 2026/1308/128 2052/1314/128
f 1835/1254/128 1895/1319/128 1894/1315/128
f 1871/1320/128 2075/1317/128 1872/1316/128
f 2018/1321/128 1785/1256/128 2019/1270/128
f 2051/1318/128 2027/1322/128 2026/1308/128
f 1871/1320/128 2076/1323/128 2075/1317/128
f 2050/1324/128 2027/1322/128 2051/1318/128
f 1835/1254/128 1896/1325/128 1895/1319/128
f 1870/1326/128 2076/1323/128 1871/1320/128
f 1870/1326/128 2077/1327/128 2076/1323/128
f 2049/1328/128 2027/1322/128 2050/1324/128
f 1835/1254/128 1897/1329/128 1896/1325/128
f 1869/1330/128 2077/1327/128 1870/1326/128
f 1869/1330/128 2078/1331/128 2077/1327/128
f 2048/1332/128 2027/1322/128 2049/1328/128
f 1835/1254/128 1898/1333/128 1897/1329/128
f 1868/1334/128 2078/1331/128 1869/1330/128
f 2048/1332/128 2028/1335/128 2027/1322/128
f 1868/1334/128 2079/1336/128 2078/1331/128
f 2047/1337/128 2028/1335/128 2048/1332/128
f 1835/1254/128 1899/1338/128 1898/1333/128
f 1867/1339/128 2079/1336/128 1868/1334/128
f 1867/1339/128 2080/1340/128 2079/1336/128
f 2046/1341/128 2028/1335/128 2047/1337/128
f 1835/1254/128 1900/1342/128 1899/1338/128
f 1866/1343/128 2080/1340/128 1867/1339/128
f 2046/1341/128 2029/1344/128 2028/1335/128
f 1866/1343/128 2081/1345/128 2080/1340/128
f 2045/1346/128 2029/1344/128 2046/1341/128
f 2017/1347/128 1785/1256/128 2018/1321/128
f 1835/1254/128 1901/1348/128 1900/1342/128
f 1961/1349/128 2081/1345/128 1866/1343/128
f 1961/1349/128 2082/1350/128 2081/1345/128
f 2044/1351/128 2029/1344/128 2045/1346/128
f 2043/1352/128 2029/1344/128 2044/1351/128
f 1835/1254/128 1902/1353/128 1901/1348/128
f 1960/1354/128 2082/1350/128 1961/1349/128
f 2042/1355/128 2029/1344/128 2043/1352/128
f 2042/1355/128 2030/1356/128 2029/1344/128
f 2041/1357/128 2030/1356/128 2042/1355/128
f 1834/1358/128 1902/1353/128 1835/1254/128
f 2017/1347/128 1786/1359/128 1785/1256/128
f 1960/1354/128 2083/1360/128 2082/1350/128
f 2040/1361/128 2030/1356/128 2041/1357/128
f 1834/1358/128 1903/1362/128 1902/1353/128
f 1959/1363/128 2083/1360/128 1960/1354/128
f 2040/1361/128 2031/1364/128 2030/1356/128
f 2039/1365/128 2031/1364/128 2040/1361/128
f 2016/1366/128 1786/1359/128 2017/1347/128
f 2038/1367/128 2031/1364/128 2039/1365/128
f 2038/1367/128 2032/1368/128 2031/1364/128
f 2037/1369/128 2032/1368/128 2038/1367/128
f 2036/1370/128 2032/1368/128 2037/1369/128
f 2036/1370/128 2035/1371/128 2032/1368/128
f 2035/1371/128 2034/1372/128 2032/1368/128
f 2034/1372/128 2033/1373/128 2032/1368/128
f 1959/1363/128 2084/1374/128 2083/1360/128
f 1834/1358/128 1904/1375/128 1903/1362/128
f 1958/1376/128 2084/1374/128 1959/1363/128
f 2015/1377/128 1786/1359/128 2016/1366/128
f 2014/1378/128 1786/1359/128 2015/1377/128
f 1958/1376/128 2085/1379/128 2084/1374/128
f 1834/1358/128 1905/1380/128 1904/1375/128
f 1957/1381/128 2085/1379/128 1958/1376/128
f 2013/1382/128 1786/1359/128 2014/1378/128
f 2013/1382/128 1787/1383/128 1786/1359/128
f 1833/1384/128 1905/1380/128 1834/1358/128
f 2152/1385/128 2154/1386/128 2153/1387/128
f 2151/1388/128 2154/1386/128 2152/1385/128
f 2151/1388/128 2155/1389/128 2154/1386/128
f 2150/1390/128 2155/1389/128 2151/1388/128
f 2150/1390/128 2156/1391/128 2155/1389/128
f 2149/1392/128 2156/1391/128 2150/1390/128
f 1957/1381/128 2086/1393/128 2085/1379/128
f 1833/1384/128 1906/1394/128 1905/1380/128
f 1956/1395/128 2086/1393/128 1957/1381/128
f 2149/1392/128 2157/1396/128 2156/1391/128
f 2012/1397/128 1787/1383/128 2013/1382/128
f 2148/1398/128 2157/1396/128 2149/1392/128
f 2148/1398/128 2158/1399/128 2157/1396/128
f 2147/1400/128 2158/1399/128 2148/1398/128
f 2146/1401/128 2158/1399/128 2147/1400/128
f 2146/1401/128 2159/1402/128 2158/1399/128
f 2011/1403/128 1787/1383/128 2012/1397/128
f 2145/1404/128 2159/1402/128 2146/1401/128
f 2145/1404/128 2160/1405/128 2159/1402/128
f 2144/1406/128 2160/1405/128 2145/1404/128
f 1956/1395/128 2087/1407/128 2086/1393/128
f 1833/1384/128 1907/1408/128 1906/1394/128
f 1955/1409/128 2087/1407/128 1956/1395/128
f 2144/1406/128 2161/1410/128 2160/1405/128
f 2143/1411/128 2161/1410/128 2144/1406/128
f 2010/1412/128 1787/1383/128 2011/1403/128
f 2142/1413/128 2161/1410/128 2143/1411/128
f 2142/1413/128 2162/1414/128 2161/1410/128
f 2010/1412/128 1788/1415/128 1787/1383/128
f 1832/1416/128 1907/1408/128 1833/1384/128
f 2141/1417/128 2162/1414/128 2142/1413/128
f 2141/1417/128 2163/1418/128 2162/1414/128
f 2140/1419/128 2163/1418/128 2141/1417/128
f 2225/1420/128 1788/1415/128 2010/1412/128
f 2139/1421/128 2163/1418/128 2140/1419/128
f 2139/1421/128 2164/1422/128 2163/1418/128
f 1832/1416/128 1908/1423/128 1907/1408/128
f 1954/1424/128 2087/1407/128 1955/1409/128
f 1954/1424/128 2088/1425/128 2087/1407/128
f 2138/1426/128 2164/1422/128 2139/1421/128
f 2138/1426/128 2165/1427/128 2164/1422/128
f 2224/1428/128 1788/1415/128 2225/1420/128
f 2223/1429/128 1788/1415/128 2224/1428/128
f 2138/1426/128 2166/1430/128 2165/1427/128
f 2138/1426/128 2167/1431/128 2166/1430/128
f 2137/1432/128 2167/1431/128 2138/1426/128
f 2222/1433/128 1788/1415/128 2223/1429/128
f 2137/1432/128 2168/1434/128 2167/1431/128
f 2221/1435/128 1788/1415/128 2222/1433/128
f 2136/1436/128 2168/1434/128 2137/1432/128
f 2136/1436/128 2169/1437/128 2168/1434/128
f 1832/1416/128 1909/1438/128 1908/1423/128
f 1953/1439/128 2088/1425/128 1954/1424/128
f 1953/1439/128 2089/1440/128 2088/1425/128
f 2220/1441/128 1788/1415/128 2221/1435/128
f 2220/1441/128 1789/1442/128 1788/1415/128
f 1831/1443/128 1909/1438/128 1832/1416/128
f 2136/1436/128 2170/1444/128 2169/1437/128
f 2135/1445/128 2170/1444/128 2136/1436/128
f 2219/1446/128 1789/1442/128 2220/1441/128
f 2135/1445/128 2171/1447/128 2170/1444/128
f 2134/1448/128 2171/1447/128 2135/1445/128
f 1831/1443/128 1910/1449/128 1909/1438/128
f 1952/1450/128 2089/1440/128 1953/1439/128
f 1952/1450/128 2090/1451/128 2089/1440/128
f 2218/1452/128 1789/1442/128 2219/1446/128
f 2134/1448/128 2172/1453/128 2171/1447/128
f 2133/1454/128 2172/1453/128 2134/1448/128
f 2217/1455/128 1789/1442/128 2218/1452/128
f 2217/1455/128 1790/1456/128 1789/1442/128
f 1830/1457/128 1910/1449/128 1831/1443/128
f 2133/1454/128 2173/1458/128 2172/1453/128
f 1830/1457/128 1911/1459/128 1910/1449/128
f 1951/1460/128 2090/1451/128 1952/1450/128
f 1951/1460/128 2091/1461/128 2090/1451/128
f 2132/1462/128 2173/1458/128 2133/1454/128
f 2216/1463/128 1790/1456/128 2217/1455/128
f 2132/1462/128 2174/1464/128 2173/1458/128
f 2131/1465/128 2174/1464/128 2132/1462/128
f 1950/1466/128 2091/1461/128 1951/1460/128
f 1830/1457/128 1912/1467/128 1911/1459/128
f 2215/1468/128 1790/1456/128 2216/1463/128
f 1950/1466/128 2092/1469/128 2091/1461/128
f 2131/1465/128 2175/1470/128 2174/1464/128
f 2130/1471/128 2175/1470/128 2131/1465/128
f 2214/1472/128 1790/1456/128 2215/1468/128
f 2214/1472/128 1791/1473/128 1790/1456/128
f 1829/1474/128 1912/1467/128 1830/1457/128
f 2130/1471/128 2176/1475/128 2175/1470/128
f 1949/1476/128 2092/1469/128 1950/1466/128
f 1829/1474/128 1913/1477/128 1912/1467/128
f 1949/1476/128 2093/1478/128 2092/1469/128
f 2129/1479/128 2176/1475/128 2130/1471/128
f 2213/1480/128 1791/1473/128 2214/1472/128
f 2129/1479/128 2177/1481/128 2176/1475/128
f 1829/1474/128 1914/1482/128 1913/1477/128
f 1948/1483/128 2093/1478/128 1949/1476/128
f 1948/1483/128 2094/1484/128 2093/1478/128
f 2128/1485/128 2177/1481/128 2129/1479/128
f 2128/1485/128 2178/1486/128 2177/1481/128
f 2212/1487/128 1791/1473/128 2213/1480/128
f 1829/1474/128 1915/1488/128 1914/1482/128
f 1947/1489/128 2094/1484/128 1948/1483/128
f 2127/1490/128 2178/1486/128 2128/1485/128
f 2211/1491/128 1791/1473/128 2212/1487/128
f 1947/1489/128 2095/1492/128 2094/1484/128
f 2127/1490/128 2179/1493/128 2178/1486/128
f 1829/1474/128 1916/1494/128 1915/1488/128
f 1946/1495/128 2095/1492/128 1947/1489/128
f 2126/1496/128 2179/1493/128 2127/1490/128
f 2210/1497/128 1791/1473/128 2211/1491/128
f 1946/1495/128 2096/1498/128 2095/1492/128
f 2126/1496/128 2180/1499/128 2179/1493/128
f 1829/1474/128 1917/1500/128 1916/1494/128
f 1945/1501/128 2096/1498/128 1946/1495/128
f 2125/1502/128 2180/1499/128 2126/1496/128
f 2209/1503/128 1791/1473/128 2210/1497/128
f 1945/1501/128 2097/1504/128 2096/1498/128
f 2125/1502/128 2181/1505/128 2180/1499/128
f 1829/1474/128 1918/1506/128 1917/1500/128
f 1944/1507/128 2097/1504/128 1945/1501/128
f 2124/1508/128 2181/1505/128 2125/1502/128
f 2208/1509/128 1791/1473/128 2209/1503/128
f 1944/1507/128 2098/1510/128 2097/1504/128
f 2124/1508/128 2182/1511/128 2181/1505/128
f 1829/1474/128 1919/1512/128 1918/1506/128
f 1943/1513/128 2098/1510/128 1944/1507/128
f 2123/1514/128 2182/1511/128 2124/1508/128
f 2207/1515/128 1791/1473/128 2208/1509/128
f 1943/1513/128 2099/1516/128 2098/1510/128
f 2123/1514/128 2183/1517/128 2182/1511/128
f 1829/1474/128 1920/1518/128 1919/1512/128
f 1942/1519/128 2099/1516/128 1943/1513/128
f 2122/1520/128 2183/1517/128 2123/1514/128
f 2206/1521/128 1791/1473/128 2207/1515/128
f 1942/1519/128 2100/1522/128 2099/1516/128
f 2122/1520/128 2184/1523/128 2183/1517/128
f 1829/1474/128 1921/1524/128 1920/1518/128
f 1941/1525/128 2100/1522/128 1942/1519/128
f 2121/1526/128 2184/1523/128 2122/1520/128
f 2205/1527/128 1791/1473/128 2206/1521/128
f 1941/1525/128 2101/1528/128 2100/1522/128
f 2121/1526/128 2185/1529/128 2184/1523/128
f 1940/1530/128 2101/1528/128 1941/1525/128
f 1829/1474/128 1922/1531/128 1921/1524/128
f 2120/1532/128 2185/1529/128 2121/1526/128
f 2204/1533/128 1791/1473/128 2205/1527/128
f 1940/1530/128 2102/1534/128 2101/1528/128
f 2120/1532/128 2186/1535/128 2185/1529/128
f 1939/1536/128 2102/1534/128 1940/1530/128
f 1829/1474/128 1923/1537/128 1922/1531/128
f 2119/1538/128 2186/1535/128 2120/1532/128
f 2203/1539/128 1791/1473/128 2204/1533/128
f 1939/1536/128 2103/1540/128 2102/1534/128
f 2119/1538/128 2187/1541/128 2186/1535/128
f 1938/1542/128 2103/1540/128 1939/1536/128
f 1829/1474/128 1924/1543/128 1923/1537/128
f 2118/1544/128 2187/1541/128 2119/1538/128
f 2202/1545/128 1791/1473/128 2203/1539/128
f 1938/1542/128 2104/1546/128 2103/1540/128
f 2118/1544/128 2188/1547/128 2187/1541/128
f 1937/1548/128 2104/1546/128 1938/1542/128
f 1829/1474/128 1925/1549/128 1924/1543/128
f 2117/1550/128 2188/1547/128 2118/1544/128
f 2201/1551/128 1791/1473/128 2202/1545/128
f 1937/1548/128 2105/1552/128 2104/1546/128
f 2117/1550/128 2189/1553/128 2188/1547/128
f 1829/1474/128 1926/1554/128 1925/1549/128
f 1829/1474/128 1927/1555/128 1926/1554/128
f 1829/1474/128 1928/1556/128 1927/1555/128
f 1829/1474/128 1929/1557/128 1928/1556/128
f 1829/1474/128 1930/1558/128 1929/1557/128
f 1829/1474/128 1931/1559/128 1930/1558/128
f 1829/1474/128 1932/1560/128 1931/1559/128
f 1829/1474/128 1933/1561/128 1932/1560/128
f 1829/1474/128 1934/1562/128 1933/1561/128
f 1829/1474/128 1935/1563/128 1934/1562/128
f 1829/1474/128 1936/1564/128 1935/1563/128
f 1829/1474/128 1937/1548/128 1936/1564/128
f 1829/1474/128 2105/1552/128 1937/1548/128
f 1829/1474/128 2106/1565/128 2105/1552/128
f 1829/1474/128 2107/1566/128 2106/1565/128
f 1829/1474/128 2108/1567/128 2107/1566/128
f 1829/1474/128 2109/1568/128 2108/1567/128
f 1829/1474/128 2110/1569/128 2109/1568/128
f 1829/1474/128 2111/1570/128 2110/1569/128
f 1829/1474/128 2112/1571/128 2111/1570/128
f 1829/1474/128 2113/1572/128 2112/1571/128
f 1829/1474/128 2114/1573/128 2113/1572/128
f 1829/1474/128 2115/1574/128 2114/1573/128
f 1829/1474/128 2116/1575/128 2115/1574/128
f 1829/1474/128 2117/1550/128 2116/1575/128
f 1829/1474/128 2189/1553/128 2117/1550/128
f 1829/1474/128 2190/1576/128 2189/1553/128
f 1829/1474/128 2191/1577/128 2190/1576/128
f 1829/1474/128 2192/1578/128 2191/1577/128
f 1829/1474/128 2193/1579/128 2192/1578/128
f 1829/1474/128 2194/1580/128 2193/1579/128
f 1829/1474/128 2195/1581/128 2194/1580/128
f 1829/1474/128 2196/1582/128 2195/1581/128
f 1829/1474/128 2197/1583/128 2196/1582/128
f 1829/1474/128 2198/1584/128 2197/1583/128
f 1829/1474/128 2199/1585/128 2198/1584/128
f 1829/1474/128 2200/1586/128 2199/1585/128
f 1829/1474/128 2201/1551/128 2200/1586/128
f 1829/1474/128 1791/1473/128 2201/1551/128
f 1829/1474/128 1792/1587/128 1791/1473/128
f 1828/1588/128 1792/1587/128 1829/1474/128
f 1827/1589/128 1792/1587/128 1828/1588/128
f 1827/1589/128 1793/1590/128 1792/1587/128
f 1826/1591/128 1793/1590/128 1827/1589/128
f 1826/1591/128 1794/1592/128 1793/1590/128
f 1826/1591/128 1795/1593/128 1794/1592/128
f 1825/1594/128 1795/1593/128 1826/1591/128
f 1825/1594/128 1796/1595/128 1795/1593/128
f 1824/1596/128 1796/1595/128 1825/1594/128
f 1824/1596/128 1797/1597/128 1796/1595/128
f 1823/1598/128 1797/1597/128 1824/1596/128
f 1823/1598/128 1798/1599/128 1797/1597/128
f 1822/1600/128 1798/1599/128 1823/1598/128
f 1822/1600/128 1799/1601/128 1798/1599/128
f 1821/1602/128 1799/1601/128 1822/1600/128
f 1821/1602/128 1800/1603/128 1799/1601/128
f 1820/1604/128 1800/1603/128 1821/1602/128
f 1820/1604/128 1801/1605/128 1800/1603/128
f 1819/1606/128 1801/1605/128 1820/1604/128
f 1819/1606/128 1802/1607/128 1801/1605/128
f 1818/1608/128 1802/1607/128 1819/1606/128
f 1818/1608/128 1803/1609/128 1802/1607/128
f 1817/1610/128 1803/1609/128 1818/1608/128
f 1817/1610/128 1804/1611/128 1803/1609/128
f 1816/1612/128 1804/1611/128 1817/1610/128
f 1815/1613/129 1804/1611/129 1816/1612/129
f 1814/1614/128 1804/1611/128 1815/1613/128
f 1813/1615/128 1804/1611/128 1814/1614/128
f 1812/1616/128 1804/1611/128 1813/1615/128
f 1811/1617/128 1804/1611/128 1812/1616/128
f 1810/1618/128 1804/1611/128 1811/1617/128
f 1809/1619/128 1804/1611/128 1810/1618/128
f 1808/1620/128 1804/1611/128 1809/1619/128
f 1807/1621/128 1804/1611/128 1808/1620/128
f 1806/1622/128 1804/1611/128 1807/1621/128
f 1805/1623/128 1804/1611/128 1806/1622/128
f 2296/1179/129 2297/1181/129 2298/1180/129
f 2296/1179/129 2298/1180/129 2299/1182/129
f 2295/1183/129 2296/1179/129 2299/1182/129
f 2295/1183/129 2299/1182/129 2300/1184/129
f 2294/1185/129 2295/1183/129 2300/1184/129
f 2294/1185/129 2300/1184/129 2301/1186/129
f 2293/1187/129 2294/1185/129 2301/1186/129
f 2293/1187/129 2301/1186/129 2302/1188/129
f 2292/1189/129 2293/1187/129 2302/1188/129
f 2292/1189/129 2302/1188/129 2303/1190/129
f 2291/1191/129 2292/1189/129 2303/1190/129
f 2291/1191/129 2303/1190/129 2304/1192/129
f 2290/1193/129 2291/1191/129 2304/1192/129
f 2290/1193/129 2304/1192/129 2305/1194/129
f 2289/1195/129 2290/1193/129 2305/1194/129
f 2289/1195/129 2305/1194/129 2306/1196/129
f 2288/1197/129 2289/1195/129 2306/1196/129
f 2288/1197/129 2306/1196/129 2307/1198/129
f 2287/1199/129 2288/1197/129 2307/1198/129
f 2287/1199/129 2307/1198/129 2308/1200/129
f 2286/1201/129 2287/1199/129 2308/1200/129
f 2286/1201/129 2308/1200/129 2309/1202/129
f 2285/1203/129 2286/1201/129 2309/1202/129
f 2285/1203/129 2309/1202/129 2310/1204/129
f 2284/1205/129 2285/1203/129 2310/1204/129
f 2284/1205/129 2310/1204/129 2226/1206/129
f 2283/1207/129 2284/1205/129 2419/1208/129
f 2419/1208/129 2284/1205/129 2418/1209/129
f 2418/1209/129 2284/1205/129 2226/1206/129
f 2418/1209/129 2226/1206/129 2227/1210/129
f 2417/1211/129 2418/1209/129 2227/1210/129
f 2283/1207/129 2419/1208/129 2420/1212/129
f 2416/1213/129 2417/1211/129 2227/1210/129
f 2283/1207/129 2420/1212/129 2421/1214/129
f 2415/1215/129 2416/1213/129 2227/1210/129
f 2283/1207/129 2421/1214/129 2422/1216/129
f 2414/1217/129 2415/1215/129 2227/1210/129
f 2283/1207/129 2422/1216/129 2423/1218/129
f 2413/1219/129 2414/1217/129 2227/1210/129
f 2283/1207/129 2423/1218/129 2424/1220/129
f 2412/1221/129 2413/1219/129 2227/1210/129
f 2283/1207/129 2424/1220/129 2425/1222/129
f 2411/1223/129 2412/1221/129 2227/1210/129
f 2282/1224/129 2283/1207/129 2425/1222/129
f 2411/1223/129 2227/1210/129 2228/1225/129
f 2282/1224/129 2425/1222/129 2426/1226/129
f 2410/1227/129 2411/1223/129 2228/1225/129
f 2282/1224/129 2426/1226/129 2427/1228/129
f 2409/1229/129 2410/1227/129 2228/1225/129
f 2282/1224/129 2427/1228/129 2428/1230/129
f 2408/1231/129 2409/1229/129 2228/1225/129
f 2282/1224/129 2428/1230/129 2429/1232/129
f 2407/1233/129 2408/1231/129 2228/1225/129
f 2282/1224/129 2429/1232/129 2430/1234/129
f 2454/1235/129 2407/1233/129 2228/1225/129
f 2282/1224/129 2430/1234/129 2431/1236/129
f 2453/1237/129 2454/1235/129 2228/1225/129
f 2281/1238/129 2282/1224/129 2431/1236/129
f 2453/1237/129 2228/1225/129 2229/1239/129
f 2281/1238/129 2431/1236/129 2432/1240/129
f 2452/1241/129 2453/1237/129 2229/1239/129
f 2281/1238/129 2432/1240/129 2433/1242/129
f 2451/1243/129 2452/1241/129 2229/1239/129
f 2281/1238/129 2433/1242/129 2434/1244/129
f 2450/1245/129 2451/1243/129 2229/1239/129
f 2281/1238/129 2434/1244/129 2435/1246/129
f 2449/1247/129 2450/1245/129 2229/1239/129
f 2281/1238/129 2435/1246/129 2436/1248/129
f 2448/1249/129 2449/1247/129 2229/1239/129
f 2281/1238/129 2436/1248/129 2437/1250/129
f 2447/1251/129 2448/1249/129 2229/1239/129
f 2281/1238/129 2437/1250/129 2438/1252/129
f 2446/1253/129 2447/1251/129 2229/1239/129
f 2280/1254/129 2281/1238/129 2438/1252/129
f 2446/1253/129 2229/1239/129 2465/1255/129
f 2465/1255/129 2229/1239/129 2230/1256/129
f 2280/1254/129 2438/1252/129 2439/1257/129
f 2445/1258/129 2446/1253/129 2465/1255/129
f 2280/1254/129 2439/1257/129 2440/1259/129
f 2444/1260/129 2445/1258/129 2465/1255/129
f 2280/1254/129 2440/1259/129 2441/1261/129
f 2443/1262/129 2444/1260/129 2466/1263/129
f 2466/1263/129 2444/1260/129 2465/1255/129
f 2280/1254/129 2441/1261/129 2442/1264/129
f 2442/1264/129 2443/1262/129 2466/1263/129
f 2280/1254/129 2442/1264/129 2335/1265/129
f 2335/1265/129 2442/1264/129 2334/1266/129
f 2334/1266/129 2442/1264/129 2466/1263/129
f 2334/1266/129 2466/1263/129 2467/1267/129
f 2334/1266/129 2467/1267/129 2468/1268/129
f 2334/1266/129 2468/1268/129 2469/1269/129
f 2464/1270/129 2465/1255/129 2230/1256/129
f 2334/1266/129 2469/1269/129 2333/1271/129
f 2333/1271/129 2469/1269/129 2332/1272/129
f 2332/1272/129 2469/1269/129 2331/1273/129
f 2331/1273/129 2469/1269/129 2330/1274/129
f 2330/1274/129 2469/1269/129 2329/1275/129
f 2329/1275/129 2469/1269/129 2328/1276/129
f 2328/1276/129 2469/1269/129 2327/1277/129
f 2327/1277/129 2469/1269/129 2326/1278/129
f 2326/1278/129 2469/1269/129 2325/1279/129
f 2325/1279/129 2469/1269/129 2324/1280/129
f 2324/1280/129 2469/1269/129 2323/1281/129
f 2323/1281/129 2469/1269/129 2322/1282/129
f 2322/1282/129 2469/1269/129 2514/1283/129
f 2514/1283/129 2469/1269/129 2513/1284/129
f 2513/1284/129 2469/1269/129 2511/1285/129
f 2511/1285/129 2469/1269/129 2510/1286/129
f 2510/1286/129 2469/1269/129 2509/1287/129
f 2509/1287/129 2469/1269/129 2506/1288/129
f 2506/1288/129 2469/1269/129 2505/1289/129
f 2505/1289/129 2469/1269/129 2504/1290/129
f 2504/1290/129 2469/1269/129 2502/1291/129
f 2502/1291/129 2469/1269/129 2470/1292/129
f 2321/1293/129 2322/1282/129 2514/1283/129
f 2321/1293/129 2514/1283/129 2515/1294/129
f 2512/1295/128 2513/1284/128 2511/1285/128
f 2508/1296/128 2509/1287/128 2506/1288/128
f 2507/1297/128 2508/1296/128 2506/1288/128
f 2503/1298/128 2504/1290/128 2502/1291/128
f 2501/1299/129 2502/1291/129 2470/1292/129
f 2321/1293/129 2515/1294/129 2516/1300/129
f 2500/1301/129 2501/1299/129 2470/1292/129
f 2280/1254/129 2335/1265/129 2336/1302/129
f 2320/1303/129 2321/1293/129 2516/1300/129
f 2320/1303/129 2516/1300/129 2517/1304/129
f 2499/1305/129 2500/1301/129 2470/1292/129
f 2280/1254/129 2336/1302/129 2337/1306/129
f 2319/1307/129 2320/1303/129 2517/1304/129
f 2499/1305/129 2470/1292/129 2471/1308/129
f 2319/1307/129 2517/1304/129 2518/1309/129
f 2498/1310/129 2499/1305/129 2471/1308/129
f 2280/1254/129 2337/1306/129 2338/1311/129
f 2318/1312/129 2319/1307/129 2518/1309/129
f 2318/1312/129 2518/1309/129 2519/1313/129
f 2497/1314/129 2498/1310/129 2471/1308/129
f 2280/1254/129 2338/1311/129 2339/1315/129
f 2317/1316/129 2318/1312/129 2519/1313/129
f 2317/1316/129 2519/1313/129 2520/1317/129
f 2496/1318/129 2497/1314/129 2471/1308/129
f 2280/1254/129 2339/1315/129 2340/1319/129
f 2316/1320/129 2317/1316/129 2520/1317/129
f 2463/1321/129 2464/1270/129 2230/1256/129
f 2496/1318/129 2471/1308/129 2472/1322/129
f 2316/1320/129 2520/1317/129 2521/1323/129
f 2495/1324/129 2496/1318/129 2472/1322/129
f 2280/1254/129 2340/1319/129 2341/1325/129
f 2315/1326/129 2316/1320/129 2521/1323/129
f 2315/1326/129 2521/1323/129 2522/1327/129
f 2494/1328/129 2495/1324/129 2472/1322/129
f 2280/1254/129 2341/1325/129 2342/1329/129
f 2314/1330/129 2315/1326/129 2522/1327/129
f 2314/1330/129 2522/1327/129 2523/1331/129
f 2493/1332/129 2494/1328/129 2472/1322/129
f 2280/1254/129 2342/1329/129 2343/1333/129
f 2313/1334/129 2314/1330/129 2523/1331/129
f 2493/1332/129 2472/1322/129 2473/1335/129
f 2313/1334/129 2523/1331/129 2524/1336/129
f 2492/1337/129 2493/1332/129 2473/1335/129
f 2280/1254/129 2343/1333/129 2344/1338/129
f 2312/1339/129 2313/1334/129 2524/1336/129
f 2312/1339/129 2524/1336/129 2525/1340/129
f 2491/1341/129 2492/1337/129 2473/1335/129
f 2280/1254/129 2344/1338/129 2345/1342/129
f 2311/1343/129 2312/1339/129 2525/1340/129
f 2491/1341/129 2473/1335/129 2474/1344/129
f 2311/1343/129 2525/1340/129 2526/1345/129
f 2490/1346/129 2491/1341/129 2474/1344/129
f 2462/1347/129 2463/1321/129 2230/1256/129
f 2280/1254/129 2345/1342/129 2346/1348/129
f 2406/1349/129 2311/1343/129 2526/1345/129
f 2406/1349/129 2526/1345/129 2527/1350/129
f 2489/1351/129 2490/1346/129 2474/1344/129
f 2488/1352/129 2489/1351/129 2474/1344/129
f 2280/1254/129 2346/1348/129 2347/1353/129
f 2405/1354/129 2406/1349/129 2527/1350/129
f 2487/1355/129 2488/1352/129 2474/1344/129
f 2487/1355/129 2474/1344/129 2475/1356/129
f 2486/1357/129 2487/1355/129 2475/1356/129
f 2279/1358/129 2280/1254/129 2347/1353/129
f 2462/1347/129 2230/1256/129 2231/1359/129
f 2405/1354/129 2527/1350/129 2528/1360/129
f 2485/1361/129 2486/1357/129 2475/1356/129
f 2279/1358/129 2347/1353/129 2348/1362/129
f 2404/1363/129 2405/1354/129 2528/1360/129
f 2485/1361/129 2475/1356/129 2476/1364/129
f 2484/1365/129 2485/1361/129 2476/1364/129
f 2461/1366/129 2462/1347/129 2231/1359/129
f 2483/1367/129 2484/1365/129 2476/1364/129
f 2483/1367/129 2476/1364/129 2477/1368/129
f 2482/1369/129 2483/1367/129 2477/1368/129
f 2481/1370/129 2482/1369/129 2477/1368/129
f 2481/1370/129 2477/1368/129 2480/1371/129
f 2480/1371/129 2477/1368/129 2479/1372/129
f 2479/1372/129 2477/1368/129 2478/1373/129
f 2404/1363/129 2528/1360/129 2529/1374/129
f 2279/1358/129 2348/1362/129 2349/1375/129
f 2403/1376/129 2404/1363/129 2529/1374/129
f 2460/1377/129 2461/1366/129 2231/1359/129
f 2459/1378/129 2460/1377/129 2231/1359/129
f 2403/1376/129 2529/1374/129 2530/1379/129
f 2279/1358/129 2349/1375/129 2350/1380/129
f 2402/1381/129 2403/1376/129 2530/1379/129
f 2458/1382/129 2459/1378/129 2231/1359/129
f 2458/1382/129 2231/1359/129 2232/1383/129
f 2278/1384/129 2279/1358/129 2350/1380/129
f 2597/1385/129 2598/1387/129 2599/1386/129
f 2596/1388/129 2597/1385/129 2599/1386/129
f 2596/1388/129 2599/1386/129 2600/1389/129
f 2595/1390/129 2596/1388/129 2600/1389/129
f 2595/1390/129 2600/1389/129 2601/1391/129
f 2594/1392/129 2595/1390/129 2601/1391/129
f 2402/1381/129 2530/1379/129 2531/1393/129
f 2278/1384/129 2350/1380/129 2351/1394/129
f 2401/1395/129 2402/1381/129 2531/1393/129
f 2594/1392/129 2601/1391/129 2602/1396/129
f 2457/1397/129 2458/1382/129 2232/1383/129
f 2593/1398/129 2594/1392/129 2602/1396/129
f 2593/1398/129 2602/1396/129 2603/1399/129
f 2592/1400/129 2593/1398/129 2603/1399/129
f 2591/1401/129 2592/1400/129 2603/1399/129
f 2591/1401/129 2603/1399/129 2604/1402/129
f 2456/1403/129 2457/1397/129 2232/1383/129
f 2590/1404/129 2591/1401/129 2604/1402/129
f 2590/1404/129 2604/1402/129 2605/1405/129
f 2589/1406/129 2590/1404/129 2605/1405/129
f 2401/1395/129 2531/1393/129 2532/1407/129
f 2278/1384/129 2351/1394/129 2352/1408/129
f 2400/1409/129 2401/1395/129 2532/1407/129
f 2589/1406/129 2605/1405/129 2606/1410/129
f 2588/1411/129 2589/1406/129 2606/1410/129
f 2455/1412/129 2456/1403/129 2232/1383/129
f 2587/1413/129 2588/1411/129 2606/1410/129
f 2587/1413/129 2606/1410/129 2607/1414/129
f 2455/1412/129 2232/1383/129 2233/1415/129
f 2277/1416/129 2278/1384/129 2352/1408/129
f 2586/1417/129 2587/1413/129 2607/1414/129
f 2586/1417/129 2607/1414/129 2608/1418/129
f 2585/1419/129 2586/1417/129 2608/1418/129
f 2670/1420/129 2455/1412/129 2233/1415/129
f 2584/1421/129 2585/1419/129 2608/1418/129
f 2584/1421/129 2608/1418/129 2609/1422/129
f 2277/1416/129 2352/1408/129 2353/1423/129
f 2399/1424/129 2400/1409/129 2532/1407/129
f 2399/1424/129 2532/1407/129 2533/1425/129
f 2583/1426/129 2584/1421/129 2609/1422/129
f 2583/1426/129 2609/1422/129 2610/1427/129
f 2669/1428/129 2670/1420/129 2233/1415/129
f 2668/1429/129 2669/1428/129 2233/1415/129
f 2583/1426/129 2610/1427/129 2611/1430/129
f 2583/1426/129 2611/1430/129 2612/1431/129
f 2582/1432/129 2583/1426/129 2612/1431/129
f 2667/1433/129 2668/1429/129 2233/1415/129
f 2582/1432/129 2612/1431/129 2613/1434/129
f 2666/1435/129 2667/1433/129 2233/1415/129
f 2581/1436/129 2582/1432/129 2613/1434/129
f 2581/1436/129 2613/1434/129 2614/1437/129
f 2277/1416/129 2353/1423/129 2354/1438/129
f 2398/1439/129 2399/1424/129 2533/1425/129
f 2398/1439/129 2533/1425/129 2534/1440/129
f 2665/1441/129 2666/1435/129 2233/1415/129
f 2665/1441/129 2233/1415/129 2234/1442/129
f 2276/1443/129 2277/1416/129 2354/1438/129
f 2581/1436/129 2614/1437/129 2615/1444/129
f 2580/1445/129 2581/1436/129 2615/1444/129
f 2664/1446/129 2665/1441/129 2234/1442/129
f 2580/1445/129 2615/1444/129 2616/1447/129
f 2579/1448/129 2580/1445/129 2616/1447/129
f 2276/1443/129 2354/1438/129 2355/1449/129
f 2397/1450/129 2398/1439/129 2534/1440/129
f 2397/1450/129 2534/1440/129 2535/1451/129
f 2663/1452/129 2664/1446/129 2234/1442/129
f 2579/1448/129 2616/1447/129 2617/1453/129
f 2578/1454/129 2579/1448/129 2617/1453/129
f 2662/1455/129 2663/1452/129 2234/1442/129
f 2662/1455/129 2234/1442/129 2235/1456/129
f 2275/1457/129 2276/1443/129 2355/1449/129
f 2578/1454/129 2617/1453/129 2618/1458/129
f 2275/1457/129 2355/1449/129 2356/1459/129
f 2396/1460/129 2397/1450/129 2535/1451/129
f 2396/1460/129 2535/1451/129 2536/1461/129
f 2577/1462/129 2578/1454/129 2618/1458/129
f 2661/1463/129 2662/1455/129 2235/1456/129
f 2577/1462/129 2618/1458/129 2619/1464/129
f 2576/1465/129 2577/1462/129 2619/1464/129
f 2395/1466/129 2396/1460/129 2536/1461/129
f 2275/1457/129 2356/1459/129 2357/1467/129
f 2660/1468/129 2661/1463/129 2235/1456/129
f 2395/1466/129 2536/1461/129 2537/1469/129
f 2576/1465/129 2619/1464/129 2620/1470/129
f 2575/1471/129 2576/1465/129 2620/1470/129
f 2659/1472/129 2660/1468/129 2235/1456/129
f 2659/1472/129 2235/1456/129 2236/1473/129
f 2274/1474/129 2275/1457/129 2357/1467/129
f 2575/1471/129 2620/1470/129 2621/1475/129
f 2394/1476/129 2395/1466/129 2537/1469/129
f 2274/1474/129 2357/1467/129 2358/1477/129
f 2394/1476/129 2537/1469/129 2538/1478/129
f 2574/1479/129 2575/1471/129 2621/1475/129
f 2658/1480/129 2659/1472/129 2236/1473/129
f 2574/1479/129 2621/1475/129 2622/1481/129
f 2274/1474/129 2358/1477/129 2359/1482/129
f 2393/1483/129 2394/1476/129 2538/1478/129
f 2393/1483/129 2538/1478/129 2539/1484/129
f 2573/1485/129 2574/1479/129 2622/1481/129
f 2573/1485/129 2622/1481/129 2623/1486/129
f 2657/1487/129 2658/1480/129 2236/1473/129
f 2274/1474/129 2359/1482/129 2360/1488/129
f 2392/1489/129 2393/1483/129 2539/1484/129
f 2572/1490/129 2573/1485/129 2623/1486/129
f 2656/1491/129 2657/1487/129 2236/1473/129
f 2392/1489/129 2539/1484/129 2540/1492/129
f 2572/1490/129 2623/1486/129 2624/1493/129
f 2274/1474/129 2360/1488/129 2361/1494/129
f 2391/1495/129 2392/1489/129 2540/1492/129
f 2571/1496/129 2572/1490/129 2624/1493/129
f 2655/1497/129 2656/1491/129 2236/1473/129
f 2391/1495/129 2540/1492/129 2541/1498/129
f 2571/1496/129 2624/1493/129 2625/1499/129
f 2274/1474/129 2361/1494/129 2362/1500/129
f 2390/1501/129 2391/1495/129 2541/1498/129
f 2570/1502/129 2571/1496/129 2625/1499/129
f 2654/1503/129 2655/1497/129 2236/1473/129
f 2390/1501/129 2541/1498/129 2542/1504/129
f 2570/1502/129 2625/1499/129 2626/1505/129
f 2274/1474/129 2362/1500/129 2363/1506/129
f 2389/1507/129 2390/1501/129 2542/1504/129
f 2569/1508/129 2570/1502/129 2626/1505/129
f 2653/1509/129 2654/1503/129 2236/1473/129
f 2389/1507/129 2542/1504/129 2543/1510/129
f 2569/1508/129 2626/1505/129 2627/1511/129
f 2274/1474/129 2363/1506/129 2364/1512/129
f 2388/1513/129 2389/1507/129 2543/1510/129
f 2568/1514/129 2569/1508/129 2627/1511/129
f 2652/1515/129 2653/1509/129 2236/1473/129
f 2388/1513/129 2543/1510/129 2544/1516/129
f 2568/1514/129 2627/1511/129 2628/1517/129
f 2274/1474/129 2364/1512/129 2365/1518/129
f 2387/1519/129 2388/1513/129 2544/1516/129
f 2567/1520/129 2568/1514/129 2628/1517/129
f 2651/1521/129 2652/1515/129 2236/1473/129
f 2387/1519/129 2544/1516/129 2545/1522/129
f 2567/1520/129 2628/1517/129 2629/1523/129
f 2274/1474/129 2365/1518/129 2366/1524/129
f 2386/1525/129 2387/1519/129 2545/1522/129
f 2566/1526/129 2567/1520/129 2629/1523/129
f 2650/1527/129 2651/1521/129 2236/1473/129
f 2386/1525/129 2545/1522/129 2546/1528/129
f 2566/1526/129 2629/1523/129 2630/1529/129
f 2385/1530/129 2386/1525/129 2546/1528/129
f 2274/1474/129 2366/1524/129 2367/1531/129
f 2565/1532/129 2566/1526/129 2630/1529/129
f 2649/1533/129 2650/1527/129 2236/1473/129
f 2385/1530/129 2546/1528/129 2547/1534/129
f 2565/1532/129 2630/1529/129 2631/1535/129
f 2384/1536/129 2385/1530/129 2547/1534/129
f 2274/1474/129 2367/1531/129 2368/1537/129
f 2564/1538/129 2565/1532/129 2631/1535/129
f 2648/1539/129 2649/1533/129 2236/1473/129
f 2384/1536/129 2547/1534/129 2548/1540/129
f 2564/1538/129 2631/1535/129 2632/1541/129
f 2383/1542/129 2384/1536/129 2548/1540/129
f 2274/1474/129 2368/1537/129 2369/1543/129
f 2563/1544/129 2564/1538/129 2632/1541/129
f 2647/1545/129 2648/1539/129 2236/1473/129
f 2383/1542/129 2548/1540/129 2549/1546/129
f 2563/1544/129 2632/1541/129 2633/1547/129
f 2382/1548/129 2383/1542/129 2549/1546/129
f 2274/1474/129 2369/1543/129 2370/1549/129
f 2562/1550/129 2563/1544/129 2633/1547/129
f 2646/1551/129 2647/1545/129 2236/1473/129
f 2382/1548/129 2549/1546/129 2550/1552/129
f 2562/1550/129 2633/1547/129 2634/1553/129
f 2274/1474/129 2370/1549/129 2371/1554/129
f 2274/1474/129 2371/1554/129 2372/1555/129
f 2274/1474/129 2372/1555/129 2373/1556/129
f 2274/1474/129 2373/1556/129 2374/1557/129
f 2274/1474/129 2374/1557/129 2375/1558/129
f 2274/1474/129 2375/1558/129 2376/1559/129
f 2274/1474/129 2376/1559/129 2377/1560/129
f 2274/1474/129 2377/1560/129 2378/1561/129
f 2274/1474/129 2378/1561/129 2379/1562/129
f 2274/1474/129 2379/1562/129 2380/1563/129
f 2274/1474/129 2380/1563/129 2381/1564/129
f 2274/1474/129 2381/1564/129 2382/1548/129
f 2274/1474/129 2382/1548/129 2550/1552/129
f 2274/1474/129 2550/1552/129 2551/1565/129
f 2274/1474/129 2551/1565/129 2552/1566/129
f 2274/1474/129 2552/1566/129 2553/1567/129
f 2274/1474/129 2553/1567/129 2554/1568/129
f 2274/1474/129 2554/1568/129 2555/1569/129
f 2274/1474/129 2555/1569/129 2556/1570/129
f 2274/1474/129 2556/1570/129 2557/1571/129
f 2274/1474/129 2557/1571/129 2558/1572/129
f 2274/1474/129 2558/1572/129 2559/1573/129
f 2274/1474/129 2559/1573/129 2560/1574/129
f 2274/1474/129 2560/1574/129 2561/1575/129
f 2274/1474/129 2561/1575/129 2562/1550/129
f 2274/1474/129 2562/1550/129 2634/1553/129
f 2274/1474/129 2634/1553/129 2635/1576/129
f 2274/1474/129 2635/1576/129 2636/1577/129
f 2274/1474/129 2636/1577/129 2637/1578/129
f 2274/1474/129 2637/1578/129 2638/1579/129
f 2274/1474/129 2638/1579/129 2639/1580/129
f 2274/1474/129 2639/1580/129 2640/1581/129
f 2274/1474/129 2640/1581/129 2641/1582/129
f 2274/1474/129 2641/1582/129 2642/1583/129
f 2274/1474/129 2642/1583/129 2643/1584/129
f 2274/1474/129 2643/1584/129 2644/1585/129
f 2274/1474/129 2644/1585/129 2645/1586/129
f 2274/1474/129 2645/1586/129 2646/1551/129
f 2274/1474/129 2646/1551/129 2236/1473/129
f 2274/1474/129 2236/1473/129 2237/1587/129
f 2273/1588/129 2274/1474/129 2237/1587/129
f 2272/1589/129 2273/1588/129 2237/1587/129
f 2272/1589/129 2237/1587/129 2238/1590/129
f 2271/1591/129 2272/1589/129 2238/1590/129
f 2271/1591/129 2238/1590/129 2239/1592/129
f 2271/1591/129 2239/1592/129 2240/1593/129
f 2270/1594/129 2271/1591/129 2240/1593/129
f 2270/1594/129 2240/1593/129 2241/1595/129
f 2269/1596/129 2270/1594/129 2241/1595/129
f 2269/1596/129 2241/1595/129 2242/1597/129
f 2268/1598/129 2269/1596/129 2242/1597/129
f 2268/1598/129 2242/1597/129 2243/1599/129
f 2267/1600/129 2268/1598/129 2243/1599/129
f 2267/1600/129 2243/1599/129 2244/1601/129
f 2266/1602/129 2267/1600/129 2244/1601/129
f 2266/1602/129 2244/1601/129 2245/1603/129
f 2265/1604/129 2266/1602/129 2245/1603/129
f 2265/1604/129 2245/1603/129 2246/1605/129
f 2264/1606/129 2265/1604/129 2246/1605/129
f 2264/1606/129 2246/1605/129 2247/1607/129
f 2263/1608/129 2264/1606/129 2247/1607/129
f 2263/1608/129 2247/1607/129 2248/1609/129
f 2262/1610/129 2263/1608/129 2248/1609/129
f 2262/1610/129 2248/1609/129 2249/1611/129
f 2261/1612/129 2262/1610/129 2249/1611/129
f 2260/1613/128 2261/1612/128 2249/1611/128
f 2259/1614/128 2260/1613/128 2249/1611/128
f 2258/1615/128 2259/1614/128 2249/1611/128
f 2257/1616/128 2258/1615/128 2249/1611/128
f 2256/1617/128 2257/1616/128 2249/1611/128
f 2255/1618/128 2256/1617/128 2249/1611/128
f 2254/1619/128 2255/1618/128 2249/1611/128
f 2253/1620/128 2254/1619/128 2249/1611/128
f 2252/1621/128 2253/1620/128 2249/1611/128
f 2251/1622/128 2252/1621/128 2249/1611/128
f 2250/1623/128 2251/1622/128 2249/1611/128
s 1
f 2672/1624/130 2674/1625/130 2673/1626/130 2671/1206/130
f 2674/1625/130 2676/1627/130 2675/1628/130 2673/1626/130
f 2676/1627/130 2678/1629/130 2677/1630/130 2675/1628/130
f 2678/1629/130 2680/1631/130 2679/1632/130 2677/1630/130
f 2680/1631/130 2682/1633/130 2681/1634/130 2679/1632/130
f 2682/1633/130 2684/1635/130 2683/1636/130 2681/1634/130
f 2684/1635/130 2686/1637/130 2685/1638/130 2683/1636/130
f 2686/1637/130 2688/1639/130 2687/1640/130 2685/1638/130
f 2688/1639/130 2690/1641/130 2689/1642/130 2687/1640/130
f 2690/1641/130 2692/1643/130 2691/1644/130 2689/1642/130
f 2692/1643/130 2694/1645/131 2693/1646/131 2691/1644/130
f 2694/1645/131 2696/1647/132 2695/1648/132 2693/1646/131
f 2696/1647/132 2698/1649/133 2697/1650/133 2695/1648/132
f 2698/1649/133 2700/1651/134 2699/1652/134 2697/1650/133
f 2700/1651/134 2702/1653/135 2701/1654/135 2699/1652/134
f 2702/1653/135 2704/1655/136 2703/1656/136 2701/1654/135
f 2704/1655/136 2706/1657/137 2705/1658/137 2703/1656/136
f 2706/1657/137 2708/1659/138 2707/1660/138 2705/1658/137
f 2708/1659/138 2710/1661/139 2709/1662/139 2707/1660/138
f 2710/1661/139 2712/1663/140 2711/1664/140 2709/1662/139
f 2712/1663/140 2714/1665/141 2713/1666/141 2711/1664/140
f 2714/1665/141 2716/1667/142 2715/1668/142 2713/1666/141
f 2716/1667/142 2718/1669/143 2717/1670/143 2715/1668/142
f 2718/1669/143 2720/1671/144 2719/1672/144 2717/1670/143
f 2720/1671/144 2722/1673/144 2721/1674/144 2719/1672/144
f 2722/1673/144 2724/1675/144 2723/1676/144 2721/1674/144
f 2724/1675/144 2726/1677/144 2725/1678/144 2723/1676/144
f 2726/1677/144 2728/1679/144 2727/1680/144 2725/1678/144
f 2728/1679/144 2730/1681/144 2729/1682/144 2727/1680/144
f 2730/1681/144 2732/1683/144 2731/1684/144 2729/1682/144
f 2732/1683/144 2734/1685/144 2733/1686/144 2731/1684/144
f 2734/1685/144 2736/1687/144 2735/1688/144 2733/1686/144
f 2736/1687/144 2738/1689/144 2737/1690/144 2735/1688/144
f 2738/1689/144 2740/1691/144 2739/1692/144 2737/1690/144
f 2740/1691/144 2742/1693/145 2741/1694/145 2739/1692/144
f 2742/1693/145 2744/1695/146 2743/1696/146 2741/1694/145
f 2744/1695/146 2746/1697/147 2745/1698/147 2743/1696/146
f 2746/1697/147 2748/1699/148 2747/1700/148 2745/1698/147
f 2748/1699/148 2750/1701/149 2749/1702/149 2747/1700/148
f 2750/1701/149 2752/1703/150 2751/1704/150 2749/1702/149
f 2752/1703/150 2754/1705/151 2753/1706/151 2751/1704/150
f 2754/1705/151 2756/1707/152 2755/1708/152 2753/1706/151
f 2756/1707/152 2758/1709/153 2757/1710/153 2755/1708/152
f 2758/1709/153 2760/1711/154 2759/1712/154 2757/1710/153
f 2760/1711/154 2762/1713/155 2761/1714/155 2759/1712/154
f 2762/1713/155 2764/1715/156 2763/1716/156 2761/1714/155
f 2764/1715/156 2766/1717/157 2765/1718/157 2763/1716/156
f 2766/1717/157 2768/1719/158 2767/1720/158 2765/1718/157
f 2768/1719/158 2770/1721/158 2769/1722/158 2767/1720/158
f 2770/1721/158 2772/1723/158 2771/1724/158 2769/1722/158
f 2772/1723/158 2774/1725/158 2773/1726/158 2771/1724/158
f 2774/1725/158 2776/1727/158 2775/1728/158 2773/1726/158
f 2776/1727/158 2778/1729/158 2777/1730/158 2775/1728/158
f 2778/1729/158 2780/1731/158 2779/1732/158 2777/1730/158
f 2780/1731/158 2782/1733/158 2781/1734/158 2779/1732/158
f 2782/1733/158 2784/1735/158 2783/1736/158 2781/1734/158
f 2784/1735/158 2786/1737/158 2785/1738/158 2783/1736/158
f 2786/1737/158 2788/1739/158 2787/1740/158 2785/1738/158
f 2788/1739/158 2790/1741/159 2789/1742/159 2787/1740/158
f 2790/1741/159 2792/1743/160 2791/1744/160 2789/1742/159
f 2792/1743/160 2794/1745/161 2793/1746/161 2791/1744/160
f 2794/1745/161 2796/1747/162 2795/1748/162 2793/1746/161
f 2796/1747/162 2798/1749/163 2797/1750/163 2795/1748/162
f 2798/1749/163 2800/1751/164 2799/1752/164 2797/1750/163
f 2800/1751/164 2802/1753/165 2801/1754/165 2799/1752/164
f 2802/1753/165 2804/1755/166 2803/1756/166 2801/1754/165
f 2804/1755/166 2806/1757/167 2805/1758/167 2803/1756/166
f 2806/1757/167 2808/1759/168 2807/1760/168 2805/1758/167
f 2808/1759/168 2810/1761/169 2809/1762/169 2807/1760/168
f 2810/1761/169 2812/1763/170 2811/1764/170 2809/1762/169
f 2812/1763/170 2814/1765/171 2813/1766/171 2811/1764/170
f 2814/1765/171 2816/1767/172 2815/1768/172 2813/1766/171
f 2816/1767/172 2818/1769/173 2817/1770/173 2815/1768/172
f 2818/1769/173 2820/1771/174 2819/1772/174 2817/1770/173
f 2820/1771/174 2822/1773/175 2821/1774/175 2819/1772/174
f 2822/1773/175 2824/1775/176 2823/1776/176 2821/1774/175
f 2824/1775/176 2826/1777/177 2825/1778/177 2823/1776/176
f 2826/1777/177 2828/1779/178 2827/1780/178 2825/1778/177
f 2828/1779/178 2830/1781/179 2829/1782/179 2827/1780/178
f 2830/1781/179 2832/1783/180 2831/1784/180 2829/1782/179
f 2832/1783/180 2834/1785/181 2833/1786/181 2831/1784/180
f 2834/1785/181 2836/1787/182 2835/1788/182 2833/1786/181
f 2836/1787/182 2838/1789/183 2837/1790/183 2835/1788/182
f 2838/1789/183 2840/1791/184 2839/1792/184 2837/1790/183
f 2840/1791/184 2672/1793/130 2671/1420/130 2839/1792/184
f 2842/1624/156 2844/1794/155 2843/1795/155 2841/1206/156
f 2844/1794/155 2846/1796/154 2845/1797/154 2843/1795/155
f 2846/1796/154 2848/1798/153 2847/1799/153 2845/1797/154
f 2848/1798/153 2850/1800/152 2849/1801/152 2847/1799/153
f 2850/1800/152 2852/1802/151 2851/1803/151 2849/1801/152
f 2852/1802/151 2854/1804/150 2853/1805/150 2851/1803/151
f 2854/1804/150 2856/1806/149 2855/1807/149 2853/1805/150
f 2856/1806/149 2858/1808/148 2857/1608/148 2855/1807/149
f 2858/1808/148 2860/1809/147 2859/1810/147 2857/1608/148
f 2860/1809/147 2862/1811/146 2861/1812/146 2859/1810/147
f 2862/1811/146 2864/1813/145 2863/1814/145 2861/1812/146
f 2864/1813/145 2866/1815/144 2865/1816/144 2863/1814/145
f 2866/1815/144 2868/1817/144 2867/1818/144 2865/1816/144
f 2868/1817/144 2870/1819/144 2869/1820/144 2867/1818/144
f 2870/1819/144 2872/1821/144 2871/1822/144 2869/1820/144
f 2872/1821/144 2874/1823/144 2873/1184/144 2871/1822/144
f 2874/1823/144 2876/1824/144 2875/1825/144 2873/1184/144
f 2876/1824/144 2878/1826/144 2877/1827/144 2875/1825/144
f 2878/1826/144 2880/1828/144 2879/1829/144 2877/1827/144
f 2880/1828/144 2882/1830/144 2881/1831/144 2879/1829/144
f 2882/1830/144 2884/1832/144 2883/1833/144 2881/1831/144
f 2884/1832/144 2886/1834/144 2885/1835/144 2883/1833/144
f 2886/1834/144 2888/1836/143 2887/1837/143 2885/1835/144
f 2888/1836/143 2890/1838/142 2889/1306/142 2887/1837/143
f 2890/1838/142 2892/1839/141 2891/1840/141 2889/1306/142
f 2892/1839/141 2894/1841/140 2893/1842/140 2891/1840/141
f 2894/1841/140 2896/1843/139 2895/1844/139 2893/1842/140
f 2896/1843/139 2898/1845/138 2897/1846/138 2895/1844/139
f 2898/1845/138 2900/1847/137 2899/1848/137 2897/1846/138
f 2900/1847/137 2902/1849/136 2901/1850/136 2899/1848/137
f 2902/1849/136 2904/1851/135 2903/1852/135 2901/1850/136
f 2904/1851/135 2906/1853/134 2905/1557/134 2903/1852/135
f 2906/1853/134 2908/1854/133 2907/1855/133 2905/1557/134
f 2908/1854/133 2910/1856/132 2909/1857/132 2907/1855/133
f 2910/1856/132 2912/1858/131 2911/1859/131 2909/1857/132
f 2912/1858/131 2914/1860/130 2913/1861/130 2911/1859/131
f 2914/1860/130 2916/1862/130 2915/1863/130 2913/1861/130
f 2916/1862/130 2918/1864/130 2917/1865/130 2915/1863/130
f 2918/1864/130 2920/1866/130 2919/1867/130 2917/1865/130
f 2920/1866/130 2922/1868/130 2921/1223/130 2919/1867/130
f 2922/1868/130 2924/1869/130 2923/1870/130 2921/1223/130
f 2924/1869/130 2926/1871/130 2925/1872/130 2923/1870/130
f 2926/1871/130 2928/1873/130 2927/1874/130 2925/1872/130
f 2928/1873/130 2930/1875/130 2929/1876/130 2927/1874/130
f 2930/1875/130 2932/1877/130 2931/1878/130 2929/1876/130
f 2932/1877/130 2934/1879/130 2933/1880/130 2931/1878/130
f 2934/1879/130 2936/1881/184 2935/1882/184 2933/1880/130
f 2936/1881/184 2938/1883/183 2937/1249/183 2935/1882/184
f 2938/1883/183 2940/1884/182 2939/1885/182 2937/1249/183
f 2940/1884/182 2942/1886/181 2941/1887/181 2939/1885/182
f 2942/1886/181 2944/1888/180 2943/1889/180 2941/1887/181
f 2944/1888/180 2946/1890/179 2945/1891/179 2943/1889/180
f 2946/1890/179 2948/1892/178 2947/1893/178 2945/1891/179
f 2948/1892/178 2950/1894/177 2949/1895/177 2947/1893/178
f 2950/1894/177 2952/1896/176 2951/1897/176 2949/1895/177
f 2952/1896/176 2954/1898/175 2953/1361/175 2951/1897/176
f 2954/1898/175 2956/1899/174 2955/1900/174 2953/1361/175
f 2956/1899/174 2958/1901/173 2957/1902/173 2955/1900/174
f 2958/1901/173 2960/1903/172 2959/1904/172 2957/1902/173
f 2960/1903/172 2962/1905/185 2961/1906/185 2959/1904/172
f 2962/1905/185 2964/1907/185 2963/1908/185 2961/1906/185
f 2964/1907/185 2966/1909/185 2965/1910/185 2963/1908/185
f 2966/1909/185 2968/1911/185 2967/1912/185 2965/1910/185
f 2968/1911/185 2970/1913/185 2969/1327/185 2967/1912/185
f 2970/1913/185 2972/1914/185 2971/1915/185 2969/1327/185
f 2972/1914/185 2974/1916/185 2973/1917/185 2971/1915/185
f 2974/1916/185 2976/1918/185 2975/1919/185 2973/1917/185
f 2976/1918/185 2978/1920/185 2977/1921/185 2975/1919/185
f 2978/1920/185 2980/1922/185 2979/1923/185 2977/1921/185
f 2980/1922/185 2982/1924/185 2981/1925/185 2979/1923/185
f 2982/1924/185 2984/1926/171 2983/1927/171 2981/1925/185
f 2984/1926/171 2986/1928/170 2985/1573/170 2983/1927/171
f 2986/1928/170 2988/1929/169 2987/1930/169 2985/1573/170
f 2988/1929/169 2990/1931/168 2989/1932/168 2987/1930/169
f 2990/1931/168 2992/1933/167 2991/1934/167 2989/1932/168
f 2992/1933/167 2994/1935/166 2993/1936/166 2991/1934/167
f 2994/1935/166 2996/1937/165 2995/1938/165 2993/1936/166
f 2996/1937/165 2998/1939/164 2997/1940/164 2995/1938/165
f 2998/1939/164 3000/1941/163 2999/1942/163 2997/1940/164
f 3000/1941/163 3002/1943/186 3001/1388/186 2999/1942/163
f 3002/1943/186 3004/1944/161 3003/1945/161 3001/1388/186
f 3004/1944/161 3006/1946/160 3005/1947/160 3003/1945/161
f 3006/1946/160 3008/1948/159 3007/1949/159 3005/1947/160
f 3008/1948/159 3010/1950/158 3009/1951/158 3007/1949/159
f 3010/1950/158 3012/1952/158 3011/1953/158 3009/1951/158
f 3012/1952/158 3014/1954/158 3013/1955/158 3011/1953/158
f 3014/1954/158 3016/1956/158 3015/1957/158 3013/1955/158
f 3016/1956/158 3018/1958/158 3017/1547/158 3015/1957/158
f 3018/1958/158 3020/1959/158 3019/1960/158 3017/1547/158
f 3020/1959/158 3022/1961/158 3021/1962/158 3019/1960/158
f 3022/1961/158 3024/1963/158 3023/1964/158 3021/1962/158
f 3024/1963/158 3026/1965/158 3025/1966/158 3023/1964/158
f 3026/1965/158 3028/1967/158 3027/1968/158 3025/1966/158
f 3028/1967/158 3030/1969/158 3029/1970/158 3027/1968/158
f 3030/1969/158 3032/1971/157 3031/1972/157 3029/1970/158
f 3032/1971/157 2842/1793/156 2841/1420/156 3031/1972/157
f 3034/1624/156 3036/1796/155 3035/1797/155 3033/1206/156
f 3036/1796/155 3038/1800/187 3037/1801/187 3035/1797/155
f 3038/1800/187 3040/1804/153 3039/1805/153 3037/1801/187
f 3040/1804/153 3042/1808/152 3041/1608/152 3039/1805/153
f 3042/1808/152 3044/1811/151 3043/1812/151 3041/1608/152
f 3044/1811/151 3046/1815/150 3045/1816/150 3043/1812/151
f 3046/1815/150 3048/1819/149 3047/1820/149 3045/1816/150
f 3048/1819/149 3050/1823/148 3049/1184/148 3047/1820/149
f 3050/1823/148 3052/1826/147 3051/1827/147 3049/1184/148
f 3052/1826/147 3054/1830/146 3053/1831/146 3051/1827/147
f 3054/1830/146 3056/1834/144 3055/1835/144 3053/1831/146
f 3056/1834/144 3058/1838/142 3057/1306/142 3055/1835/144
f 3058/1838/142 3060/1841/141 3059/1842/141 3057/1306/142
f 3060/1841/141 3062/1845/140 3061/1846/140 3059/1842/141
f 3062/1845/140 3064/1849/139 3063/1850/139 3061/1846/140
f 3064/1849/139 3066/1853/138 3065/1557/138 3063/1850/139
f 3066/1853/138 3068/1856/137 3067/1857/137 3065/1557/138
f 3068/1856/137 3070/1860/136 3069/1861/136 3067/1857/137
f 3070/1860/136 3072/1864/135 3071/1865/135 3069/1861/136
f 3072/1864/135 3074/1868/188 3073/1223/188 3071/1865/135
f 3074/1868/188 3076/1871/133 3075/1872/133 3073/1223/188
f 3076/1871/133 3078/1875/132 3077/1876/132 3075/1872/133
f 3078/1875/132 3080/1879/130 3079/1880/130 3077/1876/132
f 3080/1879/130 3082/1883/183 3081/1249/183 3079/1880/130
f 3082/1883/183 3084/1886/182 3083/1887/182 3081/1249/183
f 3084/1886/182 3086/1890/189 3085/1891/189 3083/1887/182
f 3086/1890/189 3088/1894/180 3087/1895/180 3085/1891/189
f 3088/1894/180 3090/1898/179 3089/1361/179 3087/1895/180
f 3090/1898/179 3092/1901/178 3091/1902/178 3089/1361/179
f 3092/1901/178 3094/1905/177 3093/1906/177 3091/1902/178
f 3094/1905/177 3096/1909/176 3095/1910/176 3093/1906/177
f 3096/1909/176 3098/1913/175 3097/1327/175 3095/1910/176
f 3098/1913/175 3100/1916/174 3099/1917/174 3097/1327/175
f 3100/1916/174 3102/1920/173 3101/1921/173 3099/1917/174
f 3102/1920/173 3104/1924/185 3103/1925/185 3101/1921/173
f 3104/1924/185 3106/1928/170 3105/1573/170 3103/1925/185
f 3106/1928/170 3108/1931/169 3107/1932/169 3105/1573/170
f 3108/1931/169 3110/1935/168 3109/1936/168 3107/1932/169
f 3110/1935/168 3112/1939/167 3111/1940/167 3109/1936/168
f 3112/1939/167 3114/1943/166 3113/1388/166 3111/1940/167
f 3114/1943/166 3116/1946/165 3115/1947/165 3113/1388/166
f 3116/1946/165 3118/1950/164 3117/1951/164 3115/1947/165
f 3118/1950/164 3120/1954/163 3119/1955/163 3117/1951/164
f 3120/1954/163 3122/1958/186 3121/1547/186 3119/1955/163
f 3122/1958/186 3124/1961/161 3123/1962/161 3121/1547/186
f 3124/1961/161 3126/1965/160 3125/1966/160 3123/1962/161
f 3126/1965/160 3128/1969/158 3127/1970/158 3125/1966/160
f 3128/1969/158 3034/1793/156 3033/1420/156 3127/1970/158
f 3130/1624/190 3132/1973/191 3131/1974/191 3129/1206/190
f 3132/1973/191 3134/1975/192 3133/1976/192 3131/1974/191
f 3134/1975/192 3136/1977/193 3135/1978/193 3133/1976/192
f 3136/1977/193 3138/1979/194 3137/1980/194 3135/1978/193
f 3138/1979/194 3140/1981/195 3139/1982/195 3137/1980/194
f 3140/1981/195 3142/1983/196 3141/1984/196 3139/1982/195
f 3142/1983/196 3144/1985/197 3143/1986/197 3141/1984/196
f 3144/1985/197 3146/1987/198 3145/1988/198 3143/1986/197
f 3146/1987/198 3148/1800/199 3147/1801/199 3145/1988/198
f 3148/1800/199 3150/1989/200 3149/1990/200 3147/1801/199
f 3150/1989/200 3152/1991/201 3151/1992/201 3149/1990/200
f 3152/1991/201 3154/1993/202 3153/1994/202 3151/1992/201
f 3154/1993/202 3156/1995/203 3155/1996/203 3153/1994/202
f 3156/1995/203 3158/1997/204 3157/1998/204 3155/1996/203
f 3158/1997/204 3160/1999/205 3159/2000/205 3157/1998/204
f 3160/1999/205 3162/2001/206 3161/2002/206 3159/2000/205
f 3162/2001/206 3164/2003/207 3163/2004/207 3161/2002/206
f 3164/2003/207 3166/1808/208 3165/1608/208 3163/2004/207
f 3166/1808/208 3168/2005/209 3167/2006/209 3165/1608/208
f 3168/2005/209 3170/2007/210 3169/2008/210 3167/2006/209
f 3170/2007/210 3172/2009/211 3171/2010/211 3169/2008/210
f 3172/2009/211 3174/2011/212 3173/2012/212 3171/2010/211
f 3174/2011/212 3176/2013/213 3175/2014/213 3173/2012/212
f 3176/2013/213 3178/2015/158 3177/2016/158 3175/2014/213
f 3178/2015/158 3180/2017/158 3179/2018/158 3177/2016/158
f 3180/2017/158 3182/2019/158 3181/2020/158 3179/2018/158
f 3182/2019/158 3184/1815/158 3183/1816/158 3181/2020/158
f 3184/1815/158 3186/2021/158 3185/2022/158 3183/1816/158
f 3186/2021/158 3188/2023/158 3187/2024/158 3185/2022/158
f 3188/2023/158 3190/2025/158 3189/2026/158 3187/2024/158
f 3190/2025/158 3192/2027/158 3191/2028/158 3189/2026/158
f 3192/2027/158 3194/2029/158 3193/2030/158 3191/2028/158
f 3194/2029/158 3196/2031/158 3195/2032/158 3193/2030/158
f 3196/2031/158 3198/2033/158 3197/2034/158 3195/2032/158
f 3198/2033/158 3200/2035/157 3199/2036/157 3197/2034/158
f 3200/2035/157 3202/1823/214 3201/1184/214 3199/2036/157
f 3202/1823/214 3204/2037/155 3203/2038/155 3201/1184/214
f 3204/2037/155 3206/2039/187 3205/2040/187 3203/2038/155
f 3206/2039/187 3208/2041/153 3207/2042/153 3205/2040/187
f 3208/2041/153 3210/2043/215 3209/2044/215 3207/2042/153
f 3210/2043/215 3212/2045/151 3211/2046/151 3209/2044/215
f 3212/2045/151 3214/2047/150 3213/2048/150 3211/2046/151
f 3214/2047/150 3216/2049/149 3215/2050/149 3213/2048/150
f 3216/2049/149 3218/2051/148 3217/2052/148 3215/2050/149
f 3218/2051/148 3220/1830/147 3219/1831/147 3217/2052/148
f 3220/1830/147 3222/2053/216 3221/2054/216 3219/1831/147
f 3222/2053/216 3224/2055/145 3223/2056/145 3221/2054/216
f 3224/2055/145 3226/2057/144 3225/2058/144 3223/2056/145
f 3226/2057/144 3228/2059/144 3227/2060/144 3225/2058/144
f 3228/2059/144 3230/2061/144 3229/2062/144 3227/2060/144
f 3230/2061/144 3232/2063/144 3231/2064/144 3229/2062/144
f 3232/2063/144 3234/2065/144 3233/2066/144 3231/2064/144
f 3234/2065/144 3236/2067/144 3235/2068/144 3233/2066/144
f 3236/2067/144 3238/1838/144 3237/1306/144 3235/2068/144
f 3238/1838/144 3240/2069/144 3239/2070/144 3237/1306/144
f 3240/2069/144 3242/2071/144 3241/2072/144 3239/2070/144
f 3242/2071/144 3244/2073/144 3243/2074/144 3241/2072/144
f 3244/2073/144 3246/2075/144 3245/2076/144 3243/2074/144
f 3246/2075/144 3248/2077/143 3247/2078/143 3245/2076/144
f 3248/2077/143 3250/2079/217 3249/2080/217 3247/2078/143
f 3250/2079/217 3252/2081/141 3251/2082/141 3249/2080/217
f 3252/2081/141 3254/2083/140 3253/2084/140 3251/2082/141
f 3254/2083/140 3256/1845/139 3255/1846/139 3253/2084/140
f 3256/1845/139 3258/2085/138 3257/2086/138 3255/1846/139
f 3258/2085/138 3260/2087/137 3259/2088/137 3257/2086/138
f 3260/2087/137 3262/2089/218 3261/2090/218 3259/2088/137
f 3262/2089/218 3264/2091/135 3263/2092/135 3261/2090/218
f 3264/2091/135 3266/2093/188 3265/2094/188 3263/2092/135
f 3266/2093/188 3268/2095/133 3267/2096/133 3265/2094/188
f 3268/2095/133 3270/2097/219 3269/2098/219 3267/2096/133
f 3270/2097/219 3272/2099/131 3271/2100/131 3269/2098/219
f 3272/2099/131 3274/1853/130 3273/1557/130 3271/2100/131
f 3274/1853/130 3276/2101/130 3275/2102/130 3273/1557/130
f 3276/2101/130 3278/2103/130 3277/2104/130 3275/2102/130
f 3278/2103/130 3280/2105/130 3279/2106/130 3277/2104/130
f 3280/2105/130 3282/2107/130 3281/2108/130 3279/2106/130
f 3282/2107/130 3284/2109/130 3283/2110/130 3281/2108/130
f 3284/2109/130 3286/2111/130 3285/2112/130 3283/2110/130
f 3286/2111/130 3288/2113/130 3287/2114/130 3285/2112/130
f 3288/2113/130 3290/2115/130 3289/2116/130 3287/2114/130
f 3290/2115/130 3292/1860/130 3291/1861/130 3289/2116/130
f 3292/1860/130 3294/2117/130 3293/2118/130 3291/1861/130
f 3294/2117/130 3296/2119/184 3295/2120/184 3293/2118/130
f 3296/2119/184 3298/2121/220 3297/2122/220 3295/2120/184
f 3298/2121/220 3300/2123/182 3299/2124/182 3297/2122/220
f 3300/2123/182 3302/2125/189 3301/2126/189 3299/2124/182
f 3302/2125/189 3304/2127/180 3303/2128/180 3301/2126/189
f 3304/2127/180 3306/2129/221 3305/2130/221 3303/2128/180
f 3306/2129/221 3308/2131/222 3307/2132/222 3305/2130/221
f 3308/2131/222 3310/1868/177 3309/1223/177 3307/2132/222
f 3310/1868/177 3312/2133/176 3311/2134/176 3309/1223/177
f 3312/2133/176 3314/2135/175 3313/2136/175 3311/2134/176
f 3314/2135/175 3316/2137/174 3315/2138/174 3313/2136/175
f 3316/2137/174 3318/2139/173 3317/2140/173 3315/2138/174
f 3318/2139/173 3320/2141/172 3319/2142/172 3317/2140/173
f 3320/2141/172 3322/2143/185 3321/2144/185 3319/2142/172
f 3322/2143/185 3324/2145/185 3323/2146/185 3321/2144/185
f 3324/2145/185 3326/2147/185 3325/2148/185 3323/2146/185
f 3326/2147/185 3328/1875/185 3327/1876/185 3325/2148/185
f 3328/1875/185 3330/2149/185 3329/2150/185 3327/1876/185
f 3330/2149/185 3332/2151/185 3331/2152/185 3329/2150/185
f 3332/2151/185 3334/2153/185 3333/2154/185 3331/2152/185
f 3334/2153/185 3336/2155/185 3335/2156/185 3333/2154/185
f 3336/2155/185 3338/2157/185 3337/2158/185 3335/2156/185
f 3338/2157/185 3340/2159/185 3339/2160/185 3337/2158/185
f 3340/2159/185 3342/2161/185 3341/2162/185 3339/2160/185
f 3342/2161/185 3344/2163/171 3343/2164/171 3341/2162/185
f 3344/2163/171 3346/1883/170 3345/1249/170 3343/2164/171
f 3346/1883/170 3348/2165/169 3347/2166/169 3345/1249/170
f 3348/2165/169 3350/2167/168 3349/2168/168 3347/2166/169
f 3350/2167/168 3352/2169/167 3351/2170/167 3349/2168/168
f 3352/2169/167 3354/2171/166 3353/2172/166 3351/2170/167
f 3354/2171/166 3356/2173/223 3355/2174/223 3353/2172/166
f 3356/2173/223 3358/2175/164 3357/2176/164 3355/2174/223
f 3358/2175/164 3360/2177/224 3359/2178/224 3357/2176/164
f 3360/2177/224 3362/2179/186 3361/2180/186 3359/2178/224
f 3362/2179/186 3364/1890/161 3363/1891/161 3361/2180/186
f 3364/1890/161 3366/2181/160 3365/2182/160 3363/1891/161
f 3366/2181/160 3368/2183/159 3367/2184/159 3365/2182/160
f 3368/2183/159 3370/2185/158 3369/2186/158 3367/2184/159
f 3370/2185/158 3372/2187/158 3371/2188/158 3369/2186/158
f 3372/2187/158 3374/2189/158 3373/2190/158 3371/2188/158
f 3374/2189/158 3376/2191/158 3375/2192/158 3373/2190/158
f 3376/2191/158 3378/2193/158 3377/2194/158 3375/2192/158
f 3378/2193/158 3380/2195/158 3379/2196/158 3377/2194/158
f 3380/2195/158 3382/1898/158 3381/1361/158 3379/2196/158
f 3382/1898/158 3384/2197/158 3383/2198/158 3381/1361/158
f 3384/2197/158 3386/2199/158 3385/2200/158 3383/2198/158
f 3386/2199/158 3388/2201/158 3387/2202/158 3385/2200/158
f 3388/2201/158 3390/2203/158 3389/2204/158 3387/2202/158
f 3390/2203/158 3392/2205/225 3391/2206/225 3389/2204/158
f 3392/2205/225 3394/2207/226 3393/2208/226 3391/2206/225
f 3394/2207/226 3396/2209/227 3395/2210/227 3393/2208/226
f 3396/2209/227 3398/2211/228 3397/2212/228 3395/2210/227
f 3398/2211/228 3400/1905/229 3399/1906/229 3397/2212/228
f 3400/1905/229 3402/2213/230 3401/2214/230 3399/1906/229
f 3402/2213/230 3404/2215/231 3403/2216/231 3401/2214/230
f 3404/2215/231 3406/2217/232 3405/2218/232 3403/2216/231
f 3406/2217/232 3408/2219/233 3407/2220/233 3405/2218/232
f 3408/2219/233 3410/2221/234 3409/2222/234 3407/2220/233
f 3410/2221/234 3412/2223/235 3411/2224/235 3409/2222/234
f 3412/2223/235 3414/2225/236 3413/2226/236 3411/2224/235
f 3414/2225/236 3416/2227/237 3415/2228/237 3413/2226/236
f 3416/2227/237 3418/1913/238 3417/1327/238 3415/2228/237
f 3418/1913/238 3420/2229/239 3419/2230/239 3417/1327/238
f 3420/2229/239 3422/2231/240 3421/2232/240 3419/2230/239
f 3422/2231/240 3424/2233/241 3423/2234/241 3421/2232/240
f 3424/2233/241 3426/2235/242 3425/2236/242 3423/2234/241
f 3426/2235/242 3428/2237/243 3427/2238/243 3425/2236/242
f 3428/2237/243 3430/2239/244 3429/2240/244 3427/2238/243
f 3430/2239/244 3432/2241/245 3431/2242/245 3429/2240/244
f 3432/2241/245 3434/2243/246 3433/2244/246 3431/2242/245
f 3434/2243/246 3436/1920/247 3435/1921/247 3433/2244/246
f 3436/1920/247 3438/2245/248 3437/2246/248 3435/1921/247
f 3438/2245/248 3440/2247/249 3439/2248/249 3437/2246/248
f 3440/2247/249 3442/2249/130 3441/2250/130 3439/2248/249
f 3442/2249/130 3444/2251/130 3443/2252/130 3441/2250/130
f 3444/2251/130 3446/2253/130 3445/2254/130 3443/2252/130
f 3446/2253/130 3448/2255/130 3447/2256/130 3445/2254/130
f 3448/2255/130 3450/2257/130 3449/2258/130 3447/2256/130
f 3450/2257/130 3452/2259/130 3451/2260/130 3449/2258/130
f 3452/2259/130 3454/1928/130 3453/1573/130 3451/2260/130
f 3454/1928/130 3456/2261/130 3455/2262/130 3453/1573/130
f 3456/2261/130 3458/2263/130 3457/2264/130 3455/2262/130
f 3458/2263/130 3460/2265/130 3459/2266/130 3457/2264/130
f 3460/2265/130 3462/2267/130 3461/2268/130 3459/2266/130
f 3462/2267/130 3464/2269/184 3463/2270/184 3461/2268/130
f 3464/2269/184 3466/2271/220 3465/2272/220 3463/2270/184
f 3466/2271/220 3468/2273/182 3467/2274/182 3465/2272/220
f 3468/2273/182 3470/2275/189 3469/2276/189 3467/2274/182
f 3470/2275/189 3472/1935/180 3471/1936/180 3469/2276/189
f 3472/1935/180 3474/2277/221 3473/2278/221 3471/1936/180
f 3474/2277/221 3476/2279/178 3475/2280/178 3473/2278/221
f 3476/2279/178 3478/2281/177 3477/2282/177 3475/2280/178
f 3478/2281/177 3480/2283/176 3479/2284/176 3477/2282/177
f 3480/2283/176 3482/2285/175 3481/2286/175 3479/2284/176
f 3482/2285/175 3484/2287/174 3483/2288/174 3481/2286/175
f 3484/2287/174 3486/2289/173 3485/2290/173 3483/2288/174
f 3486/2289/173 3488/2291/172 3487/2292/172 3485/2290/173
f 3488/2291/172 3490/1943/185 3489/1388/185 3487/2292/172
f 3490/1943/185 3492/2293/185 3491/2294/185 3489/1388/185
f 3492/2293/185 3494/2295/185 3493/2296/185 3491/2294/185
f 3494/2295/185 3496/2297/185 3495/2298/185 3493/2296/185
f 3496/2297/185 3498/2299/185 3497/2300/185 3495/2298/185
f 3498/2299/185 3500/2301/185 3499/2302/185 3497/2300/185
f 3500/2301/185 3502/2303/185 3501/2304/185 3499/2302/185
f 3502/2303/185 3504/2305/185 3503/2306/185 3501/2304/185
f 3504/2305/185 3506/2307/185 3505/2308/185 3503/2306/185
f 3506/2307/185 3508/1950/185 3507/1951/185 3505/2308/185
f 3508/1950/185 3510/2309/185 3509/2310/185 3507/1951/185
f 3510/2309/185 3512/2311/171 3511/2312/171 3509/2310/185
f 3512/2311/171 3514/2313/250 3513/2314/250 3511/2312/171
f 3514/2313/250 3516/2315/169 3515/2316/169 3513/2314/250
f 3516/2315/169 3518/2317/168 3517/2318/168 3515/2316/169
f 3518/2317/168 3520/2319/167 3519/2320/167 3517/2318/168
f 3520/2319/167 3522/2321/166 3521/2322/166 3519/2320/167
f 3522/2321/166 3524/2323/251 3523/2324/251 3521/2322/166
f 3524/2323/251 3526/1958/252 3525/1547/252 3523/2324/251
f 3526/1958/252 3528/2325/163 3527/2326/163 3525/1547/252
f 3528/2325/163 3530/2327/162 3529/2328/162 3527/2326/163
f 3530/2327/162 3532/2329/161 3531/2330/161 3529/2328/162
f 3532/2329/161 3534/2331/253 3533/2332/253 3531/2330/161
f 3534/2331/253 3536/2333/159 3535/2334/159 3533/2332/253
f 3536/2333/159 3538/2335/158 3537/2336/158 3535/2334/159
f 3538/2335/158 3540/2337/158 3539/2338/158 3537/2336/158
f 3540/2337/158 3542/2339/158 3541/2340/158 3539/2338/158
f 3542/2339/158 3544/1965/158 3543/1966/158 3541/2340/158
f 3544/1965/158 3546/2341/158 3545/2342/158 3543/1966/158
f 3546/2341/158 3548/2343/158 3547/2344/158 3545/2342/158
f 3548/2343/158 3550/2345/158 3549/2346/158 3547/2344/158
f 3550/2345/158 3552/2347/158 3551/2348/158 3549/2346/158
f 3552/2347/158 3554/2349/158 3553/2350/158 3551/2348/158
f 3554/2349/158 3556/2351/158 3555/2352/158 3553/2350/158
f 3556/2351/158 3558/2353/158 3557/2354/158 3555/2352/158
f 3558/2353/158 3560/2355/254 3559/2356/254 3557/2354/158
f 3560/2355/254 3130/1793/190 3129/1420/190 3559/2356/254
o Curve.001
v 2.408168 -0.091824 0.611948
v 2.396395 -0.091824 0.539663
v 2.377291 -0.091824 0.470110
v 2.351277 -0.091824 0.403707
v 2.318777 -0.091824 0.340874
v 2.280211 -0.091824 0.282030
v 2.236005 -0.091824 0.227595
v 2.186579 -0.091824 0.177989
v 2.132357 -0.091824 0.133630
v 2.073760 -0.091824 0.094939
v 2.011211 -0.091824 0.062335
v 1.945134 -0.091824 0.036237
v 1.937006 -0.091824 0.035094
v 1.929740 -0.091824 0.035019
v 1.923308 -0.091824 0.035902
v 1.917679 -0.091824 0.037633
v 1.912824 -0.091824 0.040102
v 1.908713 -0.091824 0.043198
v 1.905315 -0.091824 0.046813
v 1.902603 -0.091824 0.050834
v 1.900545 -0.091824 0.055153
v 1.899111 -0.091824 0.059660
v 1.898273 -0.091824 0.064244
v 1.898000 -0.091824 0.068795
v 1.898017 -0.091824 0.075613
v 1.898064 -0.091824 0.084424
v 1.898134 -0.091824 0.095115
v 1.898223 -0.091824 0.107573
v 1.898323 -0.091824 0.121685
v 1.898429 -0.091824 0.137339
v 1.898535 -0.091824 0.154420
v 1.898635 -0.091824 0.172816
v 1.898724 -0.091824 0.192415
v 1.898794 -0.091824 0.213102
v 1.898841 -0.091824 0.234765
v 1.898857 -0.091824 0.257290
v 1.898422 -0.091824 0.272875
v 1.897155 -0.091824 0.287508
v 1.895122 -0.091824 0.301201
v 1.892382 -0.091824 0.313965
v 1.889001 -0.091824 0.325814
v 1.885039 -0.091824 0.336758
v 1.880559 -0.091824 0.346809
v 1.875624 -0.091824 0.355980
v 1.870296 -0.091824 0.364282
v 1.864638 -0.091824 0.371728
v 1.858712 -0.091824 0.378328
v 1.852581 -0.091824 0.384096
v 1.890780 -0.091824 0.389331
v 1.928717 -0.091824 0.396848
v 1.965809 -0.091824 0.407216
v 2.001472 -0.091824 0.421001
v 2.035125 -0.091824 0.438773
v 2.066182 -0.091824 0.461100
v 2.094061 -0.091824 0.488550
v 2.118180 -0.091824 0.521691
v 2.137954 -0.091824 0.561091
v 2.152800 -0.091824 0.607319
v 2.162136 -0.091824 0.660942
v 2.165377 -0.091824 0.722530
v 2.164829 -0.091824 0.741077
v 2.163207 -0.091824 0.759023
v 2.160543 -0.091825 0.776374
v 2.156871 -0.091825 0.793136
v 2.152222 -0.091825 0.809315
v 2.146631 -0.091825 0.824917
v 2.140128 -0.091825 0.839947
v 2.132748 -0.091825 0.854413
v 2.124523 -0.091825 0.868319
v 2.115486 -0.091825 0.881672
v 2.105669 -0.091825 0.894477
v 2.095105 -0.091825 0.906741
v 2.097130 -0.091825 0.912115
v 2.099596 -0.091825 0.919600
v 2.102229 -0.091825 0.929098
v 2.104754 -0.091825 0.940505
v 2.106898 -0.091825 0.953721
v 2.108388 -0.091825 0.968644
v 2.108949 -0.091825 0.985174
v 2.108309 -0.091825 1.003209
v 2.106192 -0.091825 1.022649
v 2.102326 -0.091825 1.043392
v 2.096436 -0.091825 1.065336
v 2.088249 -0.091825 1.088381
v 2.087044 -0.091825 1.088701
v 2.083389 -0.091825 1.089365
v 2.077229 -0.091825 1.089934
v 2.068507 -0.091825 1.089968
v 2.057166 -0.091825 1.089026
v 2.043151 -0.091825 1.086668
v 2.026403 -0.091825 1.082453
v 2.006868 -0.091825 1.075942
v 1.984488 -0.091825 1.066694
v 1.959207 -0.091825 1.054268
v 1.930968 -0.091825 1.038225
v 1.899714 -0.091825 1.018124
v 1.885933 -0.091825 1.021819
v 1.872021 -0.091825 1.025193
v 1.857991 -0.091825 1.028245
v 1.843852 -0.091825 1.030976
v 1.829619 -0.091825 1.033386
v 1.815302 -0.091825 1.035474
v 1.800914 -0.091825 1.037241
v 1.786467 -0.091825 1.038687
v 1.771971 -0.091825 1.039812
v 1.757441 -0.091825 1.040615
v 1.742886 -0.091825 1.041097
v 1.728319 -0.091825 1.041258
v 1.713753 -0.091825 1.041097
v 1.699198 -0.091825 1.040615
v 1.684667 -0.091825 1.039812
v 1.670172 -0.091825 1.038687
v 1.655724 -0.091825 1.037241
v 1.641336 -0.091825 1.035474
v 1.627019 -0.091825 1.033386
v 1.612786 -0.091825 1.030976
v 1.598648 -0.091825 1.028245
v 1.584617 -0.091825 1.025193
v 1.570705 -0.091825 1.021819
v 1.556924 -0.091825 1.018124
v 1.525671 -0.091825 1.038045
v 1.497432 -0.091825 1.053971
v 1.472150 -0.091825 1.066332
v 1.449770 -0.091825 1.075561
v 1.430235 -0.091825 1.082089
v 1.413488 -0.091825 1.086346
v 1.399472 -0.091825 1.088766
v 1.388131 -0.091825 1.089778
v 1.379409 -0.091825 1.089814
v 1.373249 -0.091825 1.089306
v 1.369595 -0.091825 1.088684
v 1.368389 -0.091825 1.088381
v 1.360202 -0.091825 1.065336
v 1.354313 -0.091825 1.043392
v 1.350446 -0.091825 1.022649
v 1.348330 -0.091825 1.003209
v 1.347689 -0.091825 0.985174
v 1.348250 -0.091825 0.968644
v 1.349740 -0.091825 0.953721
v 1.351885 -0.091825 0.940505
v 1.354410 -0.091825 0.929098
v 1.357042 -0.091825 0.919600
v 1.359508 -0.091825 0.912115
v 1.361533 -0.091825 0.906741
v 1.350970 -0.091825 0.894461
v 1.341153 -0.091825 0.881612
v 1.332115 -0.091825 0.868198
v 1.323890 -0.091825 0.854222
v 1.316510 -0.091825 0.839687
v 1.310008 -0.091825 0.824596
v 1.304416 -0.091825 0.808951
v 1.299768 -0.091825 0.792755
v 1.296095 -0.091825 0.776012
v 1.293432 -0.091824 0.758725
v 1.291809 -0.091824 0.740897
v 1.291261 -0.091824 0.722530
v 1.294486 -0.091824 0.661122
v 1.303775 -0.091824 0.607616
v 1.318551 -0.091824 0.561452
v 1.338236 -0.091824 0.522071
v 1.362255 -0.091824 0.488914
v 1.390028 -0.091824 0.461422
v 1.420979 -0.091824 0.439034
v 1.454531 -0.091824 0.421192
v 1.490107 -0.091824 0.407336
v 1.527128 -0.091824 0.396908
v 1.565019 -0.091824 0.389348
v 1.603201 -0.091824 0.384096
v 1.598315 -0.091824 0.379543
v 1.593536 -0.091824 0.374449
v 1.588900 -0.091824 0.368807
v 1.584442 -0.091824 0.362612
v 1.580199 -0.091824 0.355858
v 1.576206 -0.091824 0.348539
v 1.572498 -0.091824 0.340648
v 1.569112 -0.091824 0.332180
v 1.566083 -0.091824 0.323129
v 1.563447 -0.091824 0.313489
v 1.561239 -0.091824 0.303255
v 1.559495 -0.091824 0.292419
v 1.548463 -0.091824 0.287772
v 1.535301 -0.091824 0.283160
v 1.520342 -0.091824 0.279085
v 1.503918 -0.091824 0.276044
v 1.486364 -0.091824 0.274539
v 1.468013 -0.091824 0.275069
v 1.449197 -0.091824 0.278133
v 1.430250 -0.091824 0.284232
v 1.411506 -0.091824 0.293865
v 1.393297 -0.091824 0.307532
v 1.375957 -0.091824 0.325733
v 1.359820 -0.091824 0.348967
v 1.356076 -0.091824 0.354686
v 1.351297 -0.091824 0.361371
v 1.345519 -0.091824 0.368740
v 1.338776 -0.091824 0.376512
v 1.331105 -0.091824 0.384402
v 1.322541 -0.091824 0.392128
v 1.313120 -0.091824 0.399408
v 1.302878 -0.091824 0.405960
v 1.291851 -0.091824 0.411500
v 1.280073 -0.091824 0.415746
v 1.267581 -0.091824 0.418415
v 1.254411 -0.091824 0.419224
v 1.241908 -0.091824 0.418396
v 1.232872 -0.091824 0.416456
v 1.226948 -0.091824 0.413575
v 1.223783 -0.091824 0.409926
v 1.223021 -0.091824 0.405683
v 1.224310 -0.091824 0.401017
v 1.227295 -0.091824 0.396102
v 1.231622 -0.091824 0.391109
v 1.236937 -0.091824 0.386211
v 1.242886 -0.091824 0.381581
v 1.249114 -0.091824 0.377391
v 1.255268 -0.091824 0.373814
v 1.262625 -0.091824 0.368866
v 1.270055 -0.091824 0.362359
v 1.277456 -0.091824 0.354590
v 1.284723 -0.091824 0.345857
v 1.291752 -0.091824 0.336458
v 1.298439 -0.091824 0.326690
v 1.304679 -0.091824 0.316851
v 1.310369 -0.091824 0.307238
v 1.315404 -0.091824 0.298149
v 1.319680 -0.091824 0.289880
v 1.323094 -0.091824 0.282730
v 1.325540 -0.091824 0.276996
v 1.329667 -0.091824 0.266707
v 1.335416 -0.091824 0.255442
v 1.343122 -0.091824 0.243688
v 1.353122 -0.091824 0.231935
v 1.365753 -0.091824 0.220670
v 1.381351 -0.091824 0.210381
v 1.400252 -0.091824 0.201555
v 1.422791 -0.091824 0.194681
v 1.449306 -0.091824 0.190246
v 1.480133 -0.091824 0.188739
v 1.515608 -0.091824 0.190646
v 1.556067 -0.091824 0.196458
v 1.556084 -0.091824 0.182198
v 1.556131 -0.091824 0.168199
v 1.556201 -0.091824 0.154582
v 1.556289 -0.091824 0.141464
v 1.556389 -0.091824 0.128965
v 1.556495 -0.091824 0.117204
v 1.556602 -0.091824 0.106300
v 1.556702 -0.091824 0.096371
v 1.556790 -0.091824 0.087538
v 1.556860 -0.091824 0.079918
v 1.556907 -0.091824 0.073631
v 1.556924 -0.091824 0.068795
v 1.556651 -0.091824 0.064260
v 1.555813 -0.091824 0.059719
v 1.554380 -0.091824 0.055274
v 1.552322 -0.091824 0.051025
v 1.549609 -0.091824 0.047073
v 1.546212 -0.091824 0.043520
v 1.542100 -0.091824 0.040466
v 1.537245 -0.091824 0.038014
v 1.531616 -0.091824 0.036264
v 1.525184 -0.091824 0.035317
v 1.517919 -0.091824 0.035274
v 1.509790 -0.091824 0.036237
v 1.443319 -0.091824 0.062319
v 1.380443 -0.091824 0.094880
v 1.321577 -0.091824 0.133510
v 1.267139 -0.091824 0.177799
v 1.217546 -0.091824 0.227335
v 1.173213 -0.091824 0.281709
v 1.134558 -0.091824 0.340509
v 1.101997 -0.091824 0.403326
v 1.075946 -0.091824 0.469748
v 1.056823 -0.091824 0.539366
v 1.045043 -0.091824 0.611768
v 1.041024 -0.091824 0.686544
v 1.047280 -0.091825 0.779585
v 1.065504 -0.091825 0.868812
v 1.094880 -0.091825 0.953409
v 1.134594 -0.091825 1.032563
v 1.183829 -0.091825 1.105457
v 1.241771 -0.091825 1.171276
v 1.307605 -0.091825 1.229206
v 1.380514 -0.091825 1.278431
v 1.459684 -0.091825 1.318136
v 1.544299 -0.091825 1.347506
v 1.633545 -0.091825 1.365726
v 1.726605 -0.091825 1.371980
v 1.819666 -0.091825 1.365726
v 1.908911 -0.091825 1.347506
v 1.993527 -0.091825 1.318136
v 2.072697 -0.091825 1.278431
v 2.145606 -0.091825 1.229206
v 2.211440 -0.091825 1.171276
v 2.269382 -0.091825 1.105457
v 2.318617 -0.091825 1.032563
v 2.358330 -0.091825 0.953409
v 2.387707 -0.091825 0.868812
v 2.405931 -0.091825 0.779585
v 2.412186 -0.091824 0.686544
v 2.408168 0.097955 0.611948
v 2.396395 0.097955 0.539664
v 2.377291 0.097955 0.470110
v 2.351277 0.097955 0.403707
v 2.318777 0.097955 0.340874
v 2.280211 0.097955 0.282030
v 2.236005 0.097955 0.227595
v 2.186579 0.097955 0.177989
v 2.132357 0.097955 0.133631
v 2.073760 0.097955 0.094939
v 2.011211 0.097955 0.062335
v 1.945134 0.097955 0.036237
v 1.937006 0.097955 0.035094
v 1.929740 0.097955 0.035019
v 1.923308 0.097955 0.035902
v 1.917679 0.097955 0.037633
v 1.912824 0.097955 0.040102
v 1.908713 0.097955 0.043198
v 1.905315 0.097955 0.046813
v 1.902603 0.097955 0.050834
v 1.900545 0.097955 0.055153
v 1.899111 0.097955 0.059660
v 1.898273 0.097955 0.064244
v 1.898000 0.097955 0.068795
v 1.898017 0.097955 0.075613
v 1.898064 0.097955 0.084424
v 1.898134 0.097955 0.095115
v 1.898223 0.097955 0.107573
v 1.898323 0.097955 0.121685
v 1.898429 0.097955 0.137339
v 1.898535 0.097955 0.154420
v 1.898635 0.097955 0.172817
v 1.898724 0.097955 0.192415
v 1.898794 0.097955 0.213102
v 1.898841 0.097955 0.234765
v 1.898857 0.097955 0.257290
v 1.898422 0.097955 0.272875
v 1.897155 0.097955 0.287508
v 1.895122 0.097955 0.301201
v 1.892382 0.097955 0.313966
v 1.889001 0.097955 0.325814
v 1.885039 0.097955 0.336758
v 1.880559 0.097955 0.346809
v 1.875624 0.097955 0.355980
v 1.870296 0.097955 0.364282
v 1.864638 0.097955 0.371728
v 1.858712 0.097955 0.378328
v 1.852581 0.097955 0.384096
v 1.890780 0.097955 0.389331
v 1.928717 0.097955 0.396849
v 1.965809 0.097955 0.407216
v 2.001472 0.097955 0.421001
v 2.035125 0.097955 0.438774
v 2.066182 0.097955 0.461100
v 2.094061 0.097955 0.488550
v 2.118180 0.097955 0.521691
v 2.137954 0.097955 0.561091
v 2.152800 0.097955 0.607319
v 2.162136 0.097955 0.660942
v 2.165377 0.097955 0.722530
v 2.164829 0.097955 0.741077
v 2.163207 0.097955 0.759023
v 2.160543 0.097955 0.776374
v 2.156871 0.097955 0.793136
v 2.152222 0.097955 0.809315
v 2.146631 0.097955 0.824917
v 2.140128 0.097955 0.839948
v 2.132748 0.097955 0.854413
v 2.124523 0.097955 0.868319
v 2.115486 0.097955 0.881672
v 2.105669 0.097955 0.894477
v 2.095105 0.097955 0.906741
v 2.097130 0.097955 0.912115
v 2.099596 0.097955 0.919601
v 2.102229 0.097955 0.929098
v 2.104754 0.097955 0.940505
v 2.106898 0.097955 0.953721
v 2.108388 0.097955 0.968644
v 2.108949 0.097955 0.985174
v 2.108309 0.097955 1.003209
v 2.106192 0.097955 1.022649
v 2.102326 0.097955 1.043392
v 2.096436 0.097955 1.065336
v 2.088249 0.097955 1.088381
v 2.087044 0.097955 1.088701
v 2.083389 0.097955 1.089365
v 2.077229 0.097955 1.089934
v 2.068507 0.097955 1.089968
v 2.057166 0.097955 1.089026
v 2.043151 0.097955 1.086668
v 2.026403 0.097955 1.082453
v 2.006868 0.097955 1.075942
v 1.984488 0.097955 1.066694
v 1.959207 0.097955 1.054268
v 1.930968 0.097955 1.038225
v 1.899714 0.097955 1.018124
v 1.885933 0.097955 1.021819
v 1.872021 0.097955 1.025193
v 1.857991 0.097955 1.028245
v 1.843852 0.097955 1.030976
v 1.829619 0.097955 1.033386
v 1.815302 0.097955 1.035474
v 1.800914 0.097955 1.037241
v 1.786467 0.097955 1.038687
v 1.771971 0.097955 1.039812
v 1.757441 0.097955 1.040615
v 1.742886 0.097955 1.041097
v 1.728319 0.097955 1.041258
v 1.713753 0.097955 1.041097
v 1.699198 0.097955 1.040615
v 1.684667 0.097955 1.039812
v 1.670172 0.097955 1.038687
v 1.655724 0.097955 1.037241
v 1.641336 0.097955 1.035474
v 1.627019 0.097955 1.033386
v 1.612786 0.097955 1.030976
v 1.598648 0.097955 1.028245
v 1.584617 0.097955 1.025193
v 1.570705 0.097955 1.021819
v 1.556924 0.097955 1.018124
v 1.525671 0.097955 1.038045
v 1.497432 0.097955 1.053971
v 1.472150 0.097955 1.066332
v 1.449770 0.097955 1.075561
v 1.430235 0.097955 1.082089
v 1.413488 0.097955 1.086346
v 1.399472 0.097955 1.088766
v 1.388131 0.097955 1.089778
v 1.379409 0.097955 1.089814
v 1.373249 0.097955 1.089306
v 1.369595 0.097955 1.088684
v 1.368389 0.097955 1.088381
v 1.360202 0.097955 1.065336
v 1.354313 0.097955 1.043392
v 1.350446 0.097955 1.022649
v 1.348330 0.097955 1.003209
v 1.347689 0.097955 0.985174
v 1.348250 0.097955 0.968644
v 1.349740 0.097955 0.953721
v 1.351885 0.097955 0.940505
v 1.354410 0.097955 0.929098
v 1.357042 0.097955 0.919601
v 1.359508 0.097955 0.912115
v 1.361533 0.097955 0.906741
v 1.350970 0.097955 0.894461
v 1.341153 0.097955 0.881612
v 1.332115 0.097955 0.868198
v 1.323890 0.097955 0.854222
v 1.316510 0.097955 0.839687
v 1.310008 0.097955 0.824596
v 1.304416 0.097955 0.808951
v 1.299768 0.097955 0.792755
v 1.296095 0.097955 0.776013
v 1.293432 0.097955 0.758725
v 1.291809 0.097955 0.740897
v 1.291261 0.097955 0.722530
v 1.294486 0.097955 0.661122
v 1.303775 0.097955 0.607616
v 1.318551 0.097955 0.561452
v 1.338236 0.097955 0.522072
v 1.362255 0.097955 0.488914
v 1.390028 0.097955 0.461422
v 1.420979 0.097955 0.439034
v 1.454531 0.097955 0.421192
v 1.490107 0.097955 0.407336
v 1.527128 0.097955 0.396908
v 1.565019 0.097955 0.389348
v 1.603201 0.097955 0.384096
v 1.598315 0.097955 0.379543
v 1.593536 0.097955 0.374449
v 1.588900 0.097955 0.368807
v 1.584442 0.097955 0.362613
v 1.580199 0.097955 0.355858
v 1.576206 0.097955 0.348539
v 1.572498 0.097955 0.340648
v 1.569112 0.097955 0.332180
v 1.566083 0.097955 0.323129
v 1.563447 0.097955 0.313490
v 1.561239 0.097955 0.303255
v 1.559495 0.097955 0.292419
v 1.548463 0.097955 0.287772
v 1.535301 0.097955 0.283161
v 1.520342 0.097955 0.279085
v 1.503918 0.097955 0.276044
v 1.486364 0.097955 0.274539
v 1.468013 0.097955 0.275069
v 1.449197 0.097955 0.278133
v 1.430250 0.097955 0.284232
v 1.411506 0.097955 0.293865
v 1.393297 0.097955 0.307532
v 1.375957 0.097955 0.325733
v 1.359820 0.097955 0.348967
v 1.356076 0.097955 0.354686
v 1.351297 0.097955 0.361371
v 1.345519 0.097955 0.368740
v 1.338776 0.097955 0.376512
v 1.331105 0.097955 0.384402
v 1.322541 0.097955 0.392128
v 1.313120 0.097955 0.399409
v 1.302878 0.097955 0.405960
v 1.291851 0.097955 0.411500
v 1.280073 0.097955 0.415746
v 1.267581 0.097955 0.418415
v 1.254411 0.097955 0.419224
v 1.241908 0.097955 0.418396
v 1.232872 0.097955 0.416456
v 1.226948 0.097955 0.413575
v 1.223783 0.097955 0.409927
v 1.223021 0.097955 0.405683
v 1.224310 0.097955 0.401017
v 1.227295 0.097955 0.396102
v 1.231622 0.097955 0.391109
v 1.236937 0.097955 0.386211
v 1.242886 0.097955 0.381581
v 1.249114 0.097955 0.377391
v 1.255268 0.097955 0.373814
v 1.262625 0.097955 0.368866
v 1.270055 0.097955 0.362359
v 1.277456 0.097955 0.354590
v 1.284723 0.097955 0.345857
v 1.291752 0.097955 0.336458
v 1.298439 0.097955 0.326691
v 1.304679 0.097955 0.316851
v 1.310369 0.097955 0.307238
v 1.315404 0.097955 0.298149
v 1.319680 0.097955 0.289880
v 1.323094 0.097955 0.282730
v 1.325540 0.097955 0.276996
v 1.329667 0.097955 0.266707
v 1.335416 0.097955 0.255442
v 1.343122 0.097955 0.243689
v 1.353122 0.097955 0.231935
v 1.365753 0.097955 0.220670
v 1.381351 0.097955 0.210381
v 1.400252 0.097955 0.201555
v 1.422791 0.097955 0.194681
v 1.449306 0.097955 0.190246
v 1.480133 0.097955 0.188739
v 1.515608 0.097955 0.190647
v 1.556067 0.097955 0.196458
v 1.556084 0.097955 0.182198
v 1.556131 0.097955 0.168199
v 1.556201 0.097955 0.154582
v 1.556289 0.097955 0.141464
v 1.556389 0.097955 0.128965
v 1.556495 0.097955 0.117204
v 1.556602 0.097955 0.106300
v 1.556702 0.097955 0.096371
v 1.556790 0.097955 0.087538
v 1.556860 0.097955 0.079918
v 1.556907 0.097955 0.073631
v 1.556924 0.097955 0.068795
v 1.556651 0.097955 0.064260
v 1.555813 0.097955 0.059720
v 1.554380 0.097955 0.055274
v 1.552322 0.097955 0.051025
v 1.549609 0.097955 0.047073
v 1.546212 0.097955 0.043520
v 1.542100 0.097955 0.040466
v 1.537245 0.097955 0.038014
v 1.531616 0.097955 0.036264
v 1.525184 0.097955 0.035317
v 1.517919 0.097955 0.035274
v 1.509790 0.097955 0.036237
v 1.443319 0.097955 0.062319
v 1.380443 0.097955 0.094880
v 1.321577 0.097955 0.133510
v 1.267139 0.097955 0.177799
v 1.217546 0.097955 0.227335
v 1.173213 0.097955 0.281709
v 1.134558 0.097955 0.340509
v 1.101997 0.097955 0.403326
v 1.075946 0.097955 0.469749
v 1.056823 0.097955 0.539366
v 1.045043 0.097955 0.611768
v 1.041024 0.097955 0.686544
v 1.047280 0.097955 0.779585
v 1.065504 0.097955 0.868812
v 1.094880 0.097955 0.953409
v 1.134594 0.097955 1.032563
v 1.183829 0.097955 1.105457
v 1.241771 0.097955 1.171276
v 1.307605 0.097955 1.229206
v 1.380514 0.097955 1.278431
v 1.459684 0.097954 1.318136
v 1.544299 0.097954 1.347506
v 1.633545 0.097954 1.365726
v 1.726605 0.097954 1.371980
v 1.819666 0.097954 1.365726
v 1.908911 0.097954 1.347506
v 1.993527 0.097954 1.318136
v 2.072697 0.097955 1.278431
v 2.145606 0.097955 1.229206
v 2.211440 0.097955 1.171276
v 2.269382 0.097955 1.105457
v 2.318617 0.097955 1.032563
v 2.358330 0.097955 0.953409
v 2.387707 0.097955 0.868812
v 2.405931 0.097955 0.779585
v 2.412186 0.097955 0.686544
v 2.408168 0.097955 0.611948
v 2.408168 -0.091824 0.611948
v 2.396395 0.097955 0.539664
v 2.396395 -0.091824 0.539663
v 2.377291 0.097955 0.470110
v 2.377291 -0.091824 0.470110
v 2.351277 0.097955 0.403707
v 2.351277 -0.091824 0.403707
v 2.318777 0.097955 0.340874
v 2.318777 -0.091824 0.340874
v 2.280211 0.097955 0.282030
v 2.280211 -0.091824 0.282030
v 2.236005 0.097955 0.227595
v 2.236005 -0.091824 0.227595
v 2.186579 0.097955 0.177989
v 2.186579 -0.091824 0.177989
v 2.132357 0.097955 0.133631
v 2.132357 -0.091824 0.133630
v 2.073760 0.097955 0.094939
v 2.073760 -0.091824 0.094939
v 2.011211 0.097955 0.062335
v 2.011211 -0.091824 0.062335
v 1.945134 0.097955 0.036237
v 1.945134 -0.091824 0.036237
v 1.937006 0.097955 0.035094
v 1.937006 -0.091824 0.035094
v 1.929740 0.097955 0.035019
v 1.929740 -0.091824 0.035019
v 1.923308 0.097955 0.035902
v 1.923308 -0.091824 0.035902
v 1.917679 0.097955 0.037633
v 1.917679 -0.091824 0.037633
v 1.912824 0.097955 0.040102
v 1.912824 -0.091824 0.040102
v 1.908713 0.097955 0.043198
v 1.908713 -0.091824 0.043198
v 1.905315 0.097955 0.046813
v 1.905315 -0.091824 0.046813
v 1.902603 0.097955 0.050834
v 1.902603 -0.091824 0.050834
v 1.900545 0.097955 0.055153
v 1.900545 -0.091824 0.055153
v 1.899111 0.097955 0.059660
v 1.899111 -0.091824 0.059660
v 1.898273 0.097955 0.064244
v 1.898273 -0.091824 0.064244
v 1.898000 0.097955 0.068795
v 1.898000 -0.091824 0.068795
v 1.898017 0.097955 0.075613
v 1.898017 -0.091824 0.075613
v 1.898064 0.097955 0.084424
v 1.898064 -0.091824 0.084424
v 1.898134 0.097955 0.095115
v 1.898134 -0.091824 0.095115
v 1.898223 0.097955 0.107573
v 1.898223 -0.091824 0.107573
v 1.898323 0.097955 0.121685
v 1.898323 -0.091824 0.121685
v 1.898429 0.097955 0.137339
v 1.898429 -0.091824 0.137339
v 1.898535 0.097955 0.154420
v 1.898535 -0.091824 0.154420
v 1.898635 0.097955 0.172817
v 1.898635 -0.091824 0.172816
v 1.898724 0.097955 0.192415
v 1.898724 -0.091824 0.192415
v 1.898794 0.097955 0.213102
v 1.898794 -0.091824 0.213102
v 1.898841 0.097955 0.234765
v 1.898841 -0.091824 0.234765
v 1.898857 0.097955 0.257290
v 1.898857 -0.091824 0.257290
v 1.898422 0.097955 0.272875
v 1.898422 -0.091824 0.272875
v 1.897155 0.097955 0.287508
v 1.897155 -0.091824 0.287508
v 1.895122 0.097955 0.301201
v 1.895122 -0.091824 0.301201
v 1.892382 0.097955 0.313966
v 1.892382 -0.091824 0.313965
v 1.889001 0.097955 0.325814
v 1.889001 -0.091824 0.325814
v 1.885039 0.097955 0.336758
v 1.885039 -0.091824 0.336758
v 1.880559 0.097955 0.346809
v 1.880559 -0.091824 0.346809
v 1.875624 0.097955 0.355980
v 1.875624 -0.091824 0.355980
v 1.870296 0.097955 0.364282
v 1.870296 -0.091824 0.364282
v 1.864638 0.097955 0.371728
v 1.864638 -0.091824 0.371728
v 1.858712 0.097955 0.378328
v 1.858712 -0.091824 0.378328
v 1.852581 0.097955 0.384096
v 1.852581 -0.091824 0.384096
v 1.890780 0.097955 0.389331
v 1.890780 -0.091824 0.389331
v 1.928717 0.097955 0.396849
v 1.928717 -0.091824 0.396848
v 1.965809 0.097955 0.407216
v 1.965809 -0.091824 0.407216
v 2.001472 0.097955 0.421001
v 2.001472 -0.091824 0.421001
v 2.035125 0.097955 0.438774
v 2.035125 -0.091824 0.438773
v 2.066182 0.097955 0.461100
v 2.066182 -0.091824 0.461100
v 2.094061 0.097955 0.488550
v 2.094061 -0.091824 0.488550
v 2.118180 0.097955 0.521691
v 2.118180 -0.091824 0.521691
v 2.137954 0.097955 0.561091
v 2.137954 -0.091824 0.561091
v 2.152800 0.097955 0.607319
v 2.152800 -0.091824 0.607319
v 2.162136 0.097955 0.660942
v 2.162136 -0.091824 0.660942
v 2.165377 0.097955 0.722530
v 2.165377 -0.091824 0.722530
v 2.164829 0.097955 0.741077
v 2.164829 -0.091824 0.741077
v 2.163207 0.097955 0.759023
v 2.163207 -0.091824 0.759023
v 2.160543 0.097955 0.776374
v 2.160543 -0.091825 0.776374
v 2.156871 0.097955 0.793136
v 2.156871 -0.091825 0.793136
v 2.152222 0.097955 0.809315
v 2.152222 -0.091825 0.809315
v 2.146631 0.097955 0.824917
v 2.146631 -0.091825 0.824917
v 2.140128 0.097955 0.839948
v 2.140128 -0.091825 0.839947
v 2.132748 0.097955 0.854413
v 2.132748 -0.091825 0.854413
v 2.124523 0.097955 0.868319
v 2.124523 -0.091825 0.868319
v 2.115486 0.097955 0.881672
v 2.115486 -0.091825 0.881672
v 2.105669 0.097955 0.894477
v 2.105669 -0.091825 0.894477
v 2.095105 0.097955 0.906741
v 2.095105 -0.091825 0.906741
v 2.097130 0.097955 0.912115
v 2.097130 -0.091825 0.912115
v 2.099596 0.097955 0.919601
v 2.099596 -0.091825 0.919600
v 2.102229 0.097955 0.929098
v 2.102229 -0.091825 0.929098
v 2.104754 0.097955 0.940505
v 2.104754 -0.091825 0.940505
v 2.106898 0.097955 0.953721
v 2.106898 -0.091825 0.953721
v 2.108388 0.097955 0.968644
v 2.108388 -0.091825 0.968644
v 2.108949 0.097955 0.985174
v 2.108949 -0.091825 0.985174
v 2.108309 0.097955 1.003209
v 2.108309 -0.091825 1.003209
v 2.106192 0.097955 1.022649
v 2.106192 -0.091825 1.022649
v 2.102326 0.097955 1.043392
v 2.102326 -0.091825 1.043392
v 2.096436 0.097955 1.065336
v 2.096436 -0.091825 1.065336
v 2.088249 0.097955 1.088381
v 2.088249 -0.091825 1.088381
v 2.087044 0.097955 1.088701
v 2.087044 -0.091825 1.088701
v 2.083389 0.097955 1.089365
v 2.083389 -0.091825 1.089365
v 2.077229 0.097955 1.089934
v 2.077229 -0.091825 1.089934
v 2.068507 0.097955 1.089968
v 2.068507 -0.091825 1.089968
v 2.057166 0.097955 1.089026
v 2.057166 -0.091825 1.089026
v 2.043151 0.097955 1.086668
v 2.043151 -0.091825 1.086668
v 2.026403 0.097955 1.082453
v 2.026403 -0.091825 1.082453
v 2.006868 0.097955 1.075942
v 2.006868 -0.091825 1.075942
v 1.984488 0.097955 1.066694
v 1.984488 -0.091825 1.066694
v 1.959207 0.097955 1.054268
v 1.959207 -0.091825 1.054268
v 1.930968 0.097955 1.038225
v 1.930968 -0.091825 1.038225
v 1.899714 0.097955 1.018124
v 1.899714 -0.091825 1.018124
v 1.885933 0.097955 1.021819
v 1.885933 -0.091825 1.021819
v 1.872021 0.097955 1.025193
v 1.872021 -0.091825 1.025193
v 1.857991 0.097955 1.028245
v 1.857991 -0.091825 1.028245
v 1.843852 0.097955 1.030976
v 1.843852 -0.091825 1.030976
v 1.829619 0.097955 1.033386
v 1.829619 -0.091825 1.033386
v 1.815302 0.097955 1.035474
v 1.815302 -0.091825 1.035474
v 1.800914 0.097955 1.037241
v 1.800914 -0.091825 1.037241
v 1.786467 0.097955 1.038687
v 1.786467 -0.091825 1.038687
v 1.771971 0.097955 1.039812
v 1.771971 -0.091825 1.039812
v 1.757441 0.097955 1.040615
v 1.757441 -0.091825 1.040615
v 1.742886 0.097955 1.041097
v 1.742886 -0.091825 1.041097
v 1.728319 0.097955 1.041258
v 1.728319 -0.091825 1.041258
v 1.713753 0.097955 1.041097
v 1.713753 -0.091825 1.041097
v 1.699198 0.097955 1.040615
v 1.699198 -0.091825 1.040615
v 1.684667 0.097955 1.039812
v 1.684667 -0.091825 1.039812
v 1.670172 0.097955 1.038687
v 1.670172 -0.091825 1.038687
v 1.655724 0.097955 1.037241
v 1.655724 -0.091825 1.037241
v 1.641336 0.097955 1.035474
v 1.641336 -0.091825 1.035474
v 1.627019 0.097955 1.033386
v 1.627019 -0.091825 1.033386
v 1.612786 0.097955 1.030976
v 1.612786 -0.091825 1.030976
v 1.598648 0.097955 1.028245
v 1.598648 -0.091825 1.028245
v 1.584617 0.097955 1.025193
v 1.584617 -0.091825 1.025193
v 1.570705 0.097955 1.021819
v 1.570705 -0.091825 1.021819
v 1.556924 0.097955 1.018124
v 1.556924 -0.091825 1.018124
v 1.525671 0.097955 1.038045
v 1.525671 -0.091825 1.038045
v 1.497432 0.097955 1.053971
v 1.497432 -0.091825 1.053971
v 1.472150 0.097955 1.066332
v 1.472150 -0.091825 1.066332
v 1.449770 0.097955 1.075561
v 1.449770 -0.091825 1.075561
v 1.430235 0.097955 1.082089
v 1.430235 -0.091825 1.082089
v 1.413488 0.097955 1.086346
v 1.413488 -0.091825 1.086346
v 1.399472 0.097955 1.088766
v 1.399472 -0.091825 1.088766
v 1.388131 0.097955 1.089778
v 1.388131 -0.091825 1.089778
v 1.379409 0.097955 1.089814
v 1.379409 -0.091825 1.089814
v 1.373249 0.097955 1.089306
v 1.373249 -0.091825 1.089306
v 1.369595 0.097955 1.088684
v 1.369595 -0.091825 1.088684
v 1.368389 0.097955 1.088381
v 1.368389 -0.091825 1.088381
v 1.360202 0.097955 1.065336
v 1.360202 -0.091825 1.065336
v 1.354313 0.097955 1.043392
v 1.354313 -0.091825 1.043392
v 1.350446 0.097955 1.022649
v 1.350446 -0.091825 1.022649
v 1.348330 0.097955 1.003209
v 1.348330 -0.091825 1.003209
v 1.347689 0.097955 0.985174
v 1.347689 -0.091825 0.985174
v 1.348250 0.097955 0.968644
v 1.348250 -0.091825 0.968644
v 1.349740 0.097955 0.953721
v 1.349740 -0.091825 0.953721
v 1.351885 0.097955 0.940505
v 1.351885 -0.091825 0.940505
v 1.354410 0.097955 0.929098
v 1.354410 -0.091825 0.929098
v 1.357042 0.097955 0.919601
v 1.357042 -0.091825 0.919600
v 1.359508 0.097955 0.912115
v 1.359508 -0.091825 0.912115
v 1.361533 0.097955 0.906741
v 1.361533 -0.091825 0.906741
v 1.350970 0.097955 0.894461
v 1.350970 -0.091825 0.894461
v 1.341153 0.097955 0.881612
v 1.341153 -0.091825 0.881612
v 1.332115 0.097955 0.868198
v 1.332115 -0.091825 0.868198
v 1.323890 0.097955 0.854222
v 1.323890 -0.091825 0.854222
v 1.316510 0.097955 0.839687
v 1.316510 -0.091825 0.839687
v 1.310008 0.097955 0.824596
v 1.310008 -0.091825 0.824596
v 1.304416 0.097955 0.808951
v 1.304416 -0.091825 0.808951
v 1.299768 0.097955 0.792755
v 1.299768 -0.091825 0.792755
v 1.296095 0.097955 0.776013
v 1.296095 -0.091825 0.776012
v 1.293432 0.097955 0.758725
v 1.293432 -0.091824 0.758725
v 1.291809 0.097955 0.740897
v 1.291809 -0.091824 0.740897
v 1.291261 0.097955 0.722530
v 1.291261 -0.091824 0.722530
v 1.294486 0.097955 0.661122
v 1.294486 -0.091824 0.661122
v 1.303775 0.097955 0.607616
v 1.303775 -0.091824 0.607616
v 1.318551 0.097955 0.561452
v 1.318551 -0.091824 0.561452
v 1.338236 0.097955 0.522072
v 1.338236 -0.091824 0.522071
v 1.362255 0.097955 0.488914
v 1.362255 -0.091824 0.488914
v 1.390028 0.097955 0.461422
v 1.390028 -0.091824 0.461422
v 1.420979 0.097955 0.439034
v 1.420979 -0.091824 0.439034
v 1.454531 0.097955 0.421192
v 1.454531 -0.091824 0.421192
v 1.490107 0.097955 0.407336
v 1.490107 -0.091824 0.407336
v 1.527128 0.097955 0.396908
v 1.527128 -0.091824 0.396908
v 1.565019 0.097955 0.389348
v 1.565019 -0.091824 0.389348
v 1.603201 0.097955 0.384096
v 1.603201 -0.091824 0.384096
v 1.598315 0.097955 0.379543
v 1.598315 -0.091824 0.379543
v 1.593536 0.097955 0.374449
v 1.593536 -0.091824 0.374449
v 1.588900 0.097955 0.368807
v 1.588900 -0.091824 0.368807
v 1.584442 0.097955 0.362613
v 1.584442 -0.091824 0.362612
v 1.580199 0.097955 0.355858
v 1.580199 -0.091824 0.355858
v 1.576206 0.097955 0.348539
v 1.576206 -0.091824 0.348539
v 1.572498 0.097955 0.340648
v 1.572498 -0.091824 0.340648
v 1.569112 0.097955 0.332180
v 1.569112 -0.091824 0.332180
v 1.566083 0.097955 0.323129
v 1.566083 -0.091824 0.323129
v 1.563447 0.097955 0.313490
v 1.563447 -0.091824 0.313489
v 1.561239 0.097955 0.303255
v 1.561239 -0.091824 0.303255
v 1.559495 0.097955 0.292419
v 1.559495 -0.091824 0.292419
v 1.548463 0.097955 0.287772
v 1.548463 -0.091824 0.287772
v 1.535301 0.097955 0.283161
v 1.535301 -0.091824 0.283160
v 1.520342 0.097955 0.279085
v 1.520342 -0.091824 0.279085
v 1.503918 0.097955 0.276044
v 1.503918 -0.091824 0.276044
v 1.486364 0.097955 0.274539
v 1.486364 -0.091824 0.274539
v 1.468013 0.097955 0.275069
v 1.468013 -0.091824 0.275069
v 1.449197 0.097955 0.278133
v 1.449197 -0.091824 0.278133
v 1.430250 0.097955 0.284232
v 1.430250 -0.091824 0.284232
v 1.411506 0.097955 0.293865
v 1.411506 -0.091824 0.293865
v 1.393297 0.097955 0.307532
v 1.393297 -0.091824 0.307532
v 1.375957 0.097955 0.325733
v 1.375957 -0.091824 0.325733
v 1.359820 0.097955 0.348967
v 1.359820 -0.091824 0.348967
v 1.356076 0.097955 0.354686
v 1.356076 -0.091824 0.354686
v 1.351297 0.097955 0.361371
v 1.351297 -0.091824 0.361371
v 1.345519 0.097955 0.368740
v 1.345519 -0.091824 0.368740
v 1.338776 0.097955 0.376512
v 1.338776 -0.091824 0.376512
v 1.331105 0.097955 0.384402
v 1.331105 -0.091824 0.384402
v 1.322541 0.097955 0.392128
v 1.322541 -0.091824 0.392128
v 1.313120 0.097955 0.399409
v 1.313120 -0.091824 0.399408
v 1.302878 0.097955 0.405960
v 1.302878 -0.091824 0.405960
v 1.291851 0.097955 0.411500
v 1.291851 -0.091824 0.411500
v 1.280073 0.097955 0.415746
v 1.280073 -0.091824 0.415746
v 1.267581 0.097955 0.418415
v 1.267581 -0.091824 0.418415
v 1.254411 0.097955 0.419224
v 1.254411 -0.091824 0.419224
v 1.241908 0.097955 0.418396
v 1.241908 -0.091824 0.418396
v 1.232872 0.097955 0.416456
v 1.232872 -0.091824 0.416456
v 1.226948 0.097955 0.413575
v 1.226948 -0.091824 0.413575
v 1.223783 0.097955 0.409927
v 1.223783 -0.091824 0.409926
v 1.223021 0.097955 0.405683
v 1.223021 -0.091824 0.405683
v 1.224310 0.097955 0.401017
v 1.224310 -0.091824 0.401017
v 1.227295 0.097955 0.396102
v 1.227295 -0.091824 0.396102
v 1.231622 0.097955 0.391109
v 1.231622 -0.091824 0.391109
v 1.236937 0.097955 0.386211
v 1.236937 -0.091824 0.386211
v 1.242886 0.097955 0.381581
v 1.242886 -0.091824 0.381581
v 1.249114 0.097955 0.377391
v 1.249114 -0.091824 0.377391
v 1.255268 0.097955 0.373814
v 1.255268 -0.091824 0.373814
v 1.262625 0.097955 0.368866
v 1.262625 -0.091824 0.368866
v 1.270055 0.097955 0.362359
v 1.270055 -0.091824 0.362359
v 1.277456 0.097955 0.354590
v 1.277456 -0.091824 0.354590
v 1.284723 0.097955 0.345857
v 1.284723 -0.091824 0.345857
v 1.291752 0.097955 0.336458
v 1.291752 -0.091824 0.336458
v 1.298439 0.097955 0.326691
v 1.298439 -0.091824 0.326690
v 1.304679 0.097955 0.316851
v 1.304679 -0.091824 0.316851
v 1.310369 0.097955 0.307238
v 1.310369 -0.091824 0.307238
v 1.315404 0.097955 0.298149
v 1.315404 -0.091824 0.298149
v 1.319680 0.097955 0.289880
v 1.319680 -0.091824 0.289880
v 1.323094 0.097955 0.282730
v 1.323094 -0.091824 0.282730
v 1.325540 0.097955 0.276996
v 1.325540 -0.091824 0.276996
v 1.329667 0.097955 0.266707
v 1.329667 -0.091824 0.266707
v 1.335416 0.097955 0.255442
v 1.335416 -0.091824 0.255442
v 1.343122 0.097955 0.243689
v 1.343122 -0.091824 0.243688
v 1.353122 0.097955 0.231935
v 1.353122 -0.091824 0.231935
v 1.365753 0.097955 0.220670
v 1.365753 -0.091824 0.220670
v 1.381351 0.097955 0.210381
v 1.381351 -0.091824 0.210381
v 1.400252 0.097955 0.201555
v 1.400252 -0.091824 0.201555
v 1.422791 0.097955 0.194681
v 1.422791 -0.091824 0.194681
v 1.449306 0.097955 0.190246
v 1.449306 -0.091824 0.190246
v 1.480133 0.097955 0.188739
v 1.480133 -0.091824 0.188739
v 1.515608 0.097955 0.190647
v 1.515608 -0.091824 0.190646
v 1.556067 0.097955 0.196458
v 1.556067 -0.091824 0.196458
v 1.556084 0.097955 0.182198
v 1.556084 -0.091824 0.182198
v 1.556131 0.097955 0.168199
v 1.556131 -0.091824 0.168199
v 1.556201 0.097955 0.154582
v 1.556201 -0.091824 0.154582
v 1.556289 0.097955 0.141464
v 1.556289 -0.091824 0.141464
v 1.556389 0.097955 0.128965
v 1.556389 -0.091824 0.128965
v 1.556495 0.097955 0.117204
v 1.556495 -0.091824 0.117204
v 1.556602 0.097955 0.106300
v 1.556602 -0.091824 0.106300
v 1.556702 0.097955 0.096371
v 1.556702 -0.091824 0.096371
v 1.556790 0.097955 0.087538
v 1.556790 -0.091824 0.087538
v 1.556860 0.097955 0.079918
v 1.556860 -0.091824 0.079918
v 1.556907 0.097955 0.073631
v 1.556907 -0.091824 0.073631
v 1.556924 0.097955 0.068795
v 1.556924 -0.091824 0.068795
v 1.556651 0.097955 0.064260
v 1.556651 -0.091824 0.064260
v 1.555813 0.097955 0.059720
v 1.555813 -0.091824 0.059719
v 1.554380 0.097955 0.055274
v 1.554380 -0.091824 0.055274
v 1.552322 0.097955 0.051025
v 1.552322 -0.091824 0.051025
v 1.549609 0.097955 0.047073
v 1.549609 -0.091824 0.047073
v 1.546212 0.097955 0.043520
v 1.546212 -0.091824 0.043520
v 1.542100 0.097955 0.040466
v 1.542100 -0.091824 0.040466
v 1.537245 0.097955 0.038014
v 1.537245 -0.091824 0.038014
v 1.531616 0.097955 0.036264
v 1.531616 -0.091824 0.036264
v 1.525184 0.097955 0.035317
v 1.525184 -0.091824 0.035317
v 1.517919 0.097955 0.035274
v 1.517919 -0.091824 0.035274
v 1.509790 0.097955 0.036237
v 1.509790 -0.091824 0.036237
v 1.443319 0.097955 0.062319
v 1.443319 -0.091824 0.062319
v 1.380443 0.097955 0.094880
v 1.380443 -0.091824 0.094880
v 1.321577 0.097955 0.133510
v 1.321577 -0.091824 0.133510
v 1.267139 0.097955 0.177799
v 1.267139 -0.091824 0.177799
v 1.217546 0.097955 0.227335
v 1.217546 -0.091824 0.227335
v 1.173213 0.097955 0.281709
v 1.173213 -0.091824 0.281709
v 1.134558 0.097955 0.340509
v 1.134558 -0.091824 0.340509
v 1.101997 0.097955 0.403326
v 1.101997 -0.091824 0.403326
v 1.075946 0.097955 0.469749
v 1.075946 -0.091824 0.469748
v 1.056823 0.097955 0.539366
v 1.056823 -0.091824 0.539366
v 1.045043 0.097955 0.611768
v 1.045043 -0.091824 0.611768
v 1.041024 0.097955 0.686544
v 1.041024 -0.091824 0.686544
v 1.047280 0.097955 0.779585
v 1.047280 -0.091825 0.779585
v 1.065504 0.097955 0.868812
v 1.065504 -0.091825 0.868812
v 1.094880 0.097955 0.953409
v 1.094880 -0.091825 0.953409
v 1.134594 0.097955 1.032563
v 1.134594 -0.091825 1.032563
v 1.183829 0.097955 1.105457
v 1.183829 -0.091825 1.105457
v 1.241771 0.097955 1.171276
v 1.241771 -0.091825 1.171276
v 1.307605 0.097955 1.229206
v 1.307605 -0.091825 1.229206
v 1.380514 0.097955 1.278431
v 1.380514 -0.091825 1.278431
v 1.459684 0.097954 1.318136
v 1.459684 -0.091825 1.318136
v 1.544299 0.097954 1.347506
v 1.544299 -0.091825 1.347506
v 1.633545 0.097954 1.365726
v 1.633545 -0.091825 1.365726
v 1.726605 0.097954 1.371980
v 1.726605 -0.091825 1.371980
v 1.819666 0.097954 1.365726
v 1.819666 -0.091825 1.365726
v 1.908911 0.097954 1.347506
v 1.908911 -0.091825 1.347506
v 1.993527 0.097954 1.318136
v 1.993527 -0.091825 1.318136
v 2.072697 0.097955 1.278431
v 2.072697 -0.091825 1.278431
v 2.145606 0.097955 1.229206
v 2.145606 -0.091825 1.229206
v 2.211440 0.097955 1.171276
v 2.211440 -0.091825 1.171276
v 2.269382 0.097955 1.105457
v 2.269382 -0.091825 1.105457
v 2.318617 0.097955 1.032563
v 2.318617 -0.091825 1.032563
v 2.358330 0.097955 0.953409
v 2.358330 -0.091825 0.953409
v 2.387707 0.097955 0.868812
v 2.387707 -0.091825 0.868812
v 2.405931 0.097955 0.779585
v 2.405931 -0.091825 0.779585
v 2.412186 0.097955 0.686544
v 2.412186 -0.091824 0.686544
vn -0.0000 -1.0000 -0.0000
vn -0.0000 1.0000 -0.0000
vn 0.9942 -0.0000 -0.1074
vn 0.9770 -0.0000 -0.2131
vn 0.9490 -0.0000 -0.3152
vn 0.9109 -0.0000 -0.4127
vn 0.8634 -0.0000 -0.5045
vn 0.8074 -0.0000 -0.5900
vn 0.7433 -0.0000 -0.6690
vn 0.6717 -0.0000 -0.7409
vn 0.5929 -0.0000 -0.8053
vn 0.5073 -0.0000 -0.8618
vn 0.4154 -0.0000 -0.9097
vn 0.2551 -0.0000 -0.9669
vn 0.0749 -0.0000 -0.9972
vn -0.0630 -0.0000 -0.9980
vn -0.2157 -0.0000 -0.9765
vn -0.3750 -0.0000 -0.9270
vn -0.5295 -0.0000 -0.8483
vn -0.6676 -0.0000 -0.7446
vn -0.7814 -0.0000 -0.6241
vn -0.8683 -0.0000 -0.4961
vn -0.9300 -0.0000 -0.3675
vn -0.9703 -0.0000 -0.2420
vn -0.9928 -0.0000 -0.1201
vn -0.9996 -0.0000 -0.0287
vn -1.0000 -0.0000 0.0039
vn -1.0000 -0.0000 0.0059
vn -1.0000 -0.0000 0.0068
vn -1.0000 -0.0000 0.0071
vn -1.0000 -0.0000 0.0069
vn -1.0000 -0.0000 0.0065
vn -1.0000 -0.0000 0.0058
vn -1.0000 -0.0000 0.0050
vn -1.0000 -0.0000 0.0040
vn -1.0000 -0.0000 0.0028
vn -1.0000 -0.0000 0.0015
vn -0.9999 -0.0000 -0.0136
vn -0.9984 -0.0000 -0.0571
vn -0.9932 -0.0000 -0.1166
vn -0.9839 -0.0000 -0.1785
vn -0.9702 -0.0000 -0.2423
vn -0.9515 -0.0000 -0.3076
vn -0.9274 -0.0000 -0.3740
vn -0.8976 -0.0000 -0.4408
vn -0.8617 -0.0000 -0.5074
vn -0.8195 -0.0000 -0.5730
vn -0.7708 -0.0000 -0.6371
vn -0.7153 -0.0000 -0.6988
vn -0.9525 -0.0000 0.3044
vn -0.1652 -0.0000 0.9863
vn -0.2320 -0.0000 0.9727
vn -0.3152 -0.0000 0.9490
vn -0.4145 -0.0000 0.9101
vn -0.5266 -0.0000 0.8501
vn -0.6446 -0.0000 0.7645
vn -0.7576 -0.0000 0.6527
vn -0.8540 -0.0000 0.5202
vn -0.9257 -0.0000 0.3783
vn -0.9710 -0.0000 0.2392
vn -0.9937 -0.0000 0.1122
vn -0.9999 -0.0000 0.0115
vn -0.9982 -0.0000 -0.0598
vn -0.9927 -0.0000 -0.1209
vn -0.9831 -0.0000 -0.1830
vn -0.9695 -0.0000 -0.2452
vn -0.9517 -0.0000 -0.3069
vn -0.9301 -0.0000 -0.3674
vn -0.9047 -0.0000 -0.4260
vn -0.8762 -0.0000 -0.4820
vn -0.8448 -0.0000 -0.5350
vn -0.8112 -0.0000 -0.5847
vn -0.7760 -0.0000 -0.6308
vn -0.9847 -0.0000 -0.1744
vn -0.9430 -0.0000 0.3328
vn -0.9570 -0.0000 0.2901
vn -0.9703 -0.0000 0.2417
vn -0.9821 -0.0000 0.1882
vn -0.9915 -0.0000 0.1298
vn -0.9978 -0.0000 0.0667
vn -1.0000 -0.0000 -0.0008
vn -0.9974 -0.0000 -0.0719
vn -0.9893 -0.0000 -0.1458
vn -0.9752 -0.0000 -0.2214
vn -0.9548 -0.0000 -0.2972
vn -0.6774 -0.0000 -0.7357
vn -0.2176 -0.0000 -0.9760
vn -0.1356 -0.0000 -0.9908
vn -0.0480 -0.0000 -0.9988
vn 0.0395 -0.0000 -0.9992
vn 0.1245 -0.0000 -0.9922
vn 0.2051 -0.0000 -0.9787
vn 0.2803 -0.0000 -0.9599
vn 0.3493 -0.0000 -0.9370
vn 0.4117 -0.0000 -0.9113
vn 0.4677 -0.0000 -0.8839
vn 0.5176 -0.0000 -0.8556
vn 0.1542 -0.0000 -0.9880
vn -0.2473 -0.0000 -0.9689
vn -0.2241 -0.0000 -0.9746
vn -0.2011 -0.0000 -0.9796
vn -0.1783 -0.0000 -0.9840
vn -0.1556 -0.0000 -0.9878
vn -0.1331 -0.0000 -0.9911
vn -0.1107 -0.0000 -0.9938
vn -0.0885 -0.0000 -0.9961
vn -0.0663 -0.0000 -0.9978
vn -0.0441 -0.0000 -0.9990
vn -0.0221 -0.0000 -0.9998
vn -0.0000 -0.0000 -1.0000
vn 0.0221 -0.0000 -0.9998
vn 0.0441 -0.0000 -0.9990
vn 0.0663 -0.0000 -0.9978
vn 0.0885 -0.0000 -0.9961
vn 0.1107 -0.0000 -0.9938
vn 0.1331 -0.0000 -0.9911
vn 0.1556 -0.0000 -0.9878
vn 0.1783 -0.0000 -0.9840
vn 0.2011 -0.0000 -0.9796
vn 0.2241 -0.0000 -0.9746
vn 0.2473 -0.0000 -0.9689
vn -0.1522 -0.0000 -0.9884
vn -0.5145 -0.0000 -0.8575
vn -0.4654 -0.0000 -0.8851
vn -0.4105 -0.0000 -0.9119
vn -0.3493 -0.0000 -0.9370
vn -0.2818 -0.0000 -0.9595
vn -0.2084 -0.0000 -0.9780
vn -0.1296 -0.0000 -0.9916
vn -0.0466 -0.0000 -0.9989
vn 0.0391 -0.0000 -0.9992
vn 0.1250 -0.0000 -0.9922
vn 0.2058 -0.0000 -0.9786
vn 0.6727 -0.0000 -0.7399
vn 0.9548 -0.0000 -0.2972
vn 0.9752 -0.0000 -0.2214
vn 0.9893 -0.0000 -0.1458
vn 0.9974 -0.0000 -0.0719
vn 1.0000 -0.0000 -0.0008
vn 0.9978 -0.0000 0.0667
vn 0.9915 -0.0000 0.1298
vn 0.9821 -0.0000 0.1882
vn 0.9703 -0.0000 0.2417
vn 0.9570 -0.0000 0.2901
vn 0.9430 -0.0000 0.3328
vn 0.9847 -0.0000 -0.1741
vn 0.7767 -0.0000 -0.6299
vn 0.8123 -0.0000 -0.5832
vn 0.8460 -0.0000 -0.5332
vn 0.8772 -0.0000 -0.4802
vn 0.9055 -0.0000 -0.4244
vn 0.9305 -0.0000 -0.3663
vn 0.9519 -0.0000 -0.3064
vn 0.9695 -0.0000 -0.2452
vn 0.9830 -0.0000 -0.1834
vn 0.9926 -0.0000 -0.1215
vn 0.9982 -0.0000 -0.0602
vn 0.9999 -0.0000 0.0113
vn 0.9937 -0.0000 0.1119
vn 0.9711 -0.0000 0.2385
vn 0.9262 -0.0000 0.3771
vn 0.8550 -0.0000 0.5186
vn 0.7592 -0.0000 0.6508
vn 0.6467 -0.0000 0.7627
vn 0.5290 -0.0000 0.8486
vn 0.4169 -0.0000 0.9089
vn 0.3174 -0.0000 0.9483
vn 0.2336 -0.0000 0.9723
vn 0.1660 -0.0000 0.9861
vn 0.9533 -0.0000 0.3019
vn 0.7059 -0.0000 -0.7083
vn 0.7514 -0.0000 -0.6599
vn 0.7926 -0.0000 -0.6098
vn 0.8296 -0.0000 -0.5583
vn 0.8627 -0.0000 -0.5057
vn 0.8919 -0.0000 -0.4523
vn 0.9172 -0.0000 -0.3985
vn 0.9388 -0.0000 -0.3445
vn 0.9568 -0.0000 -0.2907
vn 0.9714 -0.0000 -0.2374
vn 0.9828 -0.0000 -0.1849
vn 0.7864 -0.0000 -0.6177
vn 0.3596 -0.0000 -0.9331
vn 0.2969 -0.0000 -0.9549
vn 0.2226 -0.0000 -0.9749
vn 0.1339 -0.0000 -0.9910
vn 0.0283 -0.0000 -0.9996
vn -0.0950 -0.0000 -0.9955
vn -0.2342 -0.0000 -0.9722
vn -0.3830 -0.0000 -0.9237
vn -0.5306 -0.0000 -0.8476
vn -0.6644 -0.0000 -0.7473
vn -0.7750 -0.0000 -0.6320
vn -0.8291 -0.0000 -0.5591
vn -0.8253 -0.0000 -0.5647
vn -0.8004 -0.0000 -0.5994
vn -0.7714 -0.0000 -0.6364
vn -0.7364 -0.0000 -0.6765
vn -0.6938 -0.0000 -0.7202
vn -0.6411 -0.0000 -0.7674
vn -0.5757 -0.0000 -0.8176
vn -0.4945 -0.0000 -0.8692
vn -0.3947 -0.0000 -0.9188
vn -0.2747 -0.0000 -0.9615
vn -0.1355 -0.0000 -0.9908
vn 0.0024 -0.0000 -1.0000
vn 0.1384 -0.0000 -0.9904
vn 0.3260 -0.0000 -0.9454
vn 0.6087 -0.0000 -0.7934
vn 0.9021 -0.0000 -0.4314
vn 0.9989 -0.0000 0.0460
vn 0.9181 -0.0000 0.3964
vn 0.8081 -0.0000 0.5891
vn 0.7178 -0.0000 0.6962
vn 0.6465 -0.0000 0.7629
vn 0.5865 -0.0000 0.8099
vn 0.5306 -0.0000 0.8476
vn 0.6097 -0.0000 0.7926
vn 0.6921 -0.0000 0.7218
vn 0.7468 -0.0000 0.6651
vn 0.7850 -0.0000 0.6195
vn 0.8132 -0.0000 0.5820
vn 0.8350 -0.0000 0.5503
vn 0.8526 -0.0000 0.5225
vn 0.8677 -0.0000 0.4970
vn 0.8816 -0.0000 0.4720
vn 0.8954 -0.0000 0.4452
vn 0.9113 -0.0000 0.4117
vn 0.9240 -0.0000 0.3824
vn 0.9104 -0.0000 0.4138
vn 0.8648 -0.0000 0.5022
vn 0.8005 -0.0000 0.5993
vn 0.7153 -0.0000 0.6988
vn 0.4882 -0.0000 0.8727
vn 0.3583 -0.0000 0.9336
vn 0.2288 -0.0000 0.9735
vn 0.1071 -0.0000 0.9943
vn -0.0024 -0.0000 1.0000
vn -0.0980 -0.0000 0.9952
vn 0.6545 -0.0000 0.7561
vn 1.0000 -0.0000 0.0023
vn 1.0000 -0.0000 0.0043
vn 1.0000 -0.0000 0.0059
vn 1.0000 -0.0000 0.0074
vn 1.0000 -0.0000 0.0085
vn 1.0000 -0.0000 0.0094
vn 1.0000 -0.0000 0.0099
vn 0.9999 -0.0000 0.0100
vn 1.0000 -0.0000 0.0096
vn 1.0000 -0.0000 0.0083
vn 1.0000 -0.0000 0.0055
vn 0.9996 -0.0000 -0.0283
vn 0.9927 -0.0000 -0.1210
vn 0.9696 -0.0000 -0.2447
vn 0.9281 -0.0000 -0.3723
vn 0.8647 -0.0000 -0.5024
vn 0.7761 -0.0000 -0.6306
vn 0.6619 -0.0000 -0.7496
vn 0.5255 -0.0000 -0.8508
vn 0.3752 -0.0000 -0.9269
vn 0.2220 -0.0000 -0.9751
vn 0.0760 -0.0000 -0.9971
vn -0.0560 -0.0000 -0.9984
vn -0.2434 -0.0000 -0.9699
vn -0.4131 -0.0000 -0.9107
vn -0.5049 -0.0000 -0.8632
vn -0.5906 -0.0000 -0.8069
vn -0.6698 -0.0000 -0.7426
vn -0.7418 -0.0000 -0.6706
vn -0.8064 -0.0000 -0.5914
vn -0.8629 -0.0000 -0.5054
vn -0.9106 -0.0000 -0.4132
vn -0.9489 -0.0000 -0.3154
vn -0.9770 -0.0000 -0.2130
vn -0.9942 -0.0000 -0.1073
vn -1.0000 -0.0000 0.0067
vn -0.9910 -0.0000 0.1339
vn -0.9643 -0.0000 0.2647
vn -0.9212 -0.0000 0.3891
vn -0.8630 -0.0000 0.5051
vn -0.7913 -0.0000 0.6115
vn -0.7070 -0.0000 0.7072
vn -0.6113 -0.0000 0.7914
vn -0.5050 -0.0000 0.8631
vn -0.3889 -0.0000 0.9213
vn -0.2646 -0.0000 0.9644
vn -0.1338 -0.0000 0.9910
vn -0.0000 -0.0000 1.0000
vn 0.1338 -0.0000 0.9910
vn 0.2646 -0.0000 0.9644
vn 0.3889 -0.0000 0.9213
vn 0.5050 -0.0000 0.8631
vn 0.6113 -0.0000 0.7914
vn 0.7070 -0.0000 0.7072
vn 0.7913 -0.0000 0.6115
vn 0.8630 -0.0000 0.5051
vn 0.9212 -0.0000 0.3891
vn 0.9643 -0.0000 0.2647
vn 0.9910 -0.0000 0.1339
vn 1.0000 -0.0000 0.0067
vt 0.956522 0.000000
vt 0.963211 0.000000
vt 0.959866 0.000000
vt 0.953177 0.000000
vt 0.966555 0.000000
vt 0.949833 0.000000
vt 0.969900 0.000000
vt 0.946488 0.000000
vt 0.973244 0.000000
vt 0.943144 0.000000
vt 0.976589 0.000000
vt 0.939799 0.000000
vt 0.979933 0.000000
vt 0.936455 0.000000
vt 0.983278 0.000000
vt 0.933110 0.000000
vt 0.434783 0.000000
vt 0.431438 0.000000
vt 0.428094 0.000000
vt 0.290970 0.000000
vt 0.287625 0.000000
vt 0.284281 0.000000
vt 0.280936 0.000000
vt 0.986622 0.000000
vt 0.294314 0.000000
vt 0.424749 0.000000
vt 0.421405 0.000000
vt 0.297659 0.000000
vt 0.418060 0.000000
vt 0.277592 0.000000
vt 0.438127 0.000000
vt 0.441472 0.000000
vt 0.274247 0.000000
vt 0.301003 0.000000
vt 0.414716 0.000000
vt 0.304348 0.000000
vt 0.411371 0.000000
vt 0.307692 0.000000
vt 0.408027 0.000000
vt 0.311037 0.000000
vt 0.404682 0.000000
vt 0.444816 0.000000
vt 0.270903 0.000000
vt 0.314381 0.000000
vt 0.401338 0.000000
vt 0.361204 0.000000
vt 0.357860 0.000000
vt 0.354515 0.000000
vt 0.448161 0.000000
vt 0.267559 0.000000
vt 0.351171 0.000000
vt 0.364549 0.000000
vt 0.347826 0.000000
vt 0.367893 0.000000
vt 0.344482 0.000000
vt 0.371237 0.000000
vt 0.341137 0.000000
vt 0.374582 0.000000
vt 0.337793 0.000000
vt 0.334448 0.000000
vt 0.331104 0.000000
vt 0.327759 0.000000
vt 0.324415 0.000000
vt 0.321070 0.000000
vt 0.317726 0.000000
vt 0.397993 0.000000
vt 0.394649 0.000000
vt 0.391304 0.000000
vt 0.387960 0.000000
vt 0.384615 0.000000
vt 0.381271 0.000000
vt 0.377926 0.000000
vt 0.929766 0.000000
vt 0.989967 0.000000
vt 0.451505 0.000000
vt 0.264214 0.000000
vt 0.454850 0.000000
vt 0.260870 0.000000
vt 0.458194 0.000000
vt 0.257525 0.000000
vt 0.461538 0.000000
vt 0.254181 0.000000
vt 0.464883 0.000000
vt 0.250836 0.000000
vt 0.926421 0.000000
vt 0.993311 0.000000
vt 0.468227 0.000000
vt 0.247492 0.000000
vt 0.471572 0.000000
vt 0.244147 0.000000
vt 0.474916 0.000000
vt 0.240803 0.000000
vt 0.478261 0.000000
vt 0.237458 0.000000
vt 0.481605 0.000000
vt 0.234114 0.000000
vt 0.230769 0.000000
vt 0.484950 0.000000
vt 0.227425 0.000000
vt 0.488294 0.000000
vt 0.923077 0.000000
vt 0.996656 0.000000
vt 0.224080 0.000000
vt 0.491639 0.000000
vt 0.220736 0.000000
vt 0.494983 0.000000
vt 0.217391 0.000000
vt 0.498328 0.000000
vt 0.214047 0.000000
vt 0.501672 0.000000
vt 0.210702 0.000000
vt 0.505017 0.000000
vt 0.207358 0.000000
vt 0.508361 0.000000
vt 0.919732 0.000000
vt 1.000000 0.000000
vt 0.204013 0.000000
vt 0.511706 0.000000
vt 0.200669 0.000000
vt 0.515050 0.000000
vt 0.197324 0.000000
vt 0.518395 0.000000
vt 0.521739 0.000000
vt 0.193980 0.000000
vt 0.916388 0.000000
vt 0.000000 0.000000
vt 0.525084 0.000000
vt 0.190635 0.000000
vt 0.003344 0.000000
vt 0.913043 0.000000
vt 0.528428 0.000000
vt 0.187291 0.000000
vt 0.531773 0.000000
vt 0.183946 0.000000
vt 0.006689 0.000000
vt 0.909699 0.000000
vt 0.535117 0.000000
vt 0.180602 0.000000
vt 0.538462 0.000000
vt 0.177258 0.000000
vt 0.010033 0.000000
vt 0.906354 0.000000
vt 0.541806 0.000000
vt 0.173913 0.000000
vt 0.682274 0.000000
vt 0.678930 0.000000
vt 0.545151 0.000000
vt 0.170569 0.000000
vt 0.548495 0.000000
vt 0.167224 0.000000
vt 0.675585 0.000000
vt 0.672241 0.000000
vt 0.685619 0.000000
vt 0.688963 0.000000
vt 0.668896 0.000000
vt 0.692308 0.000000
vt 0.665552 0.000000
vt 0.695652 0.000000
vt 0.551839 0.000000
vt 0.163880 0.000000
vt 0.662207 0.000000
vt 0.698997 0.000000
vt 0.013378 0.000000
vt 0.903010 0.000000
vt 0.702341 0.000000
vt 0.658863 0.000000
vt 0.555184 0.000000
vt 0.160535 0.000000
vt 0.705686 0.000000
vt 0.655518 0.000000
vt 0.709030 0.000000
vt 0.558528 0.000000
vt 0.157191 0.000000
vt 0.712375 0.000000
vt 0.652174 0.000000
vt 0.561873 0.000000
vt 0.153846 0.000000
vt 0.715719 0.000000
vt 0.565217 0.000000
vt 0.150502 0.000000
vt 0.719064 0.000000
vt 0.648829 0.000000
vt 0.568562 0.000000
vt 0.722408 0.000000
vt 0.147157 0.000000
vt 0.725753 0.000000
vt 0.571906 0.000000
vt 0.645485 0.000000
vt 0.143813 0.000000
vt 0.575251 0.000000
vt 0.729097 0.000000
vt 0.642140 0.000000
vt 0.140468 0.000000
vt 0.578595 0.000000
vt 0.638796 0.000000
vt 0.732441 0.000000
vt 0.635451 0.000000
vt 0.581940 0.000000
vt 0.137124 0.000000
vt 0.735786 0.000000
vt 0.016722 0.000000
vt 0.585284 0.000000
vt 0.899666 0.000000
vt 0.133779 0.000000
vt 0.739130 0.000000
vt 0.588629 0.000000
vt 0.742475 0.000000
vt 0.130435 0.000000
vt 0.632107 0.000000
vt 0.591973 0.000000
vt 0.745819 0.000000
vt 0.127090 0.000000
vt 0.595318 0.000000
vt 0.628763 0.000000
vt 0.749164 0.000000
vt 0.598662 0.000000
vt 0.123746 0.000000
vt 0.752508 0.000000
vt 0.625418 0.000000
vt 0.602007 0.000000
vt 0.755853 0.000000
vt 0.605351 0.000000
vt 0.120401 0.000000
vt 0.622074 0.000000
vt 0.608696 0.000000
vt 0.759197 0.000000
vt 0.020067 0.000000
vt 0.896321 0.000000
vt 0.612040 0.000000
vt 0.618729 0.000000
vt 0.762542 0.000000
vt 0.615385 0.000000
vt 0.117057 0.000000
vt 0.765886 0.000000
vt 0.113712 0.000000
vt 0.769231 0.000000
vt 0.772575 0.000000
vt 0.110368 0.000000
vt 0.775920 0.000000
vt 0.023411 0.000000
vt 0.892977 0.000000
vt 0.779264 0.000000
vt 0.107023 0.000000
vt 0.782609 0.000000
vt 0.785953 0.000000
vt 0.795987 0.000000
vt 0.802676 0.000000
vt 0.799331 0.000000
vt 0.789298 0.000000
vt 0.103679 0.000000
vt 0.792642 0.000000
vt 0.806020 0.000000
vt 0.026756 0.000000
vt 0.889632 0.000000
vt 0.100334 0.000000
vt 0.809365 0.000000
vt 0.812709 0.000000
vt 0.096990 0.000000
vt 0.816054 0.000000
vt 0.093645 0.000000
vt 0.030100 0.000000
vt 0.886288 0.000000
vt 0.819398 0.000000
vt 0.090301 0.000000
vt 0.822742 0.000000
vt 0.086957 0.000000
vt 0.826087 0.000000
vt 0.829431 0.000000
vt 0.083612 0.000000
vt 0.033445 0.000000
vt 0.882943 0.000000
vt 0.832776 0.000000
vt 0.080268 0.000000
vt 0.836120 0.000000
vt 0.076923 0.000000
vt 0.839465 0.000000
vt 0.842809 0.000000
vt 0.073579 0.000000
vt 0.846154 0.000000
vt 0.070234 0.000000
vt 0.036789 0.000000
vt 0.879599 0.000000
vt 0.849498 0.000000
vt 0.066890 0.000000
vt 0.852843 0.000000
vt 0.063545 0.000000
vt 0.856187 0.000000
vt 0.060201 0.000000
vt 0.859532 0.000000
vt 0.056856 0.000000
vt 0.862876 0.000000
vt 0.053512 0.000000
vt 0.866221 0.000000
vt 0.050167 0.000000
vt 0.869565 0.000000
vt 0.046823 0.000000
vt 0.872910 0.000000
vt 0.876254 0.000000
vt 0.040134 0.000000
vt 0.043478 0.000000
vt 0.000000 1.000000
vt 0.003333 1.000000
vt 0.003333 0.000000
vt 0.006667 1.000000
vt 0.006667 0.000000
vt 0.010000 1.000000
vt 0.010000 0.000000
vt 0.013333 1.000000
vt 0.013333 0.000000
vt 0.016667 1.000000
vt 0.016667 0.000000
vt 0.020000 1.000000
vt 0.020000 0.000000
vt 0.023333 1.000000
vt 0.023333 0.000000
vt 0.026667 1.000000
vt 0.026667 0.000000
vt 0.030000 1.000000
vt 0.030000 0.000000
vt 0.033333 1.000000
vt 0.033333 0.000000
vt 0.036667 1.000000
vt 0.036667 0.000000
vt 0.040000 1.000000
vt 0.040000 0.000000
vt 0.043333 1.000000
vt 0.043333 0.000000
vt 0.046667 1.000000
vt 0.046667 0.000000
vt 0.050000 1.000000
vt 0.050000 0.000000
vt 0.053333 1.000000
vt 0.053333 0.000000
vt 0.056667 1.000000
vt 0.056667 0.000000
vt 0.060000 1.000000
vt 0.060000 0.000000
vt 0.063333 1.000000
vt 0.063333 0.000000
vt 0.066667 1.000000
vt 0.066667 0.000000
vt 0.070000 1.000000
vt 0.070000 0.000000
vt 0.073333 1.000000
vt 0.073333 0.000000
vt 0.076667 1.000000
vt 0.076667 0.000000
vt 0.080000 1.000000
vt 0.080000 0.000000
vt 0.083333 1.000000
vt 0.083333 0.000000
vt 0.086667 1.000000
vt 0.086667 0.000000
vt 0.090000 1.000000
vt 0.090000 0.000000
vt 0.093333 1.000000
vt 0.093333 0.000000
vt 0.096667 1.000000
vt 0.096667 0.000000
vt 0.100000 1.000000
vt 0.100000 0.000000
vt 0.103333 1.000000
vt 0.103333 0.000000
vt 0.106667 1.000000
vt 0.106667 0.000000
vt 0.110000 1.000000
vt 0.110000 0.000000
vt 0.113333 1.000000
vt 0.113333 0.000000
vt 0.116667 1.000000
vt 0.116667 0.000000
vt 0.120000 1.000000
vt 0.120000 0.000000
vt 0.123333 1.000000
vt 0.123333 0.000000
vt 0.126667 1.000000
vt 0.126667 0.000000
vt 0.130000 1.000000
vt 0.130000 0.000000
vt 0.133333 1.000000
vt 0.133333 0.000000
vt 0.136667 1.000000
vt 0.136667 0.000000
vt 0.140000 1.000000
vt 0.140000 0.000000
vt 0.143333 1.000000
vt 0.143333 0.000000
vt 0.146667 1.000000
vt 0.146667 0.000000
vt 0.150000 1.000000
vt 0.150000 0.000000
vt 0.153333 1.000000
vt 0.153333 0.000000
vt 0.156667 1.000000
vt 0.156667 0.000000
vt 0.160000 1.000000
vt 0.160000 0.000000
vt 0.163333 1.000000
vt 0.163333 0.000000
vt 0.166667 1.000000
vt 0.166667 0.000000
vt 0.170000 1.000000
vt 0.170000 0.000000
vt 0.173333 1.000000
vt 0.173333 0.000000
vt 0.176667 1.000000
vt 0.176667 0.000000
vt 0.180000 1.000000
vt 0.180000 0.000000
vt 0.183333 1.000000
vt 0.183333 0.000000
vt 0.186667 1.000000
vt 0.186667 0.000000
vt 0.190000 1.000000
vt 0.190000 0.000000
vt 0.193333 1.000000
vt 0.193333 0.000000
vt 0.196667 1.000000
vt 0.196667 0.000000
vt 0.200000 1.000000
vt 0.200000 0.000000
vt 0.203333 1.000000
vt 0.203333 0.000000
vt 0.206667 1.000000
vt 0.206667 0.000000
vt 0.210000 1.000000
vt 0.210000 0.000000
vt 0.213333 1.000000
vt 0.213333 0.000000
vt 0.216667 1.000000
vt 0.216667 0.000000
vt 0.220000 1.000000
vt 0.220000 0.000000
vt 0.223333 1.000000
vt 0.223333 0.000000
vt 0.226667 1.000000
vt 0.226667 0.000000
vt 0.230000 1.000000
vt 0.230000 0.000000
vt 0.233333 1.000000
vt 0.233333 0.000000
vt 0.236667 1.000000
vt 0.236667 0.000000
vt 0.240000 1.000000
vt 0.240000 0.000000
vt 0.243333 1.000000
vt 0.243333 0.000000
vt 0.246667 1.000000
vt 0.246667 0.000000
vt 0.250000 1.000000
vt 0.250000 0.000000
vt 0.253333 1.000000
vt 0.253333 0.000000
vt 0.256667 1.000000
vt 0.256667 0.000000
vt 0.260000 1.000000
vt 0.260000 0.000000
vt 0.263333 1.000000
vt 0.263333 0.000000
vt 0.266667 1.000000
vt 0.266667 0.000000
vt 0.270000 1.000000
vt 0.270000 0.000000
vt 0.273333 1.000000
vt 0.273333 0.000000
vt 0.276667 1.000000
vt 0.276667 0.000000
vt 0.280000 1.000000
vt 0.280000 0.000000
vt 0.283333 1.000000
vt 0.283333 0.000000
vt 0.286667 1.000000
vt 0.286667 0.000000
vt 0.290000 1.000000
vt 0.290000 0.000000
vt 0.293333 1.000000
vt 0.293333 0.000000
vt 0.296667 1.000000
vt 0.296667 0.000000
vt 0.300000 1.000000
vt 0.300000 0.000000
vt 0.303333 1.000000
vt 0.303333 0.000000
vt 0.306667 1.000000
vt 0.306667 0.000000
vt 0.310000 1.000000
vt 0.310000 0.000000
vt 0.313333 1.000000
vt 0.313333 0.000000
vt 0.316667 1.000000
vt 0.316667 0.000000
vt 0.320000 1.000000
vt 0.320000 0.000000
vt 0.323333 1.000000
vt 0.323333 0.000000
vt 0.326667 1.000000
vt 0.326667 0.000000
vt 0.330000 1.000000
vt 0.330000 0.000000
vt 0.333333 1.000000
vt 0.333333 0.000000
vt 0.336667 1.000000
vt 0.336667 0.000000
vt 0.340000 1.000000
vt 0.340000 0.000000
vt 0.343333 1.000000
vt 0.343333 0.000000
vt 0.346667 1.000000
vt 0.346667 0.000000
vt 0.350000 1.000000
vt 0.350000 0.000000
vt 0.353333 1.000000
vt 0.353333 0.000000
vt 0.356667 1.000000
vt 0.356667 0.000000
vt 0.360000 1.000000
vt 0.360000 0.000000
vt 0.363333 1.000000
vt 0.363333 0.000000
vt 0.366667 1.000000
vt 0.366667 0.000000
vt 0.370000 1.000000
vt 0.370000 0.000000
vt 0.373333 1.000000
vt 0.373333 0.000000
vt 0.376667 1.000000
vt 0.376667 0.000000
vt 0.380000 1.000000
vt 0.380000 0.000000
vt 0.383333 1.000000
vt 0.383333 0.000000
vt 0.386667 1.000000
vt 0.386667 0.000000
vt 0.390000 1.000000
vt 0.390000 0.000000
vt 0.393333 1.000000
vt 0.393333 0.000000
vt 0.396667 1.000000
vt 0.396667 0.000000
vt 0.400000 1.000000
vt 0.400000 0.000000
vt 0.403333 1.000000
vt 0.403333 0.000000
vt 0.406667 1.000000
vt 0.406667 0.000000
vt 0.410000 1.000000
vt 0.410000 0.000000
vt 0.413333 1.000000
vt 0.413333 0.000000
vt 0.416667 1.000000
vt 0.416667 0.000000
vt 0.420000 1.000000
vt 0.420000 0.000000
vt 0.423333 1.000000
vt 0.423333 0.000000
vt 0.426667 1.000000
vt 0.426667 0.000000
vt 0.430000 1.000000
vt 0.430000 0.000000
vt 0.433333 1.000000
vt 0.433333 0.000000
vt 0.436667 1.000000
vt 0.436667 0.000000
vt 0.440000 1.000000
vt 0.440000 0.000000
vt 0.443333 1.000000
vt 0.443333 0.000000
vt 0.446667 1.000000
vt 0.446667 0.000000
vt 0.450000 1.000000
vt 0.450000 0.000000
vt 0.453333 1.000000
vt 0.453333 0.000000
vt 0.456667 1.000000
vt 0.456667 0.000000
vt 0.460000 1.000000
vt 0.460000 0.000000
vt 0.463333 1.000000
vt 0.463333 0.000000
vt 0.466667 1.000000
vt 0.466667 0.000000
vt 0.470000 1.000000
vt 0.470000 0.000000
vt 0.473333 1.000000
vt 0.473333 0.000000
vt 0.476667 1.000000
vt 0.476667 0.000000
vt 0.480000 1.000000
vt 0.480000 0.000000
vt 0.483333 1.000000
vt 0.483333 0.000000
vt 0.486667 1.000000
vt 0.486667 0.000000
vt 0.490000 1.000000
vt 0.490000 0.000000
vt 0.493333 1.000000
vt 0.493333 0.000000
vt 0.496667 1.000000
vt 0.496667 0.000000
vt 0.500000 1.000000
vt 0.500000 0.000000
vt 0.503333 1.000000
vt 0.503333 0.000000
vt 0.506667 1.000000
vt 0.506667 0.000000
vt 0.510000 1.000000
vt 0.510000 0.000000
vt 0.513333 1.000000
vt 0.513333 0.000000
vt 0.516667 1.000000
vt 0.516667 0.000000
vt 0.520000 1.000000
vt 0.520000 0.000000
vt 0.523333 1.000000
vt 0.523333 0.000000
vt 0.526667 1.000000
vt 0.526667 0.000000
vt 0.530000 1.000000
vt 0.530000 0.000000
vt 0.533333 1.000000
vt 0.533333 0.000000
vt 0.536667 1.000000
vt 0.536667 0.000000
vt 0.540000 1.000000
vt 0.540000 0.000000
vt 0.543333 1.000000
vt 0.543333 0.000000
vt 0.546667 1.000000
vt 0.546667 0.000000
vt 0.550000 1.000000
vt 0.550000 0.000000
vt 0.553333 1.000000
vt 0.553333 0.000000
vt 0.556667 1.000000
vt 0.556667 0.000000
vt 0.560000 1.000000
vt 0.560000 0.000000
vt 0.563333 1.000000
vt 0.563333 0.000000
vt 0.566667 1.000000
vt 0.566667 0.000000
vt 0.570000 1.000000
vt 0.570000 0.000000
vt 0.573333 1.000000
vt 0.573333 0.000000
vt 0.576667 1.000000
vt 0.576667 0.000000
vt 0.580000 1.000000
vt 0.580000 0.000000
vt 0.583333 1.000000
vt 0.583333 0.000000
vt 0.586667 1.000000
vt 0.586667 0.000000
vt 0.590000 1.000000
vt 0.590000 0.000000
vt 0.593333 1.000000
vt 0.593333 0.000000
vt 0.596667 1.000000
vt 0.596667 0.000000
vt 0.600000 1.000000
vt 0.600000 0.000000
vt 0.603333 1.000000
vt 0.603333 0.000000
vt 0.606667 1.000000
vt 0.606667 0.000000
vt 0.610000 1.000000
vt 0.610000 0.000000
vt 0.613333 1.000000
vt 0.613333 0.000000
vt 0.616667 1.000000
vt 0.616667 0.000000
vt 0.620000 1.000000
vt 0.620000 0.000000
vt 0.623333 1.000000
vt 0.623333 0.000000
vt 0.626667 1.000000
vt 0.626667 0.000000
vt 0.630000 1.000000
vt 0.630000 0.000000
vt 0.633333 1.000000
vt 0.633333 0.000000
vt 0.636667 1.000000
vt 0.636667 0.000000
vt 0.640000 1.000000
vt 0.640000 0.000000
vt 0.643333 1.000000
vt 0.643333 0.000000
vt 0.646667 1.000000
vt 0.646667 0.000000
vt 0.650000 1.000000
vt 0.650000 0.000000
vt 0.653333 1.000000
vt 0.653333 0.000000
vt 0.656667 1.000000
vt 0.656667 0.000000
vt 0.660000 1.000000
vt 0.660000 0.000000
vt 0.663333 1.000000
vt 0.663333 0.000000
vt 0.666667 1.000000
vt 0.666667 0.000000
vt 0.670000 1.000000
vt 0.670000 0.000000
vt 0.673333 1.000000
vt 0.673333 0.000000
vt 0.676667 1.000000
vt 0.676667 0.000000
vt 0.680000 1.000000
vt 0.680000 0.000000
vt 0.683333 1.000000
vt 0.683333 0.000000
vt 0.686667 1.000000
vt 0.686667 0.000000
vt 0.690000 1.000000
vt 0.690000 0.000000
vt 0.693333 1.000000
vt 0.693333 0.000000
vt 0.696667 1.000000
vt 0.696667 0.000000
vt 0.700000 1.000000
vt 0.700000 0.000000
vt 0.703333 1.000000
vt 0.703333 0.000000
vt 0.706667 1.000000
vt 0.706667 0.000000
vt 0.710000 1.000000
vt 0.710000 0.000000
vt 0.713333 1.000000
vt 0.713333 0.000000
vt 0.716667 1.000000
vt 0.716667 0.000000
vt 0.720000 1.000000
vt 0.720000 0.000000
vt 0.723333 1.000000
vt 0.723333 0.000000
vt 0.726667 1.000000
vt 0.726667 0.000000
vt 0.730000 1.000000
vt 0.730000 0.000000
vt 0.733333 1.000000
vt 0.733333 0.000000
vt 0.736667 1.000000
vt 0.736667 0.000000
vt 0.740000 1.000000
vt 0.740000 0.000000
vt 0.743333 1.000000
vt 0.743333 0.000000
vt 0.746667 1.000000
vt 0.746667 0.000000
vt 0.750000 1.000000
vt 0.750000 0.000000
vt 0.753333 1.000000
vt 0.753333 0.000000
vt 0.756667 1.000000
vt 0.756667 0.000000
vt 0.760000 1.000000
vt 0.760000 0.000000
vt 0.763333 1.000000
vt 0.763333 0.000000
vt 0.766667 1.000000
vt 0.766667 0.000000
vt 0.770000 1.000000
vt 0.770000 0.000000
vt 0.773333 1.000000
vt 0.773333 0.000000
vt 0.776667 1.000000
vt 0.776667 0.000000
vt 0.780000 1.000000
vt 0.780000 0.000000
vt 0.783333 1.000000
vt 0.783333 0.000000
vt 0.786667 1.000000
vt 0.786667 0.000000
vt 0.790000 1.000000
vt 0.790000 0.000000
vt 0.793333 1.000000
vt 0.793333 0.000000
vt 0.796667 1.000000
vt 0.796667 0.000000
vt 0.800000 1.000000
vt 0.800000 0.000000
vt 0.803333 1.000000
vt 0.803333 0.000000
vt 0.806667 1.000000
vt 0.806667 0.000000
vt 0.810000 1.000000
vt 0.810000 0.000000
vt 0.813333 1.000000
vt 0.813333 0.000000
vt 0.816667 1.000000
vt 0.816667 0.000000
vt 0.820000 1.000000
vt 0.820000 0.000000
vt 0.823333 1.000000
vt 0.823333 0.000000
vt 0.826667 1.000000
vt 0.826667 0.000000
vt 0.830000 1.000000
vt 0.830000 0.000000
vt 0.833333 1.000000
vt 0.833333 0.000000
vt 0.836667 1.000000
vt 0.836667 0.000000
vt 0.840000 1.000000
vt 0.840000 0.000000
vt 0.843333 1.000000
vt 0.843333 0.000000
vt 0.846667 1.000000
vt 0.846667 0.000000
vt 0.850000 1.000000
vt 0.850000 0.000000
vt 0.853333 1.000000
vt 0.853333 0.000000
vt 0.856667 1.000000
vt 0.856667 0.000000
vt 0.860000 1.000000
vt 0.860000 0.000000
vt 0.863333 1.000000
vt 0.863333 0.000000
vt 0.866667 1.000000
vt 0.866667 0.000000
vt 0.870000 1.000000
vt 0.870000 0.000000
vt 0.873333 1.000000
vt 0.873333 0.000000
vt 0.876667 1.000000
vt 0.876667 0.000000
vt 0.880000 1.000000
vt 0.880000 0.000000
vt 0.883333 1.000000
vt 0.883333 0.000000
vt 0.886667 1.000000
vt 0.886667 0.000000
vt 0.890000 1.000000
vt 0.890000 0.000000
vt 0.893333 1.000000
vt 0.893333 0.000000
vt 0.896667 1.000000
vt 0.896667 0.000000
vt 0.900000 1.000000
vt 0.900000 0.000000
vt 0.903333 1.000000
vt 0.903333 0.000000
vt 0.906667 1.000000
vt 0.906667 0.000000
vt 0.910000 1.000000
vt 0.910000 0.000000
vt 0.913333 1.000000
vt 0.913333 0.000000
vt 0.916667 1.000000
vt 0.916667 0.000000
vt 0.920000 1.000000
vt 0.920000 0.000000
vt 0.923333 1.000000
vt 0.923333 0.000000
vt 0.926667 1.000000
vt 0.926667 0.000000
vt 0.930000 1.000000
vt 0.930000 0.000000
vt 0.933333 1.000000
vt 0.933333 0.000000
vt 0.936667 1.000000
vt 0.936667 0.000000
vt 0.940000 1.000000
vt 0.940000 0.000000
vt 0.943333 1.000000
vt 0.943333 0.000000
vt 0.946667 1.000000
vt 0.946667 0.000000
vt 0.950000 1.000000
vt 0.950000 0.000000
vt 0.953333 1.000000
vt 0.953333 0.000000
vt 0.956667 1.000000
vt 0.956667 0.000000
vt 0.960000 1.000000
vt 0.960000 0.000000
vt 0.963333 1.000000
vt 0.963333 0.000000
vt 0.966667 1.000000
vt 0.966667 0.000000
vt 0.970000 1.000000
vt 0.970000 0.000000
vt 0.973333 1.000000
vt 0.973333 0.000000
vt 0.976667 1.000000
vt 0.976667 0.000000
vt 0.980000 1.000000
vt 0.980000 0.000000
vt 0.983333 1.000000
vt 0.983333 0.000000
vt 0.986667 1.000000
vt 0.986667 0.000000
vt 0.990000 1.000000
vt 0.990000 0.000000
vt 0.993333 1.000000
vt 0.993333 0.000000
vt 0.996667 1.000000
vt 0.996667 0.000000
vt 1.000000 1.000000
s 0
usemtl SVGMat.002
f 3847/2357/255 3849/2358/255 3848/2359/255
f 3846/2360/255 3849/2358/255 3847/2357/255
f 3846/2360/255 3850/2361/255 3849/2358/255
f 3845/2362/255 3850/2361/255 3846/2360/255
f 3845/2362/255 3851/2363/255 3850/2361/255
f 3844/2364/255 3851/2363/255 3845/2362/255
f 3844/2364/255 3852/2365/255 3851/2363/255
f 3843/2366/255 3852/2365/255 3844/2364/255
f 3843/2366/255 3853/2367/255 3852/2365/255
f 3842/2368/255 3853/2367/255 3843/2366/255
f 3842/2368/255 3854/2369/255 3853/2367/255
f 3841/2370/255 3854/2369/255 3842/2368/255
f 3841/2370/255 3855/2371/255 3854/2369/255
f 3840/2372/255 3691/2373/255 3841/2370/255
f 3691/2373/255 3690/2374/255 3841/2370/255
f 3690/2374/255 3689/2375/255 3841/2370/255
f 3689/2375/255 3855/2371/255 3841/2370/255
f 3689/2375/255 3648/2376/255 3855/2371/255
f 3648/2376/255 3647/2377/255 3855/2371/255
f 3647/2377/255 3646/2378/255 3855/2371/255
f 3646/2378/255 3645/2379/255 3855/2371/255
f 3645/2379/255 3856/2380/255 3855/2371/255
f 3689/2375/255 3649/2381/255 3648/2376/255
f 3688/2382/255 3649/2381/255 3689/2375/255
f 3687/2383/255 3649/2381/255 3688/2382/255
f 3687/2383/255 3650/2384/255 3649/2381/255
f 3686/2385/255 3650/2384/255 3687/2383/255
f 3644/2386/255 3856/2380/255 3645/2379/255
f 3840/2372/255 3692/2387/255 3691/2373/255
f 3840/2372/255 3693/2388/255 3692/2387/255
f 3643/2389/255 3856/2380/255 3644/2386/255
f 3686/2385/255 3651/2390/255 3650/2384/255
f 3685/2391/255 3651/2390/255 3686/2385/255
f 3685/2391/255 3652/2392/255 3651/2390/255
f 3684/2393/255 3652/2392/255 3685/2391/255
f 3684/2393/255 3653/2394/255 3652/2392/255
f 3683/2395/255 3653/2394/255 3684/2393/255
f 3683/2395/255 3654/2396/255 3653/2394/255
f 3682/2397/255 3654/2396/255 3683/2395/255
f 3840/2372/255 3694/2398/255 3693/2388/255
f 3642/2399/255 3856/2380/255 3643/2389/255
f 3682/2397/255 3655/2400/255 3654/2396/255
f 3681/2401/255 3669/2402/255 3682/2397/255
f 3669/2402/255 3668/2403/255 3682/2397/255
f 3668/2403/255 3667/2404/255 3682/2397/255
f 3667/2404/255 3655/2400/255 3682/2397/255
f 3840/2372/255 3695/2405/255 3694/2398/255
f 3641/2406/255 3856/2380/255 3642/2399/255
f 3666/2407/255 3655/2400/255 3667/2404/255
f 3681/2401/255 3670/2408/255 3669/2402/255
f 3665/2409/255 3655/2400/255 3666/2407/255
f 3681/2401/255 3671/2410/255 3670/2408/255
f 3664/2411/255 3655/2400/255 3665/2409/255
f 3681/2401/255 3672/2412/255 3671/2410/255
f 3663/2413/255 3655/2400/255 3664/2411/255
f 3681/2401/255 3673/2414/255 3672/2412/255
f 3663/2413/255 3662/2415/255 3655/2400/255
f 3662/2415/255 3661/2416/255 3655/2400/255
f 3661/2416/255 3660/2417/255 3655/2400/255
f 3660/2417/255 3659/2418/255 3655/2400/255
f 3659/2418/255 3658/2419/255 3655/2400/255
f 3658/2419/255 3657/2420/255 3655/2400/255
f 3657/2420/255 3656/2421/255 3655/2400/255
f 3680/2422/255 3679/2423/255 3681/2401/255
f 3679/2423/255 3678/2424/255 3681/2401/255
f 3678/2424/255 3677/2425/255 3681/2401/255
f 3677/2425/255 3676/2426/255 3681/2401/255
f 3676/2426/255 3675/2427/255 3681/2401/255
f 3675/2427/255 3674/2428/255 3681/2401/255
f 3674/2428/255 3673/2414/255 3681/2401/255
f 3839/2429/255 3695/2405/255 3840/2372/255
f 3641/2406/255 3857/2430/255 3856/2380/255
f 3839/2429/255 3696/2431/255 3695/2405/255
f 3640/2432/255 3857/2430/255 3641/2406/255
f 3839/2429/255 3697/2433/255 3696/2431/255
f 3639/2434/255 3857/2430/255 3640/2432/255
f 3839/2429/255 3698/2435/255 3697/2433/255
f 3638/2436/255 3857/2430/255 3639/2434/255
f 3839/2429/255 3699/2437/255 3698/2435/255
f 3637/2438/255 3857/2430/255 3638/2436/255
f 3839/2429/255 3700/2439/255 3699/2437/255
f 3636/2440/255 3857/2430/255 3637/2438/255
f 3838/2441/255 3700/2439/255 3839/2429/255
f 3636/2440/255 3858/2442/255 3857/2430/255
f 3838/2441/255 3701/2443/255 3700/2439/255
f 3635/2444/255 3858/2442/255 3636/2440/255
f 3838/2441/255 3702/2445/255 3701/2443/255
f 3634/2446/255 3858/2442/255 3635/2444/255
f 3838/2441/255 3703/2447/255 3702/2445/255
f 3633/2448/255 3858/2442/255 3634/2446/255
f 3838/2441/255 3704/2449/255 3703/2447/255
f 3632/2450/255 3858/2442/255 3633/2448/255
f 3838/2441/255 3705/2451/255 3704/2449/255
f 3631/2452/255 3858/2442/255 3632/2450/255
f 3630/2453/255 3858/2442/255 3631/2452/255
f 3838/2441/255 3706/2454/255 3705/2451/255
f 3629/2455/255 3858/2442/255 3630/2453/255
f 3838/2441/255 3707/2456/255 3706/2454/255
f 3837/2457/255 3707/2456/255 3838/2441/255
f 3629/2455/255 3859/2458/255 3858/2442/255
f 3628/2459/255 3859/2458/255 3629/2455/255
f 3837/2457/255 3708/2460/255 3707/2456/255
f 3627/2461/255 3859/2458/255 3628/2459/255
f 3837/2457/255 3709/2462/255 3708/2460/255
f 3626/2463/255 3859/2458/255 3627/2461/255
f 3837/2457/255 3710/2464/255 3709/2462/255
f 3625/2465/255 3859/2458/255 3626/2463/255
f 3837/2457/255 3711/2466/255 3710/2464/255
f 3624/2467/255 3859/2458/255 3625/2465/255
f 3837/2457/255 3712/2468/255 3711/2466/255
f 3623/2469/255 3859/2458/255 3624/2467/255
f 3837/2457/255 3713/2470/255 3712/2468/255
f 3836/2471/255 3713/2470/255 3837/2457/255
f 3623/2469/255 3860/2472/255 3859/2458/255
f 3622/2473/255 3860/2472/255 3623/2469/255
f 3836/2471/255 3714/2474/255 3713/2470/255
f 3621/2475/255 3860/2472/255 3622/2473/255
f 3836/2471/255 3715/2476/255 3714/2474/255
f 3620/2477/255 3860/2472/255 3621/2475/255
f 3836/2471/255 3716/2478/255 3715/2476/255
f 3836/2471/255 3717/2479/255 3716/2478/255
f 3619/2480/255 3860/2472/255 3620/2477/255
f 3835/2481/255 3717/2479/255 3836/2471/255
f 3619/2480/255 3561/2482/255 3860/2472/255
f 3835/2481/255 3718/2483/255 3717/2479/255
f 3618/2484/255 3561/2482/255 3619/2480/255
f 3618/2484/255 3562/2485/255 3561/2482/255
f 3834/2486/255 3718/2483/255 3835/2481/255
f 3834/2486/255 3719/2487/255 3718/2483/255
f 3617/2488/255 3562/2485/255 3618/2484/255
f 3834/2486/255 3720/2489/255 3719/2487/255
f 3616/2490/255 3562/2485/255 3617/2488/255
f 3616/2490/255 3563/2491/255 3562/2485/255
f 3833/2492/255 3720/2489/255 3834/2486/255
f 3833/2492/255 3721/2493/255 3720/2489/255
f 3615/2494/255 3563/2491/255 3616/2490/255
f 3833/2492/255 3722/2495/255 3721/2493/255
f 3614/2496/255 3563/2491/255 3615/2494/255
f 3614/2496/255 3564/2497/255 3563/2491/255
f 3832/2498/255 3722/2495/255 3833/2492/255
f 3832/2498/255 3723/2499/255 3722/2495/255
f 3613/2500/255 3564/2497/255 3614/2496/255
f 3832/2498/255 3765/2501/255 3723/2499/255
f 3765/2501/255 3764/2502/255 3723/2499/255
f 3764/2502/255 3724/2503/255 3723/2499/255
f 3612/2504/255 3564/2497/255 3613/2500/255
f 3764/2502/255 3725/2505/255 3724/2503/255
f 3611/2506/255 3564/2497/255 3612/2504/255
f 3763/2507/255 3725/2505/255 3764/2502/255
f 3762/2508/255 3725/2505/255 3763/2507/255
f 3832/2498/255 3766/2509/255 3765/2501/255
f 3832/2498/255 3767/2510/255 3766/2509/255
f 3761/2511/255 3725/2505/255 3762/2508/255
f 3832/2498/255 3768/2512/255 3767/2510/255
f 3760/2513/255 3725/2505/255 3761/2511/255
f 3832/2498/255 3769/2514/255 3768/2512/255
f 3760/2513/255 3726/2515/255 3725/2505/255
f 3610/2516/255 3564/2497/255 3611/2506/255
f 3759/2517/255 3726/2515/255 3760/2513/255
f 3832/2498/255 3770/2518/255 3769/2514/255
f 3610/2516/255 3565/2519/255 3564/2497/255
f 3831/2520/255 3770/2518/255 3832/2498/255
f 3831/2520/255 3771/2521/255 3770/2518/255
f 3758/2522/255 3726/2515/255 3759/2517/255
f 3758/2522/255 3727/2523/255 3726/2515/255
f 3609/2524/255 3565/2519/255 3610/2516/255
f 3831/2520/255 3772/2525/255 3771/2521/255
f 3757/2526/255 3727/2523/255 3758/2522/255
f 3831/2520/255 3773/2527/255 3772/2525/255
f 3757/2526/255 3728/2528/255 3727/2523/255
f 3608/2529/255 3565/2519/255 3609/2524/255
f 3831/2520/255 3774/2530/255 3773/2527/255
f 3756/2531/255 3728/2528/255 3757/2526/255
f 3756/2531/255 3729/2532/255 3728/2528/255
f 3607/2533/255 3565/2519/255 3608/2529/255
f 3831/2520/255 3775/2534/255 3774/2530/255
f 3756/2531/255 3730/2535/255 3729/2532/255
f 3606/2536/255 3565/2519/255 3607/2533/255
f 3831/2520/255 3776/2537/255 3775/2534/255
f 3755/2538/255 3730/2535/255 3756/2531/255
f 3755/2538/255 3731/2539/255 3730/2535/255
f 3831/2520/255 3777/2540/255 3776/2537/255
f 3605/2541/255 3565/2519/255 3606/2536/255
f 3831/2520/255 3778/2542/255 3777/2540/255
f 3755/2538/255 3732/2543/255 3731/2539/255
f 3754/2544/255 3732/2543/255 3755/2538/255
f 3604/2545/255 3565/2519/255 3605/2541/255
f 3754/2544/255 3733/2546/255 3732/2543/255
f 3831/2520/255 3779/2547/255 3778/2542/255
f 3753/2548/255 3733/2546/255 3754/2544/255
f 3603/2549/255 3565/2519/255 3604/2545/255
f 3753/2548/255 3734/2550/255 3733/2546/255
f 3752/2551/255 3734/2550/255 3753/2548/255
f 3831/2520/255 3780/2552/255 3779/2547/255
f 3751/2553/255 3734/2550/255 3752/2551/255
f 3751/2553/255 3735/2554/255 3734/2550/255
f 3602/2555/255 3565/2519/255 3603/2549/255
f 3831/2520/255 3781/2556/255 3780/2552/255
f 3602/2555/255 3566/2557/255 3565/2519/255
f 3751/2553/255 3736/2558/255 3735/2554/255
f 3830/2559/255 3781/2556/255 3831/2520/255
f 3601/2560/255 3566/2557/255 3602/2555/255
f 3830/2559/255 3782/2561/255 3781/2556/255
f 3751/2553/255 3737/2562/255 3736/2558/255
f 3830/2559/255 3783/2563/255 3782/2561/255
f 3600/2564/255 3566/2557/255 3601/2560/255
f 3750/2565/255 3737/2562/255 3751/2553/255
f 3750/2565/255 3738/2566/255 3737/2562/255
f 3830/2559/255 3784/2567/255 3783/2563/255
f 3599/2568/255 3566/2557/255 3600/2564/255
f 3750/2565/255 3739/2569/255 3738/2566/255
f 3749/2570/255 3739/2569/255 3750/2565/255
f 3830/2559/255 3785/2571/255 3784/2567/255
f 3749/2570/255 3740/2572/255 3739/2569/255
f 3598/2573/255 3566/2557/255 3599/2568/255
f 3830/2559/255 3786/2574/255 3785/2571/255
f 3748/2575/255 3740/2572/255 3749/2570/255
f 3748/2575/255 3741/2576/255 3740/2572/255
f 3830/2559/255 3787/2577/255 3786/2574/255
f 3748/2575/255 3742/2578/255 3741/2576/255
f 3597/2579/255 3566/2557/255 3598/2573/255
f 3747/2580/255 3742/2578/255 3748/2575/255
f 3747/2580/255 3743/2581/255 3742/2578/255
f 3830/2559/255 3788/2582/255 3787/2577/255
f 3597/2579/255 3567/2583/255 3566/2557/255
f 3829/2584/255 3788/2582/255 3830/2559/255
f 3747/2580/255 3744/2585/255 3743/2581/255
f 3746/2586/255 3744/2585/255 3747/2580/255
f 3829/2584/255 3789/2587/255 3788/2582/255
f 3746/2586/255 3745/2588/255 3744/2585/255
f 3596/2589/255 3567/2583/255 3597/2579/255
f 3829/2584/255 3790/2590/255 3789/2587/255
f 3595/2591/255 3567/2583/255 3596/2589/255
f 3829/2584/255 3791/2592/255 3790/2590/255
f 3829/2584/255 3792/2593/255 3791/2592/255
f 3594/2594/255 3567/2583/255 3595/2591/255
f 3829/2584/255 3793/2595/255 3792/2593/255
f 3594/2594/255 3568/2596/255 3567/2583/255
f 3828/2597/255 3793/2595/255 3829/2584/255
f 3828/2597/255 3794/2598/255 3793/2595/255
f 3593/2599/255 3568/2596/255 3594/2594/255
f 3828/2597/255 3795/2600/255 3794/2598/255
f 3828/2597/255 3796/2601/255 3795/2600/255
f 3799/2602/255 3801/2603/255 3800/2604/255
f 3828/2597/255 3797/2605/255 3796/2601/255
f 3592/2606/255 3568/2596/255 3593/2599/255
f 3798/2607/255 3801/2603/255 3799/2602/255
f 3828/2597/255 3798/2607/255 3797/2605/255
f 3828/2597/255 3801/2603/255 3798/2607/255
f 3828/2597/255 3802/2608/255 3801/2603/255
f 3592/2606/255 3569/2609/255 3568/2596/255
f 3827/2610/255 3802/2608/255 3828/2597/255
f 3591/2611/255 3569/2609/255 3592/2606/255
f 3827/2610/255 3803/2612/255 3802/2608/255
f 3827/2610/255 3804/2613/255 3803/2612/255
f 3590/2614/255 3569/2609/255 3591/2611/255
f 3827/2610/255 3805/2615/255 3804/2613/255
f 3589/2616/255 3569/2609/255 3590/2614/255
f 3589/2616/255 3570/2617/255 3569/2609/255
f 3826/2618/255 3805/2615/255 3827/2610/255
f 3826/2618/255 3806/2619/255 3805/2615/255
f 3588/2620/255 3570/2617/255 3589/2616/255
f 3826/2618/255 3807/2621/255 3806/2619/255
f 3587/2622/255 3570/2617/255 3588/2620/255
f 3826/2618/255 3808/2623/255 3807/2621/255
f 3826/2618/255 3809/2624/255 3808/2623/255
f 3586/2625/255 3570/2617/255 3587/2622/255
f 3586/2625/255 3571/2626/255 3570/2617/255
f 3825/2627/255 3809/2624/255 3826/2618/255
f 3825/2627/255 3810/2628/255 3809/2624/255
f 3585/2629/255 3571/2626/255 3586/2625/255
f 3825/2627/255 3811/2630/255 3810/2628/255
f 3584/2631/255 3571/2626/255 3585/2629/255
f 3825/2627/255 3812/2632/255 3811/2630/255
f 3825/2627/255 3813/2633/255 3812/2632/255
f 3583/2634/255 3571/2626/255 3584/2631/255
f 3825/2627/255 3814/2635/255 3813/2633/255
f 3582/2636/255 3571/2626/255 3583/2634/255
f 3582/2636/255 3572/2637/255 3571/2626/255
f 3824/2638/255 3814/2635/255 3825/2627/255
f 3824/2638/255 3815/2639/255 3814/2635/255
f 3581/2640/255 3572/2637/255 3582/2636/255
f 3824/2638/255 3816/2641/255 3815/2639/255
f 3580/2642/255 3572/2637/255 3581/2640/255
f 3824/2638/255 3817/2643/255 3816/2641/255
f 3579/2644/255 3572/2637/255 3580/2642/255
f 3824/2638/255 3818/2645/255 3817/2643/255
f 3578/2646/255 3572/2637/255 3579/2644/255
f 3824/2638/255 3819/2647/255 3818/2645/255
f 3577/2648/255 3572/2637/255 3578/2646/255
f 3824/2638/255 3820/2649/255 3819/2647/255
f 3576/2650/255 3572/2637/255 3577/2648/255
f 3824/2638/255 3821/2651/255 3820/2649/255
f 3575/2652/255 3572/2637/255 3576/2650/255
f 3824/2638/255 3822/2653/255 3821/2651/255
f 3823/2654/255 3822/2653/255 3824/2638/255
f 3575/2652/255 3573/2655/255 3572/2637/255
f 3574/2656/255 3573/2655/255 3575/2652/255
f 4147/2357/256 4148/2359/256 4149/2358/256
f 4146/2360/256 4147/2357/256 4149/2358/256
f 4146/2360/256 4149/2358/256 4150/2361/256
f 4145/2362/256 4146/2360/256 4150/2361/256
f 4145/2362/256 4150/2361/256 4151/2363/256
f 4144/2364/256 4145/2362/256 4151/2363/256
f 4144/2364/256 4151/2363/256 4152/2365/256
f 4143/2366/256 4144/2364/256 4152/2365/256
f 4143/2366/256 4152/2365/256 4153/2367/256
f 4142/2368/256 4143/2366/256 4153/2367/256
f 4142/2368/256 4153/2367/256 4154/2369/256
f 4141/2370/256 4142/2368/256 4154/2369/256
f 4141/2370/256 4154/2369/256 4155/2371/256
f 4140/2372/256 4141/2370/256 3991/2373/256
f 3991/2373/256 4141/2370/256 3990/2374/256
f 3990/2374/256 4141/2370/256 3989/2375/256
f 3989/2375/256 4141/2370/256 4155/2371/256
f 3989/2375/256 4155/2371/256 3948/2376/256
f 3948/2376/256 4155/2371/256 3947/2377/256
f 3947/2377/256 4155/2371/256 3946/2378/256
f 3946/2378/256 4155/2371/256 3945/2379/256
f 3945/2379/256 4155/2371/256 4156/2380/256
f 3989/2375/256 3948/2376/256 3949/2381/256
f 3988/2382/256 3989/2375/256 3949/2381/256
f 3987/2383/256 3988/2382/256 3949/2381/256
f 3987/2383/256 3949/2381/256 3950/2384/256
f 3986/2385/256 3987/2383/256 3950/2384/256
f 3944/2386/256 3945/2379/256 4156/2380/256
f 4140/2372/256 3991/2373/256 3992/2387/256
f 4140/2372/256 3992/2387/256 3993/2388/256
f 3943/2389/256 3944/2386/256 4156/2380/256
f 3986/2385/256 3950/2384/256 3951/2390/256
f 3985/2391/256 3986/2385/256 3951/2390/256
f 3985/2391/256 3951/2390/256 3952/2392/256
f 3984/2393/256 3985/2391/256 3952/2392/256
f 3984/2393/256 3952/2392/256 3953/2394/256
f 3983/2395/256 3984/2393/256 3953/2394/256
f 3983/2395/256 3953/2394/256 3954/2396/256
f 3982/2397/256 3983/2395/256 3954/2396/256
f 4140/2372/256 3993/2388/256 3994/2398/256
f 3942/2399/256 3943/2389/256 4156/2380/256
f 3982/2397/256 3954/2396/256 3955/2400/256
f 3981/2401/256 3982/2397/256 3969/2402/256
f 3969/2402/256 3982/2397/256 3968/2403/256
f 3968/2403/256 3982/2397/256 3967/2404/256
f 3967/2404/256 3982/2397/256 3955/2400/256
f 4140/2372/256 3994/2398/256 3995/2405/256
f 3941/2406/256 3942/2399/256 4156/2380/256
f 3966/2407/256 3967/2404/256 3955/2400/256
f 3981/2401/256 3969/2402/256 3970/2408/256
f 3965/2409/256 3966/2407/256 3955/2400/256
f 3981/2401/256 3970/2408/256 3971/2410/256
f 3964/2411/256 3965/2409/256 3955/2400/256
f 3981/2401/256 3971/2410/256 3972/2412/256
f 3963/2413/256 3964/2411/256 3955/2400/256
f 3981/2401/256 3972/2412/256 3973/2414/256
f 3963/2413/256 3955/2400/256 3962/2415/256
f 3962/2415/256 3955/2400/256 3961/2416/256
f 3961/2416/256 3955/2400/256 3960/2417/256
f 3960/2417/256 3955/2400/256 3959/2418/256
f 3959/2418/256 3955/2400/256 3958/2419/256
f 3958/2419/256 3955/2400/256 3957/2420/256
f 3957/2420/256 3955/2400/256 3956/2421/256
f 3980/2422/256 3981/2401/256 3979/2423/256
f 3979/2423/256 3981/2401/256 3978/2424/256
f 3978/2424/256 3981/2401/256 3977/2425/256
f 3977/2425/256 3981/2401/256 3976/2426/256
f 3976/2426/256 3981/2401/256 3975/2427/256
f 3975/2427/256 3981/2401/256 3974/2428/256
f 3974/2428/256 3981/2401/256 3973/2414/256
f 4139/2429/256 4140/2372/256 3995/2405/256
f 3941/2406/256 4156/2380/256 4157/2430/256
f 4139/2429/256 3995/2405/256 3996/2431/256
f 3940/2432/256 3941/2406/256 4157/2430/256
f 4139/2429/256 3996/2431/256 3997/2433/256
f 3939/2434/256 3940/2432/256 4157/2430/256
f 4139/2429/256 3997/2433/256 3998/2435/256
f 3938/2436/256 3939/2434/256 4157/2430/256
f 4139/2429/256 3998/2435/256 3999/2437/256
f 3937/2438/256 3938/2436/256 4157/2430/256
f 4139/2429/256 3999/2437/256 4000/2439/256
f 3936/2440/256 3937/2438/256 4157/2430/256
f 4138/2441/256 4139/2429/256 4000/2439/256
f 3936/2440/256 4157/2430/256 4158/2442/256
f 4138/2441/256 4000/2439/256 4001/2443/256
f 3935/2444/256 3936/2440/256 4158/2442/256
f 4138/2441/256 4001/2443/256 4002/2445/256
f 3934/2446/256 3935/2444/256 4158/2442/256
f 4138/2441/256 4002/2445/256 4003/2447/256
f 3933/2448/256 3934/2446/256 4158/2442/256
f 4138/2441/256 4003/2447/256 4004/2449/256
f 3932/2450/256 3933/2448/256 4158/2442/256
f 4138/2441/256 4004/2449/256 4005/2451/256
f 3931/2452/256 3932/2450/256 4158/2442/256
f 3930/2453/256 3931/2452/256 4158/2442/256
f 4138/2441/256 4005/2451/256 4006/2454/256
f 3929/2455/256 3930/2453/256 4158/2442/256
f 4138/2441/256 4006/2454/256 4007/2456/256
f 4137/2457/256 4138/2441/256 4007/2456/256
f 3929/2455/256 4158/2442/256 4159/2458/256
f 3928/2459/256 3929/2455/256 4159/2458/256
f 4137/2457/256 4007/2456/256 4008/2460/256
f 3927/2461/256 3928/2459/256 4159/2458/256
f 4137/2457/256 4008/2460/256 4009/2462/256
f 3926/2463/256 3927/2461/256 4159/2458/256
f 4137/2457/256 4009/2462/256 4010/2464/256
f 3925/2465/256 3926/2463/256 4159/2458/256
f 4137/2457/256 4010/2464/256 4011/2466/256
f 3924/2467/256 3925/2465/256 4159/2458/256
f 4137/2457/256 4011/2466/256 4012/2468/256
f 3923/2469/256 3924/2467/256 4159/2458/256
f 4137/2457/256 4012/2468/256 4013/2470/256
f 4136/2471/256 4137/2457/256 4013/2470/256
f 3923/2469/256 4159/2458/256 4160/2472/256
f 3922/2473/256 3923/2469/256 4160/2472/256
f 4136/2471/256 4013/2470/256 4014/2474/256
f 3921/2475/256 3922/2473/256 4160/2472/256
f 4136/2471/256 4014/2474/256 4015/2476/256
f 3920/2477/256 3921/2475/256 4160/2472/256
f 4136/2471/256 4015/2476/256 4016/2478/256
f 4136/2471/256 4016/2478/256 4017/2479/256
f 3919/2480/256 3920/2477/256 4160/2472/256
f 4135/2481/256 4136/2471/256 4017/2479/256
f 3919/2480/256 4160/2472/256 3861/2482/256
f 4135/2481/256 4017/2479/256 4018/2483/256
f 3918/2484/256 3919/2480/256 3861/2482/256
f 3918/2484/256 3861/2482/256 3862/2485/256
f 4134/2486/256 4135/2481/256 4018/2483/256
f 4134/2486/256 4018/2483/256 4019/2487/256
f 3917/2488/256 3918/2484/256 3862/2485/256
f 4134/2486/256 4019/2487/256 4020/2489/256
f 3916/2490/256 3917/2488/256 3862/2485/256
f 3916/2490/256 3862/2485/256 3863/2491/256
f 4133/2492/256 4134/2486/256 4020/2489/256
f 4133/2492/256 4020/2489/256 4021/2493/256
f 3915/2494/256 3916/2490/256 3863/2491/256
f 4133/2492/256 4021/2493/256 4022/2495/256
f 3914/2496/256 3915/2494/256 3863/2491/256
f 3914/2496/256 3863/2491/256 3864/2497/256
f 4132/2498/256 4133/2492/256 4022/2495/256
f 4132/2498/256 4022/2495/256 4023/2499/256
f 3913/2500/256 3914/2496/256 3864/2497/256
f 4132/2498/256 4023/2499/256 4065/2501/256
f 4065/2501/256 4023/2499/256 4064/2502/256
f 4064/2502/256 4023/2499/256 4024/2503/256
f 3912/2504/256 3913/2500/256 3864/2497/256
f 4064/2502/256 4024/2503/256 4025/2505/256
f 3911/2506/256 3912/2504/256 3864/2497/256
f 4063/2507/256 4064/2502/256 4025/2505/256
f 4062/2508/256 4063/2507/256 4025/2505/256
f 4132/2498/256 4065/2501/256 4066/2509/256
f 4132/2498/256 4066/2509/256 4067/2510/256
f 4061/2511/256 4062/2508/256 4025/2505/256
f 4132/2498/256 4067/2510/256 4068/2512/256
f 4060/2513/256 4061/2511/256 4025/2505/256
f 4132/2498/256 4068/2512/256 4069/2514/256
f 4060/2513/256 4025/2505/256 4026/2515/256
f 3910/2516/256 3911/2506/256 3864/2497/256
f 4059/2517/256 4060/2513/256 4026/2515/256
f 4132/2498/256 4069/2514/256 4070/2518/256
f 3910/2516/256 3864/2497/256 3865/2519/256
f 4131/2520/256 4132/2498/256 4070/2518/256
f 4131/2520/256 4070/2518/256 4071/2521/256
f 4058/2522/256 4059/2517/256 4026/2515/256
f 4058/2522/256 4026/2515/256 4027/2523/256
f 3909/2524/256 3910/2516/256 3865/2519/256
f 4131/2520/256 4071/2521/256 4072/2525/256
f 4057/2526/256 4058/2522/256 4027/2523/256
f 4131/2520/256 4072/2525/256 4073/2527/256
f 4057/2526/256 4027/2523/256 4028/2528/256
f 3908/2529/256 3909/2524/256 3865/2519/256
f 4131/2520/256 4073/2527/256 4074/2530/256
f 4056/2531/256 4057/2526/256 4028/2528/256
f 4056/2531/256 4028/2528/256 4029/2532/256
f 3907/2533/256 3908/2529/256 3865/2519/256
f 4131/2520/256 4074/2530/256 4075/2534/256
f 4056/2531/256 4029/2532/256 4030/2535/256
f 3906/2536/256 3907/2533/256 3865/2519/256
f 4131/2520/256 4075/2534/256 4076/2537/256
f 4055/2538/256 4056/2531/256 4030/2535/256
f 4055/2538/256 4030/2535/256 4031/2539/256
f 4131/2520/256 4076/2537/256 4077/2540/256
f 3905/2541/256 3906/2536/256 3865/2519/256
f 4131/2520/256 4077/2540/256 4078/2542/256
f 4055/2538/256 4031/2539/256 4032/2543/256
f 4054/2544/256 4055/2538/256 4032/2543/256
f 3904/2545/256 3905/2541/256 3865/2519/256
f 4054/2544/256 4032/2543/256 4033/2546/256
f 4131/2520/256 4078/2542/256 4079/2547/256
f 4053/2548/256 4054/2544/256 4033/2546/256
f 3903/2549/256 3904/2545/256 3865/2519/256
f 4053/2548/256 4033/2546/256 4034/2550/256
f 4052/2551/256 4053/2548/256 4034/2550/256
f 4131/2520/256 4079/2547/256 4080/2552/256
f 4051/2553/256 4052/2551/256 4034/2550/256
f 4051/2553/256 4034/2550/256 4035/2554/256
f 3902/2555/256 3903/2549/256 3865/2519/256
f 4131/2520/256 4080/2552/256 4081/2556/256
f 3902/2555/256 3865/2519/256 3866/2557/256
f 4051/2553/256 4035/2554/256 4036/2558/256
f 4130/2559/256 4131/2520/256 4081/2556/256
f 3901/2560/256 3902/2555/256 3866/2557/256
f 4130/2559/256 4081/2556/256 4082/2561/256
f 4051/2553/256 4036/2558/256 4037/2562/256
f 4130/2559/256 4082/2561/256 4083/2563/256
f 3900/2564/256 3901/2560/256 3866/2557/256
f 4050/2565/256 4051/2553/256 4037/2562/256
f 4050/2565/256 4037/2562/256 4038/2566/256
f 4130/2559/256 4083/2563/256 4084/2567/256
f 3899/2568/256 3900/2564/256 3866/2557/256
f 4050/2565/256 4038/2566/256 4039/2569/256
f 4049/2570/256 4050/2565/256 4039/2569/256
f 4130/2559/256 4084/2567/256 4085/2571/256
f 4049/2570/256 4039/2569/256 4040/2572/256
f 3898/2573/256 3899/2568/256 3866/2557/256
f 4130/2559/256 4085/2571/256 4086/2574/256
f 4048/2575/256 4049/2570/256 4040/2572/256
f 4048/2575/256 4040/2572/256 4041/2576/256
f 4130/2559/256 4086/2574/256 4087/2577/256
f 4048/2575/256 4041/2576/256 4042/2578/256
f 3897/2579/256 3898/2573/256 3866/2557/256
f 4047/2580/256 4048/2575/256 4042/2578/256
f 4047/2580/256 4042/2578/256 4043/2581/256
f 4130/2559/256 4087/2577/256 4088/2582/256
f 3897/2579/256 3866/2557/256 3867/2583/256
f 4129/2584/256 4130/2559/256 4088/2582/256
f 4047/2580/256 4043/2581/256 4044/2585/256
f 4046/2586/256 4047/2580/256 4044/2585/256
f 4129/2584/256 4088/2582/256 4089/2587/256
f 4046/2586/256 4044/2585/256 4045/2588/256
f 3896/2589/256 3897/2579/256 3867/2583/256
f 4129/2584/256 4089/2587/256 4090/2590/256
f 3895/2591/256 3896/2589/256 3867/2583/256
f 4129/2584/256 4090/2590/256 4091/2592/256
f 4129/2584/256 4091/2592/256 4092/2593/256
f 3894/2594/256 3895/2591/256 3867/2583/256
f 4129/2584/256 4092/2593/256 4093/2595/256
f 3894/2594/256 3867/2583/256 3868/2596/256
f 4128/2597/256 4129/2584/256 4093/2595/256
f 4128/2597/256 4093/2595/256 4094/2598/256
f 3893/2599/256 3894/2594/256 3868/2596/256
f 4128/2597/256 4094/2598/256 4095/2600/256
f 4128/2597/256 4095/2600/256 4096/2601/256
f 4099/2602/256 4100/2604/256 4101/2603/256
f 4128/2597/256 4096/2601/256 4097/2605/256
f 3892/2606/256 3893/2599/256 3868/2596/256
f 4098/2607/256 4099/2602/256 4101/2603/256
f 4128/2597/256 4097/2605/256 4098/2607/256
f 4128/2597/256 4098/2607/256 4101/2603/256
f 4128/2597/256 4101/2603/256 4102/2608/256
f 3892/2606/256 3868/2596/256 3869/2609/256
f 4127/2610/256 4128/2597/256 4102/2608/256
f 3891/2611/256 3892/2606/256 3869/2609/256
f 4127/2610/256 4102/2608/256 4103/2612/256
f 4127/2610/256 4103/2612/256 4104/2613/256
f 3890/2614/256 3891/2611/256 3869/2609/256
f 4127/2610/256 4104/2613/256 4105/2615/256
f 3889/2616/256 3890/2614/256 3869/2609/256
f 3889/2616/256 3869/2609/256 3870/2617/256
f 4126/2618/256 4127/2610/256 4105/2615/256
f 4126/2618/256 4105/2615/256 4106/2619/256
f 3888/2620/256 3889/2616/256 3870/2617/256
f 4126/2618/256 4106/2619/256 4107/2621/256
f 3887/2622/256 3888/2620/256 3870/2617/256
f 4126/2618/256 4107/2621/256 4108/2623/256
f 4126/2618/256 4108/2623/256 4109/2624/256
f 3886/2625/256 3887/2622/256 3870/2617/256
f 3886/2625/256 3870/2617/256 3871/2626/256
f 4125/2627/256 4126/2618/256 4109/2624/256
f 4125/2627/256 4109/2624/256 4110/2628/256
f 3885/2629/256 3886/2625/256 3871/2626/256
f 4125/2627/256 4110/2628/256 4111/2630/256
f 3884/2631/256 3885/2629/256 3871/2626/256
f 4125/2627/256 4111/2630/256 4112/2632/256
f 4125/2627/256 4112/2632/256 4113/2633/256
f 3883/2634/256 3884/2631/256 3871/2626/256
f 4125/2627/256 4113/2633/256 4114/2635/256
f 3882/2636/256 3883/2634/256 3871/2626/256
f 3882/2636/256 3871/2626/256 3872/2637/256
f 4124/2638/256 4125/2627/256 4114/2635/256
f 4124/2638/256 4114/2635/256 4115/2639/256
f 3881/2640/256 3882/2636/256 3872/2637/256
f 4124/2638/256 4115/2639/256 4116/2641/256
f 3880/2642/256 3881/2640/256 3872/2637/256
f 4124/2638/256 4116/2641/256 4117/2643/256
f 3879/2644/256 3880/2642/256 3872/2637/256
f 4124/2638/256 4117/2643/256 4118/2645/256
f 3878/2646/256 3879/2644/256 3872/2637/256
f 4124/2638/256 4118/2645/256 4119/2647/256
f 3877/2648/256 3878/2646/256 3872/2637/256
f 4124/2638/256 4119/2647/256 4120/2649/256
f 3876/2650/256 3877/2648/256 3872/2637/256
f 4124/2638/256 4120/2649/256 4121/2651/256
f 3875/2652/256 3876/2650/256 3872/2637/256
f 4124/2638/256 4121/2651/256 4122/2653/256
f 4123/2654/256 4124/2638/256 4122/2653/256
f 3875/2652/256 3872/2637/256 3873/2655/256
f 3874/2656/256 3875/2652/256 3873/2655/256
s 1
f 4162/2657/257 4164/2658/258 4163/2659/258 4161/2482/257
f 4164/2658/258 4166/2660/259 4165/2661/259 4163/2659/258
f 4166/2660/259 4168/2662/260 4167/2663/260 4165/2661/259
f 4168/2662/260 4170/2664/261 4169/2665/261 4167/2663/260
f 4170/2664/261 4172/2666/262 4171/2667/262 4169/2665/261
f 4172/2666/262 4174/2668/263 4173/2669/263 4171/2667/262
f 4174/2668/263 4176/2670/264 4175/2671/264 4173/2669/263
f 4176/2670/264 4178/2672/265 4177/2673/265 4175/2671/264
f 4178/2672/265 4180/2674/266 4179/2675/266 4177/2673/265
f 4180/2674/266 4182/2676/267 4181/2677/267 4179/2675/266
f 4182/2676/267 4184/2678/268 4183/2679/268 4181/2677/267
f 4184/2678/268 4186/2680/269 4185/2681/269 4183/2679/268
f 4186/2680/269 4188/2682/270 4187/2683/270 4185/2681/269
f 4188/2682/270 4190/2684/271 4189/2685/271 4187/2683/270
f 4190/2684/271 4192/2686/272 4191/2687/272 4189/2685/271
f 4192/2686/272 4194/2688/273 4193/2689/273 4191/2687/272
f 4194/2688/273 4196/2690/274 4195/2691/274 4193/2689/273
f 4196/2690/274 4198/2692/275 4197/2693/275 4195/2691/274
f 4198/2692/275 4200/2694/276 4199/2695/276 4197/2693/275
f 4200/2694/276 4202/2696/277 4201/2697/277 4199/2695/276
f 4202/2696/277 4204/2698/278 4203/2699/278 4201/2697/277
f 4204/2698/278 4206/2700/279 4205/2701/279 4203/2699/278
f 4206/2700/279 4208/2702/280 4207/2703/280 4205/2701/279
f 4208/2702/280 4210/2704/281 4209/2705/281 4207/2703/280
f 4210/2704/281 4212/2706/282 4211/2707/282 4209/2705/281
f 4212/2706/282 4214/2708/283 4213/2709/283 4211/2707/282
f 4214/2708/283 4216/2710/284 4215/2711/284 4213/2709/283
f 4216/2710/284 4218/2712/285 4217/2713/285 4215/2711/284
f 4218/2712/285 4220/2714/286 4219/2715/286 4217/2713/285
f 4220/2714/286 4222/2716/287 4221/2717/287 4219/2715/286
f 4222/2716/287 4224/2718/288 4223/2719/288 4221/2717/287
f 4224/2718/288 4226/2720/289 4225/2721/289 4223/2719/288
f 4226/2720/289 4228/2722/290 4227/2723/290 4225/2721/289
f 4228/2722/290 4230/2724/291 4229/2725/291 4227/2723/290
f 4230/2724/291 4232/2726/292 4231/2727/292 4229/2725/291
f 4232/2726/292 4234/2728/293 4233/2729/293 4231/2727/292
f 4234/2728/293 4236/2730/294 4235/2731/294 4233/2729/293
f 4236/2730/294 4238/2732/295 4237/2733/295 4235/2731/294
f 4238/2732/295 4240/2734/296 4239/2735/296 4237/2733/295
f 4240/2734/296 4242/2736/297 4241/2737/297 4239/2735/296
f 4242/2736/297 4244/2738/298 4243/2739/298 4241/2737/297
f 4244/2738/298 4246/2740/299 4245/2741/299 4243/2739/298
f 4246/2740/299 4248/2742/300 4247/2743/300 4245/2741/299
f 4248/2742/300 4250/2744/301 4249/2745/301 4247/2743/300
f 4250/2744/301 4252/2746/302 4251/2747/302 4249/2745/301
f 4252/2746/302 4254/2748/303 4253/2749/303 4251/2747/302
f 4254/2748/303 4256/2750/304 4255/2751/304 4253/2749/303
f 4256/2750/304 4258/2752/305 4257/2753/305 4255/2751/304
f 4258/2752/305 4260/2754/306 4259/2755/306 4257/2753/305
f 4260/2754/306 4262/2756/307 4261/2757/307 4259/2755/306
f 4262/2756/307 4264/2758/308 4263/2759/308 4261/2757/307
f 4264/2758/308 4266/2760/309 4265/2761/309 4263/2759/308
f 4266/2760/309 4268/2762/310 4267/2763/310 4265/2761/309
f 4268/2762/310 4270/2764/311 4269/2765/311 4267/2763/310
f 4270/2764/311 4272/2766/312 4271/2767/312 4269/2765/311
f 4272/2766/312 4274/2768/313 4273/2769/313 4271/2767/312
f 4274/2768/313 4276/2770/314 4275/2771/314 4273/2769/313
f 4276/2770/314 4278/2772/315 4277/2773/315 4275/2771/314
f 4278/2772/315 4280/2774/316 4279/2775/316 4277/2773/315
f 4280/2774/316 4282/2776/317 4281/2777/317 4279/2775/316
f 4282/2776/317 4284/2778/318 4283/2779/318 4281/2777/317
f 4284/2778/318 4286/2780/319 4285/2781/319 4283/2779/318
f 4286/2780/319 4288/2782/320 4287/2783/320 4285/2781/319
f 4288/2782/320 4290/2784/321 4289/2785/321 4287/2783/320
f 4290/2784/321 4292/2786/322 4291/2787/322 4289/2785/321
f 4292/2786/322 4294/2788/323 4293/2789/323 4291/2787/322
f 4294/2788/323 4296/2790/324 4295/2791/324 4293/2789/323
f 4296/2790/324 4298/2792/325 4297/2793/325 4295/2791/324
f 4298/2792/325 4300/2794/326 4299/2795/326 4297/2793/325
f 4300/2794/326 4302/2796/327 4301/2797/327 4299/2795/326
f 4302/2796/327 4304/2798/328 4303/2799/328 4301/2797/327
f 4304/2798/328 4306/2800/329 4305/2801/329 4303/2799/328
f 4306/2800/329 4308/2802/330 4307/2803/330 4305/2801/329
f 4308/2802/330 4310/2804/331 4309/2805/331 4307/2803/330
f 4310/2804/331 4312/2806/332 4311/2807/332 4309/2805/331
f 4312/2806/332 4314/2808/333 4313/2809/333 4311/2807/332
f 4314/2808/333 4316/2810/334 4315/2811/334 4313/2809/333
f 4316/2810/334 4318/2812/335 4317/2813/335 4315/2811/334
f 4318/2812/335 4320/2814/336 4319/2815/336 4317/2813/335
f 4320/2814/336 4322/2816/337 4321/2817/337 4319/2815/336
f 4322/2816/337 4324/2818/338 4323/2819/338 4321/2817/337
f 4324/2818/338 4326/2820/339 4325/2821/339 4323/2819/338
f 4326/2820/339 4328/2822/340 4327/2823/340 4325/2821/339
f 4328/2822/340 4330/2824/341 4329/2825/341 4327/2823/340
f 4330/2824/341 4332/2826/342 4331/2827/342 4329/2825/341
f 4332/2826/342 4334/2828/343 4333/2829/343 4331/2827/342
f 4334/2828/343 4336/2830/344 4335/2831/344 4333/2829/343
f 4336/2830/344 4338/2832/345 4337/2833/345 4335/2831/344
f 4338/2832/345 4340/2834/346 4339/2835/346 4337/2833/345
f 4340/2834/346 4342/2836/347 4341/2837/347 4339/2835/346
f 4342/2836/347 4344/2838/348 4343/2839/348 4341/2837/347
f 4344/2838/348 4346/2840/349 4345/2841/349 4343/2839/348
f 4346/2840/349 4348/2842/350 4347/2843/350 4345/2841/349
f 4348/2842/350 4350/2844/351 4349/2845/351 4347/2843/350
f 4350/2844/351 4352/2846/352 4351/2847/352 4349/2845/351
f 4352/2846/352 4354/2848/353 4353/2849/353 4351/2847/352
f 4354/2848/353 4356/2850/354 4355/2851/354 4353/2849/353
f 4356/2850/354 4358/2852/355 4357/2853/355 4355/2851/354
f 4358/2852/355 4360/2854/356 4359/2855/356 4357/2853/355
f 4360/2854/356 4362/2856/357 4361/2857/357 4359/2855/356
f 4362/2856/357 4364/2858/358 4363/2859/358 4361/2857/357
f 4364/2858/358 4366/2860/359 4365/2861/359 4363/2859/358
f 4366/2860/359 4368/2862/360 4367/2863/360 4365/2861/359
f 4368/2862/360 4370/2864/361 4369/2865/361 4367/2863/360
f 4370/2864/361 4372/2866/362 4371/2867/362 4369/2865/361
f 4372/2866/362 4374/2868/363 4373/2869/363 4371/2867/362
f 4374/2868/363 4376/2870/364 4375/2871/364 4373/2869/363
f 4376/2870/364 4378/2872/365 4377/2873/365 4375/2871/364
f 4378/2872/365 4380/2874/366 4379/2875/366 4377/2873/365
f 4380/2874/366 4382/2876/367 4381/2877/367 4379/2875/366
f 4382/2876/367 4384/2878/368 4383/2879/368 4381/2877/367
f 4384/2878/368 4386/2880/369 4385/2881/369 4383/2879/368
f 4386/2880/369 4388/2882/370 4387/2883/370 4385/2881/369
f 4388/2882/370 4390/2884/371 4389/2885/371 4387/2883/370
f 4390/2884/371 4392/2886/372 4391/2887/372 4389/2885/371
f 4392/2886/372 4394/2888/373 4393/2889/373 4391/2887/372
f 4394/2888/373 4396/2890/374 4395/2891/374 4393/2889/373
f 4396/2890/374 4398/2892/375 4397/2893/375 4395/2891/374
f 4398/2892/375 4400/2894/376 4399/2895/376 4397/2893/375
f 4400/2894/376 4402/2896/377 4401/2897/377 4399/2895/376
f 4402/2896/377 4404/2898/378 4403/2899/378 4401/2897/377
f 4404/2898/378 4406/2900/379 4405/2901/379 4403/2899/378
f 4406/2900/379 4408/2902/380 4407/2903/380 4405/2901/379
f 4408/2902/380 4410/2904/381 4409/2905/381 4407/2903/380
f 4410/2904/381 4412/2906/382 4411/2907/382 4409/2905/381
f 4412/2906/382 4414/2908/383 4413/2909/383 4411/2907/382
f 4414/2908/383 4416/2910/384 4415/2911/384 4413/2909/383
f 4416/2910/384 4418/2912/385 4417/2913/385 4415/2911/384
f 4418/2912/385 4420/2914/386 4419/2915/386 4417/2913/385
f 4420/2914/386 4422/2916/387 4421/2917/387 4419/2915/386
f 4422/2916/387 4424/2918/388 4423/2919/388 4421/2917/387
f 4424/2918/388 4426/2920/389 4425/2921/389 4423/2919/388
f 4426/2920/389 4428/2922/390 4427/2923/390 4425/2921/389
f 4428/2922/390 4430/2924/391 4429/2925/391 4427/2923/390
f 4430/2924/391 4432/2926/392 4431/2927/392 4429/2925/391
f 4432/2926/392 4434/2928/393 4433/2929/393 4431/2927/392
f 4434/2928/393 4436/2930/394 4435/2931/394 4433/2929/393
f 4436/2930/394 4438/2932/395 4437/2933/395 4435/2931/394
f 4438/2932/395 4440/2934/396 4439/2935/396 4437/2933/395
f 4440/2934/396 4442/2936/397 4441/2937/397 4439/2935/396
f 4442/2936/397 4444/2938/398 4443/2939/398 4441/2937/397
f 4444/2938/398 4446/2940/399 4445/2941/399 4443/2939/398
f 4446/2940/399 4448/2942/400 4447/2943/400 4445/2941/399
f 4448/2942/400 4450/2944/401 4449/2945/401 4447/2943/400
f 4450/2944/401 4452/2946/402 4451/2947/402 4449/2945/401
f 4452/2946/402 4454/2948/403 4453/2949/403 4451/2947/402
f 4454/2948/403 4456/2950/404 4455/2951/404 4453/2949/403
f 4456/2950/404 4458/2952/405 4457/2953/405 4455/2951/404
f 4458/2952/405 4460/2954/406 4459/2955/406 4457/2953/405
f 4460/2954/406 4462/2956/407 4461/2957/407 4459/2955/406
f 4462/2956/407 4464/2958/408 4463/2959/408 4461/2957/407
f 4464/2958/408 4466/2960/409 4465/2961/409 4463/2959/408
f 4466/2960/409 4468/2962/410 4467/2963/410 4465/2961/409
f 4468/2962/410 4470/2964/411 4469/2965/411 4467/2963/410
f 4470/2964/411 4472/2966/412 4471/2967/412 4469/2965/411
f 4472/2966/412 4474/2968/413 4473/2969/413 4471/2967/412
f 4474/2968/413 4476/2970/414 4475/2971/414 4473/2969/413
f 4476/2970/414 4478/2972/415 4477/2973/415 4475/2971/414
f 4478/2972/415 4480/2974/416 4479/2975/416 4477/2973/415
f 4480/2974/416 4482/2976/417 4481/2977/417 4479/2975/416
f 4482/2976/417 4484/2978/418 4483/2979/418 4481/2977/417
f 4484/2978/418 4486/2980/419 4485/2981/419 4483/2979/418
f 4486/2980/419 4488/2982/420 4487/2983/420 4485/2981/419
f 4488/2982/420 4490/2984/421 4489/2985/421 4487/2983/420
f 4490/2984/421 4492/2986/422 4491/2987/422 4489/2985/421
f 4492/2986/422 4494/2988/423 4493/2989/423 4491/2987/422
f 4494/2988/423 4496/2990/424 4495/2991/424 4493/2989/423
f 4496/2990/424 4498/2992/425 4497/2993/425 4495/2991/424
f 4498/2992/425 4500/2994/426 4499/2995/426 4497/2993/425
f 4500/2994/426 4502/2996/427 4501/2997/427 4499/2995/426
f 4502/2996/427 4504/2998/428 4503/2999/428 4501/2997/427
f 4504/2998/428 4506/3000/429 4505/3001/429 4503/2999/428
f 4506/3000/429 4508/3002/430 4507/3003/430 4505/3001/429
f 4508/3002/430 4510/3004/431 4509/3005/431 4507/3003/430
f 4510/3004/431 4512/3006/432 4511/3007/432 4509/3005/431
f 4512/3006/432 4514/3008/433 4513/3009/433 4511/3007/432
f 4514/3008/433 4516/3010/434 4515/3011/434 4513/3009/433
f 4516/3010/434 4518/3012/435 4517/3013/435 4515/3011/434
f 4518/3012/435 4520/3014/436 4519/3015/436 4517/3013/435
f 4520/3014/436 4522/3016/437 4521/3017/437 4519/3015/436
f 4522/3016/437 4524/3018/438 4523/3019/438 4521/3017/437
f 4524/3018/438 4526/3020/439 4525/3021/439 4523/3019/438
f 4526/3020/439 4528/3022/440 4527/3023/440 4525/3021/439
f 4528/3022/440 4530/3024/441 4529/3025/441 4527/3023/440
f 4530/3024/441 4532/3026/442 4531/3027/442 4529/3025/441
f 4532/3026/442 4534/3028/443 4533/3029/443 4531/3027/442
f 4534/3028/443 4536/3030/444 4535/3031/444 4533/3029/443
f 4536/3030/444 4538/3032/445 4537/3033/445 4535/3031/444
f 4538/3032/445 4540/3034/446 4539/3035/446 4537/3033/445
f 4540/3034/446 4542/3036/447 4541/3037/447 4539/3035/446
f 4542/3036/447 4544/3038/448 4543/3039/448 4541/3037/447
f 4544/3038/448 4546/3040/449 4545/3041/449 4543/3039/448
f 4546/3040/449 4548/3042/450 4547/3043/450 4545/3041/449
f 4548/3042/450 4550/3044/451 4549/3045/451 4547/3043/450
f 4550/3044/451 4552/3046/452 4551/3047/452 4549/3045/451
f 4552/3046/452 4554/3048/453 4553/3049/453 4551/3047/452
f 4554/3048/453 4556/3050/454 4555/3051/454 4553/3049/453
f 4556/3050/454 4558/3052/455 4557/3053/455 4555/3051/454
f 4558/3052/455 4560/3054/456 4559/3055/456 4557/3053/455
f 4560/3054/456 4562/3056/457 4561/3057/457 4559/3055/456
f 4562/3056/457 4564/3058/458 4563/3059/458 4561/3057/457
f 4564/3058/458 4566/3060/459 4565/3061/459 4563/3059/458
f 4566/3060/459 4568/3062/460 4567/3063/460 4565/3061/459
f 4568/3062/460 4570/3064/461 4569/3065/461 4567/3063/460
f 4570/3064/461 4572/3066/462 4571/3067/462 4569/3065/461
f 4572/3066/462 4574/3068/463 4573/3069/463 4571/3067/462
f 4574/3068/463 4576/3070/464 4575/3071/464 4573/3069/463
f 4576/3070/464 4578/3072/465 4577/3073/465 4575/3071/464
f 4578/3072/465 4580/3074/466 4579/3075/466 4577/3073/465
f 4580/3074/466 4582/3076/467 4581/3077/467 4579/3075/466
f 4582/3076/467 4584/3078/468 4583/3079/468 4581/3077/467
f 4584/3078/468 4586/3080/469 4585/3081/469 4583/3079/468
f 4586/3080/469 4588/3082/470 4587/3083/470 4585/3081/469
f 4588/3082/470 4590/3084/471 4589/3085/471 4587/3083/470
f 4590/3084/471 4592/3086/471 4591/3087/471 4589/3085/471
f 4592/3086/471 4594/3088/472 4593/3089/472 4591/3087/471
f 4594/3088/472 4596/3090/473 4595/3091/473 4593/3089/472
f 4596/3090/473 4598/3092/474 4597/3093/474 4595/3091/473
f 4598/3092/474 4600/3094/475 4599/3095/475 4597/3093/474
f 4600/3094/475 4602/3096/476 4601/3097/476 4599/3095/475
f 4602/3096/476 4604/3098/477 4603/3099/477 4601/3097/476
f 4604/3098/477 4606/3100/478 4605/3101/478 4603/3099/477
f 4606/3100/478 4608/3102/479 4607/3103/479 4605/3101/478
f 4608/3102/479 4610/3104/480 4609/3105/480 4607/3103/479
f 4610/3104/480 4612/3106/481 4611/3107/481 4609/3105/480
f 4612/3106/481 4614/3108/482 4613/3109/482 4611/3107/481
f 4614/3108/482 4616/3110/483 4615/3111/483 4613/3109/482
f 4616/3110/483 4618/3112/484 4617/3113/484 4615/3111/483
f 4618/3112/484 4620/3114/485 4619/3115/485 4617/3113/484
f 4620/3114/485 4622/3116/486 4621/3117/486 4619/3115/485
f 4622/3116/486 4624/3118/487 4623/3119/487 4621/3117/486
f 4624/3118/487 4626/3120/472 4625/3121/472 4623/3119/487
f 4626/3120/472 4628/3122/488 4627/3123/488 4625/3121/472
f 4628/3122/488 4630/3124/489 4629/3125/489 4627/3123/488
f 4630/3124/489 4632/3126/490 4631/3127/490 4629/3125/489
f 4632/3126/490 4634/3128/491 4633/3129/491 4631/3127/490
f 4634/3128/491 4636/3130/492 4635/3131/492 4633/3129/491
f 4636/3130/492 4638/3132/493 4637/3133/493 4635/3131/492
f 4638/3132/493 4640/3134/494 4639/3135/494 4637/3133/493
f 4640/3134/494 4642/3136/495 4641/3137/495 4639/3135/494
f 4642/3136/495 4644/3138/496 4643/3139/496 4641/3137/495
f 4644/3138/496 4646/3140/497 4645/3141/497 4643/3139/496
f 4646/3140/497 4648/3142/498 4647/3143/498 4645/3141/497
f 4648/3142/498 4650/3144/499 4649/3145/499 4647/3143/498
f 4650/3144/499 4652/3146/500 4651/3147/500 4649/3145/499
f 4652/3146/500 4654/3148/501 4653/3149/501 4651/3147/500
f 4654/3148/501 4656/3150/502 4655/3151/502 4653/3149/501
f 4656/3150/502 4658/3152/503 4657/3153/503 4655/3151/502
f 4658/3152/503 4660/3154/504 4659/3155/504 4657/3153/503
f 4660/3154/504 4662/3156/505 4661/3157/505 4659/3155/504
f 4662/3156/505 4664/3158/506 4663/3159/506 4661/3157/505
f 4664/3158/506 4666/3160/507 4665/3161/507 4663/3159/506
f 4666/3160/507 4668/3162/508 4667/3163/508 4665/3161/507
f 4668/3162/508 4670/3164/509 4669/3165/509 4667/3163/508
f 4670/3164/509 4672/3166/510 4671/3167/510 4669/3165/509
f 4672/3166/510 4674/3168/511 4673/3169/511 4671/3167/510
f 4674/3168/511 4676/3170/512 4675/3171/512 4673/3169/511
f 4676/3170/512 4678/3172/513 4677/3173/513 4675/3171/512
f 4678/3172/513 4680/3174/514 4679/3175/514 4677/3173/513
f 4680/3174/514 4682/3176/515 4681/3177/515 4679/3175/514
f 4682/3176/515 4684/3178/516 4683/3179/516 4681/3177/515
f 4684/3178/516 4686/3180/517 4685/3181/517 4683/3179/516
f 4686/3180/517 4688/3182/518 4687/3183/518 4685/3181/517
f 4688/3182/518 4690/3184/519 4689/3185/519 4687/3183/518
f 4690/3184/519 4692/3186/520 4691/3187/520 4689/3185/519
f 4692/3186/520 4694/3188/521 4693/3189/521 4691/3187/520
f 4694/3188/521 4696/3190/522 4695/3191/522 4693/3189/521
f 4696/3190/522 4698/3192/523 4697/3193/523 4695/3191/522
f 4698/3192/523 4700/3194/524 4699/3195/524 4697/3193/523
f 4700/3194/524 4702/3196/525 4701/3197/525 4699/3195/524
f 4702/3196/525 4704/3198/526 4703/3199/526 4701/3197/525
f 4704/3198/526 4706/3200/527 4705/3201/527 4703/3199/526
f 4706/3200/527 4708/3202/528 4707/3203/528 4705/3201/527
f 4708/3202/528 4710/3204/529 4709/3205/529 4707/3203/528
f 4710/3204/529 4712/3206/530 4711/3207/530 4709/3205/529
f 4712/3206/530 4714/3208/531 4713/3209/531 4711/3207/530
f 4714/3208/531 4716/3210/532 4715/3211/532 4713/3209/531
f 4716/3210/532 4718/3212/533 4717/3213/533 4715/3211/532
f 4718/3212/533 4720/3214/534 4719/3215/534 4717/3213/533
f 4720/3214/534 4722/3216/535 4721/3217/535 4719/3215/534
f 4722/3216/535 4724/3218/536 4723/3219/536 4721/3217/535
f 4724/3218/536 4726/3220/537 4725/3221/537 4723/3219/536
f 4726/3220/537 4728/3222/538 4727/3223/538 4725/3221/537
f 4728/3222/538 4730/3224/539 4729/3225/539 4727/3223/538
f 4730/3224/539 4732/3226/540 4731/3227/540 4729/3225/539
f 4732/3226/540 4734/3228/541 4733/3229/541 4731/3227/540
f 4734/3228/541 4736/3230/542 4735/3231/542 4733/3229/541
f 4736/3230/542 4738/3232/543 4737/3233/543 4735/3231/542
f 4738/3232/543 4740/3234/544 4739/3235/544 4737/3233/543
f 4740/3234/544 4742/3236/545 4741/3237/545 4739/3235/544
f 4742/3236/545 4744/3238/546 4743/3239/546 4741/3237/545
f 4744/3238/546 4746/3240/547 4745/3241/547 4743/3239/546
f 4746/3240/547 4748/3242/548 4747/3243/548 4745/3241/547
f 4748/3242/548 4750/3244/549 4749/3245/549 4747/3243/548
f 4750/3244/549 4752/3246/550 4751/3247/550 4749/3245/549
f 4752/3246/550 4754/3248/551 4753/3249/551 4751/3247/550
f 4754/3248/551 4756/3250/552 4755/3251/552 4753/3249/551
f 4756/3250/552 4758/3252/553 4757/3253/553 4755/3251/552
f 4758/3252/553 4760/3254/554 4759/3255/554 4757/3253/553
f 4760/3254/554 4162/3256/257 4161/2472/257 4759/3255/554
o Curve.001
v 2.408168 -0.091824 0.611948
v 2.396395 -0.091824 0.539663
v 2.377291 -0.091824 0.470110
v 2.351277 -0.091824 0.403707
v 2.318777 -0.091824 0.340874
v 2.280211 -0.091824 0.282030
v 2.236005 -0.091824 0.227595
v 2.186579 -0.091824 0.177989
v 2.132357 -0.091824 0.133630
v 2.073760 -0.091824 0.094939
v 2.011211 -0.091824 0.062335
v 1.945134 -0.091824 0.036237
v 1.937006 -0.091824 0.035094
v 1.929740 -0.091824 0.035019
v 1.923308 -0.091824 0.035902
v 1.917679 -0.091824 0.037633
v 1.912824 -0.091824 0.040102
v 1.908713 -0.091824 0.043198
v 1.905315 -0.091824 0.046813
v 1.902603 -0.091824 0.050834
v 1.900545 -0.091824 0.055153
v 1.899111 -0.091824 0.059660
v 1.898273 -0.091824 0.064244
v 1.898000 -0.091824 0.068795
v 1.898017 -0.091824 0.075613
v 1.898064 -0.091824 0.084424
v 1.898134 -0.091824 0.095115
v 1.898223 -0.091824 0.107573
v 1.898323 -0.091824 0.121685
v 1.898429 -0.091824 0.137339
v 1.898535 -0.091824 0.154420
v 1.898635 -0.091824 0.172816
v 1.898724 -0.091824 0.192415
v 1.898794 -0.091824 0.213102
v 1.898841 -0.091824 0.234765
v 1.898857 -0.091824 0.257290
v 1.898422 -0.091824 0.272875
v 1.897155 -0.091824 0.287508
v 1.895122 -0.091824 0.301201
v 1.892382 -0.091824 0.313965
v 1.889001 -0.091824 0.325814
v 1.885039 -0.091824 0.336758
v 1.880559 -0.091824 0.346809
v 1.875624 -0.091824 0.355980
v 1.870296 -0.091824 0.364282
v 1.864638 -0.091824 0.371728
v 1.858712 -0.091824 0.378328
v 1.852581 -0.091824 0.384096
v 1.890780 -0.091824 0.389331
v 1.928717 -0.091824 0.396848
v 1.965809 -0.091824 0.407216
v 2.001472 -0.091824 0.421001
v 2.035125 -0.091824 0.438773
v 2.066182 -0.091824 0.461100
v 2.094061 -0.091824 0.488550
v 2.118180 -0.091824 0.521691
v 2.137954 -0.091824 0.561091
v 2.152800 -0.091824 0.607319
v 2.162136 -0.091824 0.660942
v 2.165377 -0.091824 0.722530
v 2.164829 -0.091824 0.741077
v 2.163207 -0.091824 0.759023
v 2.160543 -0.091825 0.776374
v 2.156871 -0.091825 0.793136
v 2.152222 -0.091825 0.809315
v 2.146631 -0.091825 0.824917
v 2.140128 -0.091825 0.839947
v 2.132748 -0.091825 0.854413
v 2.124523 -0.091825 0.868319
v 2.115486 -0.091825 0.881672
v 2.105669 -0.091825 0.894477
v 2.095105 -0.091825 0.906741
v 2.097130 -0.091825 0.912115
v 2.099596 -0.091825 0.919600
v 2.102229 -0.091825 0.929098
v 2.104754 -0.091825 0.940505
v 2.106898 -0.091825 0.953721
v 2.108388 -0.091825 0.968644
v 2.108949 -0.091825 0.985174
v 2.108309 -0.091825 1.003209
v 2.106192 -0.091825 1.022649
v 2.102326 -0.091825 1.043392
v 2.096436 -0.091825 1.065336
v 2.088249 -0.091825 1.088381
v 2.087044 -0.091825 1.088701
v 2.083389 -0.091825 1.089365
v 2.077229 -0.091825 1.089934
v 2.068507 -0.091825 1.089968
v 2.057166 -0.091825 1.089026
v 2.043151 -0.091825 1.086668
v 2.026403 -0.091825 1.082453
v 2.006868 -0.091825 1.075942
v 1.984488 -0.091825 1.066694
v 1.959207 -0.091825 1.054268
v 1.930968 -0.091825 1.038225
v 1.899714 -0.091825 1.018124
v 1.885933 -0.091825 1.021819
v 1.872021 -0.091825 1.025193
v 1.857991 -0.091825 1.028245
v 1.843852 -0.091825 1.030976
v 1.829619 -0.091825 1.033386
v 1.815302 -0.091825 1.035474
v 1.800914 -0.091825 1.037241
v 1.786467 -0.091825 1.038687
v 1.771971 -0.091825 1.039812
v 1.757441 -0.091825 1.040615
v 1.742886 -0.091825 1.041097
v 1.728319 -0.091825 1.041258
v 1.713753 -0.091825 1.041097
v 1.699198 -0.091825 1.040615
v 1.684667 -0.091825 1.039812
v 1.670172 -0.091825 1.038687
v 1.655724 -0.091825 1.037241
v 1.641336 -0.091825 1.035474
v 1.627019 -0.091825 1.033386
v 1.612786 -0.091825 1.030976
v 1.598648 -0.091825 1.028245
v 1.584617 -0.091825 1.025193
v 1.570705 -0.091825 1.021819
v 1.556924 -0.091825 1.018124
v 1.525671 -0.091825 1.038045
v 1.497432 -0.091825 1.053971
v 1.472150 -0.091825 1.066332
v 1.449770 -0.091825 1.075561
v 1.430235 -0.091825 1.082089
v 1.413488 -0.091825 1.086346
v 1.399472 -0.091825 1.088766
v 1.388131 -0.091825 1.089778
v 1.379409 -0.091825 1.089814
v 1.373249 -0.091825 1.089306
v 1.369595 -0.091825 1.088684
v 1.368389 -0.091825 1.088381
v 1.360202 -0.091825 1.065336
v 1.354313 -0.091825 1.043392
v 1.350446 -0.091825 1.022649
v 1.348330 -0.091825 1.003209
v 1.347689 -0.091825 0.985174
v 1.348250 -0.091825 0.968644
v 1.349740 -0.091825 0.953721
v 1.351885 -0.091825 0.940505
v 1.354410 -0.091825 0.929098
v 1.357042 -0.091825 0.919600
v 1.359508 -0.091825 0.912115
v 1.361533 -0.091825 0.906741
v 1.350970 -0.091825 0.894461
v 1.341153 -0.091825 0.881612
v 1.332115 -0.091825 0.868198
v 1.323890 -0.091825 0.854222
v 1.316510 -0.091825 0.839687
v 1.310008 -0.091825 0.824596
v 1.304416 -0.091825 0.808951
v 1.299768 -0.091825 0.792755
v 1.296095 -0.091825 0.776012
v 1.293432 -0.091824 0.758725
v 1.291809 -0.091824 0.740897
v 1.291261 -0.091824 0.722530
v 1.294486 -0.091824 0.661122
v 1.303775 -0.091824 0.607616
v 1.318551 -0.091824 0.561452
v 1.338236 -0.091824 0.522071
v 1.362255 -0.091824 0.488914
v 1.390028 -0.091824 0.461422
v 1.420979 -0.091824 0.439034
v 1.454531 -0.091824 0.421192
v 1.490107 -0.091824 0.407336
v 1.527128 -0.091824 0.396908
v 1.565019 -0.091824 0.389348
v 1.603201 -0.091824 0.384096
v 1.598315 -0.091824 0.379543
v 1.593536 -0.091824 0.374449
v 1.588900 -0.091824 0.368807
v 1.584442 -0.091824 0.362612
v 1.580199 -0.091824 0.355858
v 1.576206 -0.091824 0.348539
v 1.572498 -0.091824 0.340648
v 1.569112 -0.091824 0.332180
v 1.566083 -0.091824 0.323129
v 1.563447 -0.091824 0.313489
v 1.561239 -0.091824 0.303255
v 1.559495 -0.091824 0.292419
v 1.548463 -0.091824 0.287772
v 1.535301 -0.091824 0.283160
v 1.520342 -0.091824 0.279085
v 1.503918 -0.091824 0.276044
v 1.486364 -0.091824 0.274539
v 1.468013 -0.091824 0.275069
v 1.449197 -0.091824 0.278133
v 1.430250 -0.091824 0.284232
v 1.411506 -0.091824 0.293865
v 1.393297 -0.091824 0.307532
v 1.375957 -0.091824 0.325733
v 1.359820 -0.091824 0.348967
v 1.356076 -0.091824 0.354686
v 1.351297 -0.091824 0.361371
v 1.345519 -0.091824 0.368740
v 1.338776 -0.091824 0.376512
v 1.331105 -0.091824 0.384402
v 1.322541 -0.091824 0.392128
v 1.313120 -0.091824 0.399408
v 1.302878 -0.091824 0.405960
v 1.291851 -0.091824 0.411500
v 1.280073 -0.091824 0.415746
v 1.267581 -0.091824 0.418415
v 1.254411 -0.091824 0.419224
v 1.241908 -0.091824 0.418396
v 1.232872 -0.091824 0.416456
v 1.226948 -0.091824 0.413575
v 1.223783 -0.091824 0.409926
v 1.223021 -0.091824 0.405683
v 1.224310 -0.091824 0.401017
v 1.227295 -0.091824 0.396102
v 1.231622 -0.091824 0.391109
v 1.236937 -0.091824 0.386211
v 1.242886 -0.091824 0.381581
v 1.249114 -0.091824 0.377391
v 1.255268 -0.091824 0.373814
v 1.262625 -0.091824 0.368866
v 1.270055 -0.091824 0.362359
v 1.277456 -0.091824 0.354590
v 1.284723 -0.091824 0.345857
v 1.291752 -0.091824 0.336458
v 1.298439 -0.091824 0.326690
v 1.304679 -0.091824 0.316851
v 1.310369 -0.091824 0.307238
v 1.315404 -0.091824 0.298149
v 1.319680 -0.091824 0.289880
v 1.323094 -0.091824 0.282730
v 1.325540 -0.091824 0.276996
v 1.329667 -0.091824 0.266707
v 1.335416 -0.091824 0.255442
v 1.343122 -0.091824 0.243688
v 1.353122 -0.091824 0.231935
v 1.365753 -0.091824 0.220670
v 1.381351 -0.091824 0.210381
v 1.400252 -0.091824 0.201555
v 1.422791 -0.091824 0.194681
v 1.449306 -0.091824 0.190246
v 1.480133 -0.091824 0.188739
v 1.515608 -0.091824 0.190646
v 1.556067 -0.091824 0.196458
v 1.556084 -0.091824 0.182198
v 1.556131 -0.091824 0.168199
v 1.556201 -0.091824 0.154582
v 1.556289 -0.091824 0.141464
v 1.556389 -0.091824 0.128965
v 1.556495 -0.091824 0.117204
v 1.556602 -0.091824 0.106300
v 1.556702 -0.091824 0.096371
v 1.556790 -0.091824 0.087538
v 1.556860 -0.091824 0.079918
v 1.556907 -0.091824 0.073631
v 1.556924 -0.091824 0.068795
v 1.556651 -0.091824 0.064260
v 1.555813 -0.091824 0.059719
v 1.554380 -0.091824 0.055274
v 1.552322 -0.091824 0.051025
v 1.549609 -0.091824 0.047073
v 1.546212 -0.091824 0.043520
v 1.542100 -0.091824 0.040466
v 1.537245 -0.091824 0.038014
v 1.531616 -0.091824 0.036264
v 1.525184 -0.091824 0.035317
v 1.517919 -0.091824 0.035274
v 1.509790 -0.091824 0.036237
v 1.443319 -0.091824 0.062319
v 1.380443 -0.091824 0.094880
v 1.321577 -0.091824 0.133510
v 1.267139 -0.091824 0.177799
v 1.217546 -0.091824 0.227335
v 1.173213 -0.091824 0.281709
v 1.134558 -0.091824 0.340509
v 1.101997 -0.091824 0.403326
v 1.075946 -0.091824 0.469748
v 1.056823 -0.091824 0.539366
v 1.045043 -0.091824 0.611768
v 1.041024 -0.091824 0.686544
v 1.047280 -0.091825 0.779585
v 1.065504 -0.091825 0.868812
v 1.094880 -0.091825 0.953409
v 1.134594 -0.091825 1.032563
v 1.183829 -0.091825 1.105457
v 1.241771 -0.091825 1.171276
v 1.307605 -0.091825 1.229206
v 1.380514 -0.091825 1.278431
v 1.459684 -0.091825 1.318136
v 1.544299 -0.091825 1.347506
v 1.633545 -0.091825 1.365726
v 1.726605 -0.091825 1.371980
v 1.819666 -0.091825 1.365726
v 1.908911 -0.091825 1.347506
v 1.993527 -0.091825 1.318136
v 2.072697 -0.091825 1.278431
v 2.145606 -0.091825 1.229206
v 2.211440 -0.091825 1.171276
v 2.269382 -0.091825 1.105457
v 2.318617 -0.091825 1.032563
v 2.358330 -0.091825 0.953409
v 2.387707 -0.091825 0.868812
v 2.405931 -0.091825 0.779585
v 2.412186 -0.091824 0.686544
v 2.408168 0.097955 0.611948
v 2.396395 0.097955 0.539664
v 2.377291 0.097955 0.470110
v 2.351277 0.097955 0.403707
v 2.318777 0.097955 0.340874
v 2.280211 0.097955 0.282030
v 2.236005 0.097955 0.227595
v 2.186579 0.097955 0.177989
v 2.132357 0.097955 0.133631
v 2.073760 0.097955 0.094939
v 2.011211 0.097955 0.062335
v 1.945134 0.097955 0.036237
v 1.937006 0.097955 0.035094
v 1.929740 0.097955 0.035019
v 1.923308 0.097955 0.035902
v 1.917679 0.097955 0.037633
v 1.912824 0.097955 0.040102
v 1.908713 0.097955 0.043198
v 1.905315 0.097955 0.046813
v 1.902603 0.097955 0.050834
v 1.900545 0.097955 0.055153
v 1.899111 0.097955 0.059660
v 1.898273 0.097955 0.064244
v 1.898000 0.097955 0.068795
v 1.898017 0.097955 0.075613
v 1.898064 0.097955 0.084424
v 1.898134 0.097955 0.095115
v 1.898223 0.097955 0.107573
v 1.898323 0.097955 0.121685
v 1.898429 0.097955 0.137339
v 1.898535 0.097955 0.154420
v 1.898635 0.097955 0.172817
v 1.898724 0.097955 0.192415
v 1.898794 0.097955 0.213102
v 1.898841 0.097955 0.234765
v 1.898857 0.097955 0.257290
v 1.898422 0.097955 0.272875
v 1.897155 0.097955 0.287508
v 1.895122 0.097955 0.301201
v 1.892382 0.097955 0.313966
v 1.889001 0.097955 0.325814
v 1.885039 0.097955 0.336758
v 1.880559 0.097955 0.346809
v 1.875624 0.097955 0.355980
v 1.870296 0.097955 0.364282
v 1.864638 0.097955 0.371728
v 1.858712 0.097955 0.378328
v 1.852581 0.097955 0.384096
v 1.890780 0.097955 0.389331
v 1.928717 0.097955 0.396849
v 1.965809 0.097955 0.407216
v 2.001472 0.097955 0.421001
v 2.035125 0.097955 0.438774
v 2.066182 0.097955 0.461100
v 2.094061 0.097955 0.488550
v 2.118180 0.097955 0.521691
v 2.137954 0.097955 0.561091
v 2.152800 0.097955 0.607319
v 2.162136 0.097955 0.660942
v 2.165377 0.097955 0.722530
v 2.164829 0.097955 0.741077
v 2.163207 0.097955 0.759023
v 2.160543 0.097955 0.776374
v 2.156871 0.097955 0.793136
v 2.152222 0.097955 0.809315
v 2.146631 0.097955 0.824917
v 2.140128 0.097955 0.839948
v 2.132748 0.097955 0.854413
v 2.124523 0.097955 0.868319
v 2.115486 0.097955 0.881672
v 2.105669 0.097955 0.894477
v 2.095105 0.097955 0.906741
v 2.097130 0.097955 0.912115
v 2.099596 0.097955 0.919601
v 2.102229 0.097955 0.929098
v 2.104754 0.097955 0.940505
v 2.106898 0.097955 0.953721
v 2.108388 0.097955 0.968644
v 2.108949 0.097955 0.985174
v 2.108309 0.097955 1.003209
v 2.106192 0.097955 1.022649
v 2.102326 0.097955 1.043392
v 2.096436 0.097955 1.065336
v 2.088249 0.097955 1.088381
v 2.087044 0.097955 1.088701
v 2.083389 0.097955 1.089365
v 2.077229 0.097955 1.089934
v 2.068507 0.097955 1.089968
v 2.057166 0.097955 1.089026
v 2.043151 0.097955 1.086668
v 2.026403 0.097955 1.082453
v 2.006868 0.097955 1.075942
v 1.984488 0.097955 1.066694
v 1.959207 0.097955 1.054268
v 1.930968 0.097955 1.038225
v 1.899714 0.097955 1.018124
v 1.885933 0.097955 1.021819
v 1.872021 0.097955 1.025193
v 1.857991 0.097955 1.028245
v 1.843852 0.097955 1.030976
v 1.829619 0.097955 1.033386
v 1.815302 0.097955 1.035474
v 1.800914 0.097955 1.037241
v 1.786467 0.097955 1.038687
v 1.771971 0.097955 1.039812
v 1.757441 0.097955 1.040615
v 1.742886 0.097955 1.041097
v 1.728319 0.097955 1.041258
v 1.713753 0.097955 1.041097
v 1.699198 0.097955 1.040615
v 1.684667 0.097955 1.039812
v 1.670172 0.097955 1.038687
v 1.655724 0.097955 1.037241
v 1.641336 0.097955 1.035474
v 1.627019 0.097955 1.033386
v 1.612786 0.097955 1.030976
v 1.598648 0.097955 1.028245
v 1.584617 0.097955 1.025193
v 1.570705 0.097955 1.021819
v 1.556924 0.097955 1.018124
v 1.525671 0.097955 1.038045
v 1.497432 0.097955 1.053971
v 1.472150 0.097955 1.066332
v 1.449770 0.097955 1.075561
v 1.430235 0.097955 1.082089
v 1.413488 0.097955 1.086346
v 1.399472 0.097955 1.088766
v 1.388131 0.097955 1.089778
v 1.379409 0.097955 1.089814
v 1.373249 0.097955 1.089306
v 1.369595 0.097955 1.088684
v 1.368389 0.097955 1.088381
v 1.360202 0.097955 1.065336
v 1.354313 0.097955 1.043392
v 1.350446 0.097955 1.022649
v 1.348330 0.097955 1.003209
v 1.347689 0.097955 0.985174
v 1.348250 0.097955 0.968644
v 1.349740 0.097955 0.953721
v 1.351885 0.097955 0.940505
v 1.354410 0.097955 0.929098
v 1.357042 0.097955 0.919601
v 1.359508 0.097955 0.912115
v 1.361533 0.097955 0.906741
v 1.350970 0.097955 0.894461
v 1.341153 0.097955 0.881612
v 1.332115 0.097955 0.868198
v 1.323890 0.097955 0.854222
v 1.316510 0.097955 0.839687
v 1.310008 0.097955 0.824596
v 1.304416 0.097955 0.808951
v 1.299768 0.097955 0.792755
v 1.296095 0.097955 0.776013
v 1.293432 0.097955 0.758725
v 1.291809 0.097955 0.740897
v 1.291261 0.097955 0.722530
v 1.294486 0.097955 0.661122
v 1.303775 0.097955 0.607616
v 1.318551 0.097955 0.561452
v 1.338236 0.097955 0.522072
v 1.362255 0.097955 0.488914
v 1.390028 0.097955 0.461422
v 1.420979 0.097955 0.439034
v 1.454531 0.097955 0.421192
v 1.490107 0.097955 0.407336
v 1.527128 0.097955 0.396908
v 1.565019 0.097955 0.389348
v 1.603201 0.097955 0.384096
v 1.598315 0.097955 0.379543
v 1.593536 0.097955 0.374449
v 1.588900 0.097955 0.368807
v 1.584442 0.097955 0.362613
v 1.580199 0.097955 0.355858
v 1.576206 0.097955 0.348539
v 1.572498 0.097955 0.340648
v 1.569112 0.097955 0.332180
v 1.566083 0.097955 0.323129
v 1.563447 0.097955 0.313490
v 1.561239 0.097955 0.303255
v 1.559495 0.097955 0.292419
v 1.548463 0.097955 0.287772
v 1.535301 0.097955 0.283161
v 1.520342 0.097955 0.279085
v 1.503918 0.097955 0.276044
v 1.486364 0.097955 0.274539
v 1.468013 0.097955 0.275069
v 1.449197 0.097955 0.278133
v 1.430250 0.097955 0.284232
v 1.411506 0.097955 0.293865
v 1.393297 0.097955 0.307532
v 1.375957 0.097955 0.325733
v 1.359820 0.097955 0.348967
v 1.356076 0.097955 0.354686
v 1.351297 0.097955 0.361371
v 1.345519 0.097955 0.368740
v 1.338776 0.097955 0.376512
v 1.331105 0.097955 0.384402
v 1.322541 0.097955 0.392128
v 1.313120 0.097955 0.399409
v 1.302878 0.097955 0.405960
v 1.291851 0.097955 0.411500
v 1.280073 0.097955 0.415746
v 1.267581 0.097955 0.418415
v 1.254411 0.097955 0.419224
v 1.241908 0.097955 0.418396
v 1.232872 0.097955 0.416456
v 1.226948 0.097955 0.413575
v 1.223783 0.097955 0.409927
v 1.223021 0.097955 0.405683
v 1.224310 0.097955 0.401017
v 1.227295 0.097955 0.396102
v 1.231622 0.097955 0.391109
v 1.236937 0.097955 0.386211
v 1.242886 0.097955 0.381581
v 1.249114 0.097955 0.377391
v 1.255268 0.097955 0.373814
v 1.262625 0.097955 0.368866
v 1.270055 0.097955 0.362359
v 1.277456 0.097955 0.354590
v 1.284723 0.097955 0.345857
v 1.291752 0.097955 0.336458
v 1.298439 0.097955 0.326691
v 1.304679 0.097955 0.316851
v 1.310369 0.097955 0.307238
v 1.315404 0.097955 0.298149
v 1.319680 0.097955 0.289880
v 1.323094 0.097955 0.282730
v 1.325540 0.097955 0.276996
v 1.329667 0.097955 0.266707
v 1.335416 0.097955 0.255442
v 1.343122 0.097955 0.243689
v 1.353122 0.097955 0.231935
v 1.365753 0.097955 0.220670
v 1.381351 0.097955 0.210381
v 1.400252 0.097955 0.201555
v 1.422791 0.097955 0.194681
v 1.449306 0.097955 0.190246
v 1.480133 0.097955 0.188739
v 1.515608 0.097955 0.190647
v 1.556067 0.097955 0.196458
v 1.556084 0.097955 0.182198
v 1.556131 0.097955 0.168199
v 1.556201 0.097955 0.154582
v 1.556289 0.097955 0.141464
v 1.556389 0.097955 0.128965
v 1.556495 0.097955 0.117204
v 1.556602 0.097955 0.106300
v 1.556702 0.097955 0.096371
v 1.556790 0.097955 0.087538
v 1.556860 0.097955 0.079918
v 1.556907 0.097955 0.073631
v 1.556924 0.097955 0.068795
v 1.556651 0.097955 0.064260
v 1.555813 0.097955 0.059720
v 1.554380 0.097955 0.055274
v 1.552322 0.097955 0.051025
v 1.549609 0.097955 0.047073
v 1.546212 0.097955 0.043520
v 1.542100 0.097955 0.040466
v 1.537245 0.097955 0.038014
v 1.531616 0.097955 0.036264
v 1.525184 0.097955 0.035317
v 1.517919 0.097955 0.035274
v 1.509790 0.097955 0.036237
v 1.443319 0.097955 0.062319
v 1.380443 0.097955 0.094880
v 1.321577 0.097955 0.133510
v 1.267139 0.097955 0.177799
v 1.217546 0.097955 0.227335
v 1.173213 0.097955 0.281709
v 1.134558 0.097955 0.340509
v 1.101997 0.097955 0.403326
v 1.075946 0.097955 0.469749
v 1.056823 0.097955 0.539366
v 1.045043 0.097955 0.611768
v 1.041024 0.097955 0.686544
v 1.047280 0.097955 0.779585
v 1.065504 0.097955 0.868812
v 1.094880 0.097955 0.953409
v 1.134594 0.097955 1.032563
v 1.183829 0.097955 1.105457
v 1.241771 0.097955 1.171276
v 1.307605 0.097955 1.229206
v 1.380514 0.097955 1.278431
v 1.459684 0.097954 1.318136
v 1.544299 0.097954 1.347506
v 1.633545 0.097954 1.365726
v 1.726605 0.097954 1.371980
v 1.819666 0.097954 1.365726
v 1.908911 0.097954 1.347506
v 1.993527 0.097954 1.318136
v 2.072697 0.097955 1.278431
v 2.145606 0.097955 1.229206
v 2.211440 0.097955 1.171276
v 2.269382 0.097955 1.105457
v 2.318617 0.097955 1.032563
v 2.358330 0.097955 0.953409
v 2.387707 0.097955 0.868812
v 2.405931 0.097955 0.779585
v 2.412186 0.097955 0.686544
v 2.408168 0.097955 0.611948
v 2.408168 -0.091824 0.611948
v 2.396395 0.097955 0.539664
v 2.396395 -0.091824 0.539663
v 2.377291 0.097955 0.470110
v 2.377291 -0.091824 0.470110
v 2.351277 0.097955 0.403707
v 2.351277 -0.091824 0.403707
v 2.318777 0.097955 0.340874
v 2.318777 -0.091824 0.340874
v 2.280211 0.097955 0.282030
v 2.280211 -0.091824 0.282030
v 2.236005 0.097955 0.227595
v 2.236005 -0.091824 0.227595
v 2.186579 0.097955 0.177989
v 2.186579 -0.091824 0.177989
v 2.132357 0.097955 0.133631
v 2.132357 -0.091824 0.133630
v 2.073760 0.097955 0.094939
v 2.073760 -0.091824 0.094939
v 2.011211 0.097955 0.062335
v 2.011211 -0.091824 0.062335
v 1.945134 0.097955 0.036237
v 1.945134 -0.091824 0.036237
v 1.937006 0.097955 0.035094
v 1.937006 -0.091824 0.035094
v 1.929740 0.097955 0.035019
v 1.929740 -0.091824 0.035019
v 1.923308 0.097955 0.035902
v 1.923308 -0.091824 0.035902
v 1.917679 0.097955 0.037633
v 1.917679 -0.091824 0.037633
v 1.912824 0.097955 0.040102
v 1.912824 -0.091824 0.040102
v 1.908713 0.097955 0.043198
v 1.908713 -0.091824 0.043198
v 1.905315 0.097955 0.046813
v 1.905315 -0.091824 0.046813
v 1.902603 0.097955 0.050834
v 1.902603 -0.091824 0.050834
v 1.900545 0.097955 0.055153
v 1.900545 -0.091824 0.055153
v 1.899111 0.097955 0.059660
v 1.899111 -0.091824 0.059660
v 1.898273 0.097955 0.064244
v 1.898273 -0.091824 0.064244
v 1.898000 0.097955 0.068795
v 1.898000 -0.091824 0.068795
v 1.898017 0.097955 0.075613
v 1.898017 -0.091824 0.075613
v 1.898064 0.097955 0.084424
v 1.898064 -0.091824 0.084424
v 1.898134 0.097955 0.095115
v 1.898134 -0.091824 0.095115
v 1.898223 0.097955 0.107573
v 1.898223 -0.091824 0.107573
v 1.898323 0.097955 0.121685
v 1.898323 -0.091824 0.121685
v 1.898429 0.097955 0.137339
v 1.898429 -0.091824 0.137339
v 1.898535 0.097955 0.154420
v 1.898535 -0.091824 0.154420
v 1.898635 0.097955 0.172817
v 1.898635 -0.091824 0.172816
v 1.898724 0.097955 0.192415
v 1.898724 -0.091824 0.192415
v 1.898794 0.097955 0.213102
v 1.898794 -0.091824 0.213102
v 1.898841 0.097955 0.234765
v 1.898841 -0.091824 0.234765
v 1.898857 0.097955 0.257290
v 1.898857 -0.091824 0.257290
v 1.898422 0.097955 0.272875
v 1.898422 -0.091824 0.272875
v 1.897155 0.097955 0.287508
v 1.897155 -0.091824 0.287508
v 1.895122 0.097955 0.301201
v 1.895122 -0.091824 0.301201
v 1.892382 0.097955 0.313966
v 1.892382 -0.091824 0.313965
v 1.889001 0.097955 0.325814
v 1.889001 -0.091824 0.325814
v 1.885039 0.097955 0.336758
v 1.885039 -0.091824 0.336758
v 1.880559 0.097955 0.346809
v 1.880559 -0.091824 0.346809
v 1.875624 0.097955 0.355980
v 1.875624 -0.091824 0.355980
v 1.870296 0.097955 0.364282
v 1.870296 -0.091824 0.364282
v 1.864638 0.097955 0.371728
v 1.864638 -0.091824 0.371728
v 1.858712 0.097955 0.378328
v 1.858712 -0.091824 0.378328
v 1.852581 0.097955 0.384096
v 1.852581 -0.091824 0.384096
v 1.890780 0.097955 0.389331
v 1.890780 -0.091824 0.389331
v 1.928717 0.097955 0.396849
v 1.928717 -0.091824 0.396848
v 1.965809 0.097955 0.407216
v 1.965809 -0.091824 0.407216
v 2.001472 0.097955 0.421001
v 2.001472 -0.091824 0.421001
v 2.035125 0.097955 0.438774
v 2.035125 -0.091824 0.438773
v 2.066182 0.097955 0.461100
v 2.066182 -0.091824 0.461100
v 2.094061 0.097955 0.488550
v 2.094061 -0.091824 0.488550
v 2.118180 0.097955 0.521691
v 2.118180 -0.091824 0.521691
v 2.137954 0.097955 0.561091
v 2.137954 -0.091824 0.561091
v 2.152800 0.097955 0.607319
v 2.152800 -0.091824 0.607319
v 2.162136 0.097955 0.660942
v 2.162136 -0.091824 0.660942
v 2.165377 0.097955 0.722530
v 2.165377 -0.091824 0.722530
v 2.164829 0.097955 0.741077
v 2.164829 -0.091824 0.741077
v 2.163207 0.097955 0.759023
v 2.163207 -0.091824 0.759023
v 2.160543 0.097955 0.776374
v 2.160543 -0.091825 0.776374
v 2.156871 0.097955 0.793136
v 2.156871 -0.091825 0.793136
v 2.152222 0.097955 0.809315
v 2.152222 -0.091825 0.809315
v 2.146631 0.097955 0.824917
v 2.146631 -0.091825 0.824917
v 2.140128 0.097955 0.839948
v 2.140128 -0.091825 0.839947
v 2.132748 0.097955 0.854413
v 2.132748 -0.091825 0.854413
v 2.124523 0.097955 0.868319
v 2.124523 -0.091825 0.868319
v 2.115486 0.097955 0.881672
v 2.115486 -0.091825 0.881672
v 2.105669 0.097955 0.894477
v 2.105669 -0.091825 0.894477
v 2.095105 0.097955 0.906741
v 2.095105 -0.091825 0.906741
v 2.097130 0.097955 0.912115
v 2.097130 -0.091825 0.912115
v 2.099596 0.097955 0.919601
v 2.099596 -0.091825 0.919600
v 2.102229 0.097955 0.929098
v 2.102229 -0.091825 0.929098
v 2.104754 0.097955 0.940505
v 2.104754 -0.091825 0.940505
v 2.106898 0.097955 0.953721
v 2.106898 -0.091825 0.953721
v 2.108388 0.097955 0.968644
v 2.108388 -0.091825 0.968644
v 2.108949 0.097955 0.985174
v 2.108949 -0.091825 0.985174
v 2.108309 0.097955 1.003209
v 2.108309 -0.091825 1.003209
v 2.106192 0.097955 1.022649
v 2.106192 -0.091825 1.022649
v 2.102326 0.097955 1.043392
v 2.102326 -0.091825 1.043392
v 2.096436 0.097955 1.065336
v 2.096436 -0.091825 1.065336
v 2.088249 0.097955 1.088381
v 2.088249 -0.091825 1.088381
v 2.087044 0.097955 1.088701
v 2.087044 -0.091825 1.088701
v 2.083389 0.097955 1.089365
v 2.083389 -0.091825 1.089365
v 2.077229 0.097955 1.089934
v 2.077229 -0.091825 1.089934
v 2.068507 0.097955 1.089968
v 2.068507 -0.091825 1.089968
v 2.057166 0.097955 1.089026
v 2.057166 -0.091825 1.089026
v 2.043151 0.097955 1.086668
v 2.043151 -0.091825 1.086668
v 2.026403 0.097955 1.082453
v 2.026403 -0.091825 1.082453
v 2.006868 0.097955 1.075942
v 2.006868 -0.091825 1.075942
v 1.984488 0.097955 1.066694
v 1.984488 -0.091825 1.066694
v 1.959207 0.097955 1.054268
v 1.959207 -0.091825 1.054268
v 1.930968 0.097955 1.038225
v 1.930968 -0.091825 1.038225
v 1.899714 0.097955 1.018124
v 1.899714 -0.091825 1.018124
v 1.885933 0.097955 1.021819
v 1.885933 -0.091825 1.021819
v 1.872021 0.097955 1.025193
v 1.872021 -0.091825 1.025193
v 1.857991 0.097955 1.028245
v 1.857991 -0.091825 1.028245
v 1.843852 0.097955 1.030976
v 1.843852 -0.091825 1.030976
v 1.829619 0.097955 1.033386
v 1.829619 -0.091825 1.033386
v 1.815302 0.097955 1.035474
v 1.815302 -0.091825 1.035474
v 1.800914 0.097955 1.037241
v 1.800914 -0.091825 1.037241
v 1.786467 0.097955 1.038687
v 1.786467 -0.091825 1.038687
v 1.771971 0.097955 1.039812
v 1.771971 -0.091825 1.039812
v 1.757441 0.097955 1.040615
v 1.757441 -0.091825 1.040615
v 1.742886 0.097955 1.041097
v 1.742886 -0.091825 1.041097
v 1.728319 0.097955 1.041258
v 1.728319 -0.091825 1.041258
v 1.713753 0.097955 1.041097
v 1.713753 -0.091825 1.041097
v 1.699198 0.097955 1.040615
v 1.699198 -0.091825 1.040615
v 1.684667 0.097955 1.039812
v 1.684667 -0.091825 1.039812
v 1.670172 0.097955 1.038687
v 1.670172 -0.091825 1.038687
v 1.655724 0.097955 1.037241
v 1.655724 -0.091825 1.037241
v 1.641336 0.097955 1.035474
v 1.641336 -0.091825 1.035474
v 1.627019 0.097955 1.033386
v 1.627019 -0.091825 1.033386
v 1.612786 0.097955 1.030976
v 1.612786 -0.091825 1.030976
v 1.598648 0.097955 1.028245
v 1.598648 -0.091825 1.028245
v 1.584617 0.097955 1.025193
v 1.584617 -0.091825 1.025193
v 1.570705 0.097955 1.021819
v 1.570705 -0.091825 1.021819
v 1.556924 0.097955 1.018124
v 1.556924 -0.091825 1.018124
v 1.525671 0.097955 1.038045
v 1.525671 -0.091825 1.038045
v 1.497432 0.097955 1.053971
v 1.497432 -0.091825 1.053971
v 1.472150 0.097955 1.066332
v 1.472150 -0.091825 1.066332
v 1.449770 0.097955 1.075561
v 1.449770 -0.091825 1.075561
v 1.430235 0.097955 1.082089
v 1.430235 -0.091825 1.082089
v 1.413488 0.097955 1.086346
v 1.413488 -0.091825 1.086346
v 1.399472 0.097955 1.088766
v 1.399472 -0.091825 1.088766
v 1.388131 0.097955 1.089778
v 1.388131 -0.091825 1.089778
v 1.379409 0.097955 1.089814
v 1.379409 -0.091825 1.089814
v 1.373249 0.097955 1.089306
v 1.373249 -0.091825 1.089306
v 1.369595 0.097955 1.088684
v 1.369595 -0.091825 1.088684
v 1.368389 0.097955 1.088381
v 1.368389 -0.091825 1.088381
v 1.360202 0.097955 1.065336
v 1.360202 -0.091825 1.065336
v 1.354313 0.097955 1.043392
v 1.354313 -0.091825 1.043392
v 1.350446 0.097955 1.022649
v 1.350446 -0.091825 1.022649
v 1.348330 0.097955 1.003209
v 1.348330 -0.091825 1.003209
v 1.347689 0.097955 0.985174
v 1.347689 -0.091825 0.985174
v 1.348250 0.097955 0.968644
v 1.348250 -0.091825 0.968644
v 1.349740 0.097955 0.953721
v 1.349740 -0.091825 0.953721
v 1.351885 0.097955 0.940505
v 1.351885 -0.091825 0.940505
v 1.354410 0.097955 0.929098
v 1.354410 -0.091825 0.929098
v 1.357042 0.097955 0.919601
v 1.357042 -0.091825 0.919600
v 1.359508 0.097955 0.912115
v 1.359508 -0.091825 0.912115
v 1.361533 0.097955 0.906741
v 1.361533 -0.091825 0.906741
v 1.350970 0.097955 0.894461
v 1.350970 -0.091825 0.894461
v 1.341153 0.097955 0.881612
v 1.341153 -0.091825 0.881612
v 1.332115 0.097955 0.868198
v 1.332115 -0.091825 0.868198
v 1.323890 0.097955 0.854222
v 1.323890 -0.091825 0.854222
v 1.316510 0.097955 0.839687
v 1.316510 -0.091825 0.839687
v 1.310008 0.097955 0.824596
v 1.310008 -0.091825 0.824596
v 1.304416 0.097955 0.808951
v 1.304416 -0.091825 0.808951
v 1.299768 0.097955 0.792755
v 1.299768 -0.091825 0.792755
v 1.296095 0.097955 0.776013
v 1.296095 -0.091825 0.776012
v 1.293432 0.097955 0.758725
v 1.293432 -0.091824 0.758725
v 1.291809 0.097955 0.740897
v 1.291809 -0.091824 0.740897
v 1.291261 0.097955 0.722530
v 1.291261 -0.091824 0.722530
v 1.294486 0.097955 0.661122
v 1.294486 -0.091824 0.661122
v 1.303775 0.097955 0.607616
v 1.303775 -0.091824 0.607616
v 1.318551 0.097955 0.561452
v 1.318551 -0.091824 0.561452
v 1.338236 0.097955 0.522072
v 1.338236 -0.091824 0.522071
v 1.362255 0.097955 0.488914
v 1.362255 -0.091824 0.488914
v 1.390028 0.097955 0.461422
v 1.390028 -0.091824 0.461422
v 1.420979 0.097955 0.439034
v 1.420979 -0.091824 0.439034
v 1.454531 0.097955 0.421192
v 1.454531 -0.091824 0.421192
v 1.490107 0.097955 0.407336
v 1.490107 -0.091824 0.407336
v 1.527128 0.097955 0.396908
v 1.527128 -0.091824 0.396908
v 1.565019 0.097955 0.389348
v 1.565019 -0.091824 0.389348
v 1.603201 0.097955 0.384096
v 1.603201 -0.091824 0.384096
v 1.598315 0.097955 0.379543
v 1.598315 -0.091824 0.379543
v 1.593536 0.097955 0.374449
v 1.593536 -0.091824 0.374449
v 1.588900 0.097955 0.368807
v 1.588900 -0.091824 0.368807
v 1.584442 0.097955 0.362613
v 1.584442 -0.091824 0.362612
v 1.580199 0.097955 0.355858
v 1.580199 -0.091824 0.355858
v 1.576206 0.097955 0.348539
v 1.576206 -0.091824 0.348539
v 1.572498 0.097955 0.340648
v 1.572498 -0.091824 0.340648
v 1.569112 0.097955 0.332180
v 1.569112 -0.091824 0.332180
v 1.566083 0.097955 0.323129
v 1.566083 -0.091824 0.323129
v 1.563447 0.097955 0.313490
v 1.563447 -0.091824 0.313489
v 1.561239 0.097955 0.303255
v 1.561239 -0.091824 0.303255
v 1.559495 0.097955 0.292419
v 1.559495 -0.091824 0.292419
v 1.548463 0.097955 0.287772
v 1.548463 -0.091824 0.287772
v 1.535301 0.097955 0.283161
v 1.535301 -0.091824 0.283160
v 1.520342 0.097955 0.279085
v 1.520342 -0.091824 0.279085
v 1.503918 0.097955 0.276044
v 1.503918 -0.091824 0.276044
v 1.486364 0.097955 0.274539
v 1.486364 -0.091824 0.274539
v 1.468013 0.097955 0.275069
v 1.468013 -0.091824 0.275069
v 1.449197 0.097955 0.278133
v 1.449197 -0.091824 0.278133
v 1.430250 0.097955 0.284232
v 1.430250 -0.091824 0.284232
v 1.411506 0.097955 0.293865
v 1.411506 -0.091824 0.293865
v 1.393297 0.097955 0.307532
v 1.393297 -0.091824 0.307532
v 1.375957 0.097955 0.325733
v 1.375957 -0.091824 0.325733
v 1.359820 0.097955 0.348967
v 1.359820 -0.091824 0.348967
v 1.356076 0.097955 0.354686
v 1.356076 -0.091824 0.354686
v 1.351297 0.097955 0.361371
v 1.351297 -0.091824 0.361371
v 1.345519 0.097955 0.368740
v 1.345519 -0.091824 0.368740
v 1.338776 0.097955 0.376512
v 1.338776 -0.091824 0.376512
v 1.331105 0.097955 0.384402
v 1.331105 -0.091824 0.384402
v 1.322541 0.097955 0.392128
v 1.322541 -0.091824 0.392128
v 1.313120 0.097955 0.399409
v 1.313120 -0.091824 0.399408
v 1.302878 0.097955 0.405960
v 1.302878 -0.091824 0.405960
v 1.291851 0.097955 0.411500
v 1.291851 -0.091824 0.411500
v 1.280073 0.097955 0.415746
v 1.280073 -0.091824 0.415746
v 1.267581 0.097955 0.418415
v 1.267581 -0.091824 0.418415
v 1.254411 0.097955 0.419224
v 1.254411 -0.091824 0.419224
v 1.241908 0.097955 0.418396
v 1.241908 -0.091824 0.418396
v 1.232872 0.097955 0.416456
v 1.232872 -0.091824 0.416456
v 1.226948 0.097955 0.413575
v 1.226948 -0.091824 0.413575
v 1.223783 0.097955 0.409927
v 1.223783 -0.091824 0.409926
v 1.223021 0.097955 0.405683
v 1.223021 -0.091824 0.405683
v 1.224310 0.097955 0.401017
v 1.224310 -0.091824 0.401017
v 1.227295 0.097955 0.396102
v 1.227295 -0.091824 0.396102
v 1.231622 0.097955 0.391109
v 1.231622 -0.091824 0.391109
v 1.236937 0.097955 0.386211
v 1.236937 -0.091824 0.386211
v 1.242886 0.097955 0.381581
v 1.242886 -0.091824 0.381581
v 1.249114 0.097955 0.377391
v 1.249114 -0.091824 0.377391
v 1.255268 0.097955 0.373814
v 1.255268 -0.091824 0.373814
v 1.262625 0.097955 0.368866
v 1.262625 -0.091824 0.368866
v 1.270055 0.097955 0.362359
v 1.270055 -0.091824 0.362359
v 1.277456 0.097955 0.354590
v 1.277456 -0.091824 0.354590
v 1.284723 0.097955 0.345857
v 1.284723 -0.091824 0.345857
v 1.291752 0.097955 0.336458
v 1.291752 -0.091824 0.336458
v 1.298439 0.097955 0.326691
v 1.298439 -0.091824 0.326690
v 1.304679 0.097955 0.316851
v 1.304679 -0.091824 0.316851
v 1.310369 0.097955 0.307238
v 1.310369 -0.091824 0.307238
v 1.315404 0.097955 0.298149
v 1.315404 -0.091824 0.298149
v 1.319680 0.097955 0.289880
v 1.319680 -0.091824 0.289880
v 1.323094 0.097955 0.282730
v 1.323094 -0.091824 0.282730
v 1.325540 0.097955 0.276996
v 1.325540 -0.091824 0.276996
v 1.329667 0.097955 0.266707
v 1.329667 -0.091824 0.266707
v 1.335416 0.097955 0.255442
v 1.335416 -0.091824 0.255442
v 1.343122 0.097955 0.243689
v 1.343122 -0.091824 0.243688
v 1.353122 0.097955 0.231935
v 1.353122 -0.091824 0.231935
v 1.365753 0.097955 0.220670
v 1.365753 -0.091824 0.220670
v 1.381351 0.097955 0.210381
v 1.381351 -0.091824 0.210381
v 1.400252 0.097955 0.201555
v 1.400252 -0.091824 0.201555
v 1.422791 0.097955 0.194681
v 1.422791 -0.091824 0.194681
v 1.449306 0.097955 0.190246
v 1.449306 -0.091824 0.190246
v 1.480133 0.097955 0.188739
v 1.480133 -0.091824 0.188739
v 1.515608 0.097955 0.190647
v 1.515608 -0.091824 0.190646
v 1.556067 0.097955 0.196458
v 1.556067 -0.091824 0.196458
v 1.556084 0.097955 0.182198
v 1.556084 -0.091824 0.182198
v 1.556131 0.097955 0.168199
v 1.556131 -0.091824 0.168199
v 1.556201 0.097955 0.154582
v 1.556201 -0.091824 0.154582
v 1.556289 0.097955 0.141464
v 1.556289 -0.091824 0.141464
v 1.556389 0.097955 0.128965
v 1.556389 -0.091824 0.128965
v 1.556495 0.097955 0.117204
v 1.556495 -0.091824 0.117204
v 1.556602 0.097955 0.106300
v 1.556602 -0.091824 0.106300
v 1.556702 0.097955 0.096371
v 1.556702 -0.091824 0.096371
v 1.556790 0.097955 0.087538
v 1.556790 -0.091824 0.087538
v 1.556860 0.097955 0.079918
v 1.556860 -0.091824 0.079918
v 1.556907 0.097955 0.073631
v 1.556907 -0.091824 0.073631
v 1.556924 0.097955 0.068795
v 1.556924 -0.091824 0.068795
v 1.556651 0.097955 0.064260
v 1.556651 -0.091824 0.064260
v 1.555813 0.097955 0.059720
v 1.555813 -0.091824 0.059719
v 1.554380 0.097955 0.055274
v 1.554380 -0.091824 0.055274
v 1.552322 0.097955 0.051025
v 1.552322 -0.091824 0.051025
v 1.549609 0.097955 0.047073
v 1.549609 -0.091824 0.047073
v 1.546212 0.097955 0.043520
v 1.546212 -0.091824 0.043520
v 1.542100 0.097955 0.040466
v 1.542100 -0.091824 0.040466
v 1.537245 0.097955 0.038014
v 1.537245 -0.091824 0.038014
v 1.531616 0.097955 0.036264
v 1.531616 -0.091824 0.036264
v 1.525184 0.097955 0.035317
v 1.525184 -0.091824 0.035317
v 1.517919 0.097955 0.035274
v 1.517919 -0.091824 0.035274
v 1.509790 0.097955 0.036237
v 1.509790 -0.091824 0.036237
v 1.443319 0.097955 0.062319
v 1.443319 -0.091824 0.062319
v 1.380443 0.097955 0.094880
v 1.380443 -0.091824 0.094880
v 1.321577 0.097955 0.133510
v 1.321577 -0.091824 0.133510
v 1.267139 0.097955 0.177799
v 1.267139 -0.091824 0.177799
v 1.217546 0.097955 0.227335
v 1.217546 -0.091824 0.227335
v 1.173213 0.097955 0.281709
v 1.173213 -0.091824 0.281709
v 1.134558 0.097955 0.340509
v 1.134558 -0.091824 0.340509
v 1.101997 0.097955 0.403326
v 1.101997 -0.091824 0.403326
v 1.075946 0.097955 0.469749
v 1.075946 -0.091824 0.469748
v 1.056823 0.097955 0.539366
v 1.056823 -0.091824 0.539366
v 1.045043 0.097955 0.611768
v 1.045043 -0.091824 0.611768
v 1.041024 0.097955 0.686544
v 1.041024 -0.091824 0.686544
v 1.047280 0.097955 0.779585
v 1.047280 -0.091825 0.779585
v 1.065504 0.097955 0.868812
v 1.065504 -0.091825 0.868812
v 1.094880 0.097955 0.953409
v 1.094880 -0.091825 0.953409
v 1.134594 0.097955 1.032563
v 1.134594 -0.091825 1.032563
v 1.183829 0.097955 1.105457
v 1.183829 -0.091825 1.105457
v 1.241771 0.097955 1.171276
v 1.241771 -0.091825 1.171276
v 1.307605 0.097955 1.229206
v 1.307605 -0.091825 1.229206
v 1.380514 0.097955 1.278431
v 1.380514 -0.091825 1.278431
v 1.459684 0.097954 1.318136
v 1.459684 -0.091825 1.318136
v 1.544299 0.097954 1.347506
v 1.544299 -0.091825 1.347506
v 1.633545 0.097954 1.365726
v 1.633545 -0.091825 1.365726
v 1.726605 0.097954 1.371980
v 1.726605 -0.091825 1.371980
v 1.819666 0.097954 1.365726
v 1.819666 -0.091825 1.365726
v 1.908911 0.097954 1.347506
v 1.908911 -0.091825 1.347506
v 1.993527 0.097954 1.318136
v 1.993527 -0.091825 1.318136
v 2.072697 0.097955 1.278431
v 2.072697 -0.091825 1.278431
v 2.145606 0.097955 1.229206
v 2.145606 -0.091825 1.229206
v 2.211440 0.097955 1.171276
v 2.211440 -0.091825 1.171276
v 2.269382 0.097955 1.105457
v 2.269382 -0.091825 1.105457
v 2.318617 0.097955 1.032563
v 2.318617 -0.091825 1.032563
v 2.358330 0.097955 0.953409
v 2.358330 -0.091825 0.953409
v 2.387707 0.097955 0.868812
v 2.387707 -0.091825 0.868812
v 2.405931 0.097955 0.779585
v 2.405931 -0.091825 0.779585
v 2.412186 0.097955 0.686544
v 2.412186 -0.091824 0.686544
vn -0.0000 -1.0000 -0.0000
vn -0.0000 1.0000 -0.0000
vn 0.9942 -0.0000 -0.1074
vn 0.9770 -0.0000 -0.2131
vn 0.9490 -0.0000 -0.3152
vn 0.9109 -0.0000 -0.4127
vn 0.8634 -0.0000 -0.5045
vn 0.8074 -0.0000 -0.5900
vn 0.7433 -0.0000 -0.6690
vn 0.6717 -0.0000 -0.7409
vn 0.5929 -0.0000 -0.8053
vn 0.5073 -0.0000 -0.8618
vn 0.4154 -0.0000 -0.9097
vn 0.2551 -0.0000 -0.9669
vn 0.0749 -0.0000 -0.9972
vn -0.0630 -0.0000 -0.9980
vn -0.2157 -0.0000 -0.9765
vn -0.3750 -0.0000 -0.9270
vn -0.5295 -0.0000 -0.8483
vn -0.6676 -0.0000 -0.7446
vn -0.7814 -0.0000 -0.6241
vn -0.8683 -0.0000 -0.4961
vn -0.9300 -0.0000 -0.3675
vn -0.9703 -0.0000 -0.2420
vn -0.9928 -0.0000 -0.1201
vn -0.9996 -0.0000 -0.0287
vn -1.0000 -0.0000 0.0039
vn -1.0000 -0.0000 0.0059
vn -1.0000 -0.0000 0.0068
vn -1.0000 -0.0000 0.0071
vn -1.0000 -0.0000 0.0069
vn -1.0000 -0.0000 0.0065
vn -1.0000 -0.0000 0.0058
vn -1.0000 -0.0000 0.0050
vn -1.0000 -0.0000 0.0040
vn -1.0000 -0.0000 0.0028
vn -1.0000 -0.0000 0.0015
vn -0.9999 -0.0000 -0.0136
vn -0.9984 -0.0000 -0.0571
vn -0.9932 -0.0000 -0.1166
vn -0.9839 -0.0000 -0.1785
vn -0.9702 -0.0000 -0.2423
vn -0.9515 -0.0000 -0.3076
vn -0.9274 -0.0000 -0.3740
vn -0.8976 -0.0000 -0.4408
vn -0.8617 -0.0000 -0.5074
vn -0.8195 -0.0000 -0.5730
vn -0.7708 -0.0000 -0.6371
vn -0.7153 -0.0000 -0.6988
vn -0.9525 -0.0000 0.3044
vn -0.1652 -0.0000 0.9863
vn -0.2320 -0.0000 0.9727
vn -0.3152 -0.0000 0.9490
vn -0.4145 -0.0000 0.9101
vn -0.5266 -0.0000 0.8501
vn -0.6446 -0.0000 0.7645
vn -0.7576 -0.0000 0.6527
vn -0.8540 -0.0000 0.5202
vn -0.9257 -0.0000 0.3783
vn -0.9710 -0.0000 0.2392
vn -0.9937 -0.0000 0.1122
vn -0.9999 -0.0000 0.0115
vn -0.9982 -0.0000 -0.0598
vn -0.9927 -0.0000 -0.1209
vn -0.9831 -0.0000 -0.1830
vn -0.9695 -0.0000 -0.2452
vn -0.9517 -0.0000 -0.3069
vn -0.9301 -0.0000 -0.3674
vn -0.9047 -0.0000 -0.4260
vn -0.8762 -0.0000 -0.4820
vn -0.8448 -0.0000 -0.5350
vn -0.8112 -0.0000 -0.5847
vn -0.7760 -0.0000 -0.6308
vn -0.9847 -0.0000 -0.1744
vn -0.9430 -0.0000 0.3328
vn -0.9570 -0.0000 0.2901
vn -0.9703 -0.0000 0.2417
vn -0.9821 -0.0000 0.1882
vn -0.9915 -0.0000 0.1298
vn -0.9978 -0.0000 0.0667
vn -1.0000 -0.0000 -0.0008
vn -0.9974 -0.0000 -0.0719
vn -0.9893 -0.0000 -0.1458
vn -0.9752 -0.0000 -0.2214
vn -0.9548 -0.0000 -0.2972
vn -0.6774 -0.0000 -0.7357
vn -0.2176 -0.0000 -0.9760
vn -0.1356 -0.0000 -0.9908
vn -0.0480 -0.0000 -0.9988
vn 0.0395 -0.0000 -0.9992
vn 0.1245 -0.0000 -0.9922
vn 0.2051 -0.0000 -0.9787
vn 0.2803 -0.0000 -0.9599
vn 0.3493 -0.0000 -0.9370
vn 0.4117 -0.0000 -0.9113
vn 0.4677 -0.0000 -0.8839
vn 0.5176 -0.0000 -0.8556
vn 0.1542 -0.0000 -0.9880
vn -0.2473 -0.0000 -0.9689
vn -0.2241 -0.0000 -0.9746
vn -0.2011 -0.0000 -0.9796
vn -0.1783 -0.0000 -0.9840
vn -0.1556 -0.0000 -0.9878
vn -0.1331 -0.0000 -0.9911
vn -0.1107 -0.0000 -0.9938
vn -0.0885 -0.0000 -0.9961
vn -0.0663 -0.0000 -0.9978
vn -0.0441 -0.0000 -0.9990
vn -0.0221 -0.0000 -0.9998
vn -0.0000 -0.0000 -1.0000
vn 0.0221 -0.0000 -0.9998
vn 0.0441 -0.0000 -0.9990
vn 0.0663 -0.0000 -0.9978
vn 0.0885 -0.0000 -0.9961
vn 0.1107 -0.0000 -0.9938
vn 0.1331 -0.0000 -0.9911
vn 0.1556 -0.0000 -0.9878
vn 0.1783 -0.0000 -0.9840
vn 0.2011 -0.0000 -0.9796
vn 0.2241 -0.0000 -0.9746
vn 0.2473 -0.0000 -0.9689
vn -0.1522 -0.0000 -0.9884
vn -0.5145 -0.0000 -0.8575
vn -0.4654 -0.0000 -0.8851
vn -0.4105 -0.0000 -0.9119
vn -0.3493 -0.0000 -0.9370
vn -0.2818 -0.0000 -0.9595
vn -0.2084 -0.0000 -0.9780
vn -0.1296 -0.0000 -0.9916
vn -0.0466 -0.0000 -0.9989
vn 0.0391 -0.0000 -0.9992
vn 0.1250 -0.0000 -0.9922
vn 0.2058 -0.0000 -0.9786
vn 0.6727 -0.0000 -0.7399
vn 0.9548 -0.0000 -0.2972
vn 0.9752 -0.0000 -0.2214
vn 0.9893 -0.0000 -0.1458
vn 0.9974 -0.0000 -0.0719
vn 1.0000 -0.0000 -0.0008
vn 0.9978 -0.0000 0.0667
vn 0.9915 -0.0000 0.1298
vn 0.9821 -0.0000 0.1882
vn 0.9703 -0.0000 0.2417
vn 0.9570 -0.0000 0.2901
vn 0.9430 -0.0000 0.3328
vn 0.9847 -0.0000 -0.1741
vn 0.7767 -0.0000 -0.6299
vn 0.8123 -0.0000 -0.5832
vn 0.8460 -0.0000 -0.5332
vn 0.8772 -0.0000 -0.4802
vn 0.9055 -0.0000 -0.4244
vn 0.9305 -0.0000 -0.3663
vn 0.9519 -0.0000 -0.3064
vn 0.9695 -0.0000 -0.2452
vn 0.9830 -0.0000 -0.1834
vn 0.9926 -0.0000 -0.1215
vn 0.9982 -0.0000 -0.0602
vn 0.9999 -0.0000 0.0113
vn 0.9937 -0.0000 0.1119
vn 0.9711 -0.0000 0.2385
vn 0.9262 -0.0000 0.3771
vn 0.8550 -0.0000 0.5186
vn 0.7592 -0.0000 0.6508
vn 0.6467 -0.0000 0.7627
vn 0.5290 -0.0000 0.8486
vn 0.4169 -0.0000 0.9089
vn 0.3174 -0.0000 0.9483
vn 0.2336 -0.0000 0.9723
vn 0.1660 -0.0000 0.9861
vn 0.9533 -0.0000 0.3019
vn 0.7059 -0.0000 -0.7083
vn 0.7514 -0.0000 -0.6599
vn 0.7926 -0.0000 -0.6098
vn 0.8296 -0.0000 -0.5583
vn 0.8627 -0.0000 -0.5057
vn 0.8919 -0.0000 -0.4523
vn 0.9172 -0.0000 -0.3985
vn 0.9388 -0.0000 -0.3445
vn 0.9568 -0.0000 -0.2907
vn 0.9714 -0.0000 -0.2374
vn 0.9828 -0.0000 -0.1849
vn 0.7864 -0.0000 -0.6177
vn 0.3596 -0.0000 -0.9331
vn 0.2969 -0.0000 -0.9549
vn 0.2226 -0.0000 -0.9749
vn 0.1339 -0.0000 -0.9910
vn 0.0283 -0.0000 -0.9996
vn -0.0950 -0.0000 -0.9955
vn -0.2342 -0.0000 -0.9722
vn -0.3830 -0.0000 -0.9237
vn -0.5306 -0.0000 -0.8476
vn -0.6644 -0.0000 -0.7473
vn -0.7750 -0.0000 -0.6320
vn -0.8291 -0.0000 -0.5591
vn -0.8253 -0.0000 -0.5647
vn -0.8004 -0.0000 -0.5994
vn -0.7714 -0.0000 -0.6364
vn -0.7364 -0.0000 -0.6765
vn -0.6938 -0.0000 -0.7202
vn -0.6411 -0.0000 -0.7674
vn -0.5757 -0.0000 -0.8176
vn -0.4945 -0.0000 -0.8692
vn -0.3947 -0.0000 -0.9188
vn -0.2747 -0.0000 -0.9615
vn -0.1355 -0.0000 -0.9908
vn 0.0024 -0.0000 -1.0000
vn 0.1384 -0.0000 -0.9904
vn 0.3260 -0.0000 -0.9454
vn 0.6087 -0.0000 -0.7934
vn 0.9021 -0.0000 -0.4314
vn 0.9989 -0.0000 0.0460
vn 0.9181 -0.0000 0.3964
vn 0.8081 -0.0000 0.5891
vn 0.7178 -0.0000 0.6962
vn 0.6465 -0.0000 0.7629
vn 0.5865 -0.0000 0.8099
vn 0.5306 -0.0000 0.8476
vn 0.6097 -0.0000 0.7926
vn 0.6921 -0.0000 0.7218
vn 0.7468 -0.0000 0.6651
vn 0.7850 -0.0000 0.6195
vn 0.8132 -0.0000 0.5820
vn 0.8350 -0.0000 0.5503
vn 0.8526 -0.0000 0.5225
vn 0.8677 -0.0000 0.4970
vn 0.8816 -0.0000 0.4720
vn 0.8954 -0.0000 0.4452
vn 0.9113 -0.0000 0.4117
vn 0.9240 -0.0000 0.3824
vn 0.9104 -0.0000 0.4138
vn 0.8648 -0.0000 0.5022
vn 0.8005 -0.0000 0.5993
vn 0.7153 -0.0000 0.6988
vn 0.4882 -0.0000 0.8727
vn 0.3583 -0.0000 0.9336
vn 0.2288 -0.0000 0.9735
vn 0.1071 -0.0000 0.9943
vn -0.0024 -0.0000 1.0000
vn -0.0980 -0.0000 0.9952
vn 0.6545 -0.0000 0.7561
vn 1.0000 -0.0000 0.0023
vn 1.0000 -0.0000 0.0043
vn 1.0000 -0.0000 0.0059
vn 1.0000 -0.0000 0.0074
vn 1.0000 -0.0000 0.0085
vn 1.0000 -0.0000 0.0094
vn 1.0000 -0.0000 0.0099
vn 0.9999 -0.0000 0.0100
vn 1.0000 -0.0000 0.0096
vn 1.0000 -0.0000 0.0083
vn 1.0000 -0.0000 0.0055
vn 0.9996 -0.0000 -0.0283
vn 0.9927 -0.0000 -0.1210
vn 0.9696 -0.0000 -0.2447
vn 0.9281 -0.0000 -0.3723
vn 0.8647 -0.0000 -0.5024
vn 0.7761 -0.0000 -0.6306
vn 0.6619 -0.0000 -0.7496
vn 0.5255 -0.0000 -0.8508
vn 0.3752 -0.0000 -0.9269
vn 0.2220 -0.0000 -0.9751
vn 0.0760 -0.0000 -0.9971
vn -0.0560 -0.0000 -0.9984
vn -0.2434 -0.0000 -0.9699
vn -0.4131 -0.0000 -0.9107
vn -0.5049 -0.0000 -0.8632
vn -0.5906 -0.0000 -0.8069
vn -0.6698 -0.0000 -0.7426
vn -0.7418 -0.0000 -0.6706
vn -0.8064 -0.0000 -0.5914
vn -0.8629 -0.0000 -0.5054
vn -0.9106 -0.0000 -0.4132
vn -0.9489 -0.0000 -0.3154
vn -0.9770 -0.0000 -0.2130
vn -0.9942 -0.0000 -0.1073
vn -1.0000 -0.0000 0.0067
vn -0.9910 -0.0000 0.1339
vn -0.9643 -0.0000 0.2647
vn -0.9212 -0.0000 0.3891
vn -0.8630 -0.0000 0.5051
vn -0.7913 -0.0000 0.6115
vn -0.7070 -0.0000 0.7072
vn -0.6113 -0.0000 0.7914
vn -0.5050 -0.0000 0.8631
vn -0.3889 -0.0000 0.9213
vn -0.2646 -0.0000 0.9644
vn -0.1338 -0.0000 0.9910
vn -0.0000 -0.0000 1.0000
vn 0.1338 -0.0000 0.9910
vn 0.2646 -0.0000 0.9644
vn 0.3889 -0.0000 0.9213
vn 0.5050 -0.0000 0.8631
vn 0.6113 -0.0000 0.7914
vn 0.7070 -0.0000 0.7072
vn 0.7913 -0.0000 0.6115
vn 0.8630 -0.0000 0.5051
vn 0.9212 -0.0000 0.3891
vn 0.9643 -0.0000 0.2647
vn 0.9910 -0.0000 0.1339
vn 1.0000 -0.0000 0.0067
vt 0.956522 0.000000
vt 0.963211 0.000000
vt 0.959866 0.000000
vt 0.953177 0.000000
vt 0.966555 0.000000
vt 0.949833 0.000000
vt 0.969900 0.000000
vt 0.946488 0.000000
vt 0.973244 0.000000
vt 0.943144 0.000000
vt 0.976589 0.000000
vt 0.939799 0.000000
vt 0.979933 0.000000
vt 0.936455 0.000000
vt 0.983278 0.000000
vt 0.933110 0.000000
vt 0.434783 0.000000
vt 0.431438 0.000000
vt 0.428094 0.000000
vt 0.290970 0.000000
vt 0.287625 0.000000
vt 0.284281 0.000000
vt 0.280936 0.000000
vt 0.986622 0.000000
vt 0.294314 0.000000
vt 0.424749 0.000000
vt 0.421405 0.000000
vt 0.297659 0.000000
vt 0.418060 0.000000
vt 0.277592 0.000000
vt 0.438127 0.000000
vt 0.441472 0.000000
vt 0.274247 0.000000
vt 0.301003 0.000000
vt 0.414716 0.000000
vt 0.304348 0.000000
vt 0.411371 0.000000
vt 0.307692 0.000000
vt 0.408027 0.000000
vt 0.311037 0.000000
vt 0.404682 0.000000
vt 0.444816 0.000000
vt 0.270903 0.000000
vt 0.314381 0.000000
vt 0.401338 0.000000
vt 0.361204 0.000000
vt 0.357860 0.000000
vt 0.354515 0.000000
vt 0.448161 0.000000
vt 0.267559 0.000000
vt 0.351171 0.000000
vt 0.364549 0.000000
vt 0.347826 0.000000
vt 0.367893 0.000000
vt 0.344482 0.000000
vt 0.371237 0.000000
vt 0.341137 0.000000
vt 0.374582 0.000000
vt 0.337793 0.000000
vt 0.334448 0.000000
vt 0.331104 0.000000
vt 0.327759 0.000000
vt 0.324415 0.000000
vt 0.321070 0.000000
vt 0.317726 0.000000
vt 0.397993 0.000000
vt 0.394649 0.000000
vt 0.391304 0.000000
vt 0.387960 0.000000
vt 0.384615 0.000000
vt 0.381271 0.000000
vt 0.377926 0.000000
vt 0.929766 0.000000
vt 0.989967 0.000000
vt 0.451505 0.000000
vt 0.264214 0.000000
vt 0.454850 0.000000
vt 0.260870 0.000000
vt 0.458194 0.000000
vt 0.257525 0.000000
vt 0.461538 0.000000
vt 0.254181 0.000000
vt 0.464883 0.000000
vt 0.250836 0.000000
vt 0.926421 0.000000
vt 0.993311 0.000000
vt 0.468227 0.000000
vt 0.247492 0.000000
vt 0.471572 0.000000
vt 0.244147 0.000000
vt 0.474916 0.000000
vt 0.240803 0.000000
vt 0.478261 0.000000
vt 0.237458 0.000000
vt 0.481605 0.000000
vt 0.234114 0.000000
vt 0.230769 0.000000
vt 0.484950 0.000000
vt 0.227425 0.000000
vt 0.488294 0.000000
vt 0.923077 0.000000
vt 0.996656 0.000000
vt 0.224080 0.000000
vt 0.491639 0.000000
vt 0.220736 0.000000
vt 0.494983 0.000000
vt 0.217391 0.000000
vt 0.498328 0.000000
vt 0.214047 0.000000
vt 0.501672 0.000000
vt 0.210702 0.000000
vt 0.505017 0.000000
vt 0.207358 0.000000
vt 0.508361 0.000000
vt 0.919732 0.000000
vt 1.000000 0.000000
vt 0.204013 0.000000
vt 0.511706 0.000000
vt 0.200669 0.000000
vt 0.515050 0.000000
vt 0.197324 0.000000
vt 0.518395 0.000000
vt 0.521739 0.000000
vt 0.193980 0.000000
vt 0.916388 0.000000
vt 0.000000 0.000000
vt 0.525084 0.000000
vt 0.190635 0.000000
vt 0.003344 0.000000
vt 0.913043 0.000000
vt 0.528428 0.000000
vt 0.187291 0.000000
vt 0.531773 0.000000
vt 0.183946 0.000000
vt 0.006689 0.000000
vt 0.909699 0.000000
vt 0.535117 0.000000
vt 0.180602 0.000000
vt 0.538462 0.000000
vt 0.177258 0.000000
vt 0.010033 0.000000
vt 0.906354 0.000000
vt 0.541806 0.000000
vt 0.173913 0.000000
vt 0.682274 0.000000
vt 0.678930 0.000000
vt 0.545151 0.000000
vt 0.170569 0.000000
vt 0.548495 0.000000
vt 0.167224 0.000000
vt 0.675585 0.000000
vt 0.672241 0.000000
vt 0.685619 0.000000
vt 0.688963 0.000000
vt 0.668896 0.000000
vt 0.692308 0.000000
vt 0.665552 0.000000
vt 0.695652 0.000000
vt 0.551839 0.000000
vt 0.163880 0.000000
vt 0.662207 0.000000
vt 0.698997 0.000000
vt 0.013378 0.000000
vt 0.903010 0.000000
vt 0.702341 0.000000
vt 0.658863 0.000000
vt 0.555184 0.000000
vt 0.160535 0.000000
vt 0.705686 0.000000
vt 0.655518 0.000000
vt 0.709030 0.000000
vt 0.558528 0.000000
vt 0.157191 0.000000
vt 0.712375 0.000000
vt 0.652174 0.000000
vt 0.561873 0.000000
vt 0.153846 0.000000
vt 0.715719 0.000000
vt 0.565217 0.000000
vt 0.150502 0.000000
vt 0.719064 0.000000
vt 0.648829 0.000000
vt 0.568562 0.000000
vt 0.722408 0.000000
vt 0.147157 0.000000
vt 0.725753 0.000000
vt 0.571906 0.000000
vt 0.645485 0.000000
vt 0.143813 0.000000
vt 0.575251 0.000000
vt 0.729097 0.000000
vt 0.642140 0.000000
vt 0.140468 0.000000
vt 0.578595 0.000000
vt 0.638796 0.000000
vt 0.732441 0.000000
vt 0.635451 0.000000
vt 0.581940 0.000000
vt 0.137124 0.000000
vt 0.735786 0.000000
vt 0.016722 0.000000
vt 0.585284 0.000000
vt 0.899666 0.000000
vt 0.133779 0.000000
vt 0.739130 0.000000
vt 0.588629 0.000000
vt 0.742475 0.000000
vt 0.130435 0.000000
vt 0.632107 0.000000
vt 0.591973 0.000000
vt 0.745819 0.000000
vt 0.127090 0.000000
vt 0.595318 0.000000
vt 0.628763 0.000000
vt 0.749164 0.000000
vt 0.598662 0.000000
vt 0.123746 0.000000
vt 0.752508 0.000000
vt 0.625418 0.000000
vt 0.602007 0.000000
vt 0.755853 0.000000
vt 0.605351 0.000000
vt 0.120401 0.000000
vt 0.622074 0.000000
vt 0.608696 0.000000
vt 0.759197 0.000000
vt 0.020067 0.000000
vt 0.896321 0.000000
vt 0.612040 0.000000
vt 0.618729 0.000000
vt 0.762542 0.000000
vt 0.615385 0.000000
vt 0.117057 0.000000
vt 0.765886 0.000000
vt 0.113712 0.000000
vt 0.769231 0.000000
vt 0.772575 0.000000
vt 0.110368 0.000000
vt 0.775920 0.000000
vt 0.023411 0.000000
vt 0.892977 0.000000
vt 0.779264 0.000000
vt 0.107023 0.000000
vt 0.782609 0.000000
vt 0.785953 0.000000
vt 0.795987 0.000000
vt 0.802676 0.000000
vt 0.799331 0.000000
vt 0.789298 0.000000
vt 0.103679 0.000000
vt 0.792642 0.000000
vt 0.806020 0.000000
vt 0.026756 0.000000
vt 0.889632 0.000000
vt 0.100334 0.000000
vt 0.809365 0.000000
vt 0.812709 0.000000
vt 0.096990 0.000000
vt 0.816054 0.000000
vt 0.093645 0.000000
vt 0.030100 0.000000
vt 0.886288 0.000000
vt 0.819398 0.000000
vt 0.090301 0.000000
vt 0.822742 0.000000
vt 0.086957 0.000000
vt 0.826087 0.000000
vt 0.829431 0.000000
vt 0.083612 0.000000
vt 0.033445 0.000000
vt 0.882943 0.000000
vt 0.832776 0.000000
vt 0.080268 0.000000
vt 0.836120 0.000000
vt 0.076923 0.000000
vt 0.839465 0.000000
vt 0.842809 0.000000
vt 0.073579 0.000000
vt 0.846154 0.000000
vt 0.070234 0.000000
vt 0.036789 0.000000
vt 0.879599 0.000000
vt 0.849498 0.000000
vt 0.066890 0.000000
vt 0.852843 0.000000
vt 0.063545 0.000000
vt 0.856187 0.000000
vt 0.060201 0.000000
vt 0.859532 0.000000
vt 0.056856 0.000000
vt 0.862876 0.000000
vt 0.053512 0.000000
vt 0.866221 0.000000
vt 0.050167 0.000000
vt 0.869565 0.000000
vt 0.046823 0.000000
vt 0.872910 0.000000
vt 0.876254 0.000000
vt 0.040134 0.000000
vt 0.043478 0.000000
vt 0.000000 1.000000
vt 0.003333 1.000000
vt 0.003333 0.000000
vt 0.006667 1.000000
vt 0.006667 0.000000
vt 0.010000 1.000000
vt 0.010000 0.000000
vt 0.013333 1.000000
vt 0.013333 0.000000
vt 0.016667 1.000000
vt 0.016667 0.000000
vt 0.020000 1.000000
vt 0.020000 0.000000
vt 0.023333 1.000000
vt 0.023333 0.000000
vt 0.026667 1.000000
vt 0.026667 0.000000
vt 0.030000 1.000000
vt 0.030000 0.000000
vt 0.033333 1.000000
vt 0.033333 0.000000
vt 0.036667 1.000000
vt 0.036667 0.000000
vt 0.040000 1.000000
vt 0.040000 0.000000
vt 0.043333 1.000000
vt 0.043333 0.000000
vt 0.046667 1.000000
vt 0.046667 0.000000
vt 0.050000 1.000000
vt 0.050000 0.000000
vt 0.053333 1.000000
vt 0.053333 0.000000
vt 0.056667 1.000000
vt 0.056667 0.000000
vt 0.060000 1.000000
vt 0.060000 0.000000
vt 0.063333 1.000000
vt 0.063333 0.000000
vt 0.066667 1.000000
vt 0.066667 0.000000
vt 0.070000 1.000000
vt 0.070000 0.000000
vt 0.073333 1.000000
vt 0.073333 0.000000
vt 0.076667 1.000000
vt 0.076667 0.000000
vt 0.080000 1.000000
vt 0.080000 0.000000
vt 0.083333 1.000000
vt 0.083333 0.000000
vt 0.086667 1.000000
vt 0.086667 0.000000
vt 0.090000 1.000000
vt 0.090000 0.000000
vt 0.093333 1.000000
vt 0.093333 0.000000
vt 0.096667 1.000000
vt 0.096667 0.000000
vt 0.100000 1.000000
vt 0.100000 0.000000
vt 0.103333 1.000000
vt 0.103333 0.000000
vt 0.106667 1.000000
vt 0.106667 0.000000
vt 0.110000 1.000000
vt 0.110000 0.000000
vt 0.113333 1.000000
vt 0.113333 0.000000
vt 0.116667 1.000000
vt 0.116667 0.000000
vt 0.120000 1.000000
vt 0.120000 0.000000
vt 0.123333 1.000000
vt 0.123333 0.000000
vt 0.126667 1.000000
vt 0.126667 0.000000
vt 0.130000 1.000000
vt 0.130000 0.000000
vt 0.133333 1.000000
vt 0.133333 0.000000
vt 0.136667 1.000000
vt 0.136667 0.000000
vt 0.140000 1.000000
vt 0.140000 0.000000
vt 0.143333 1.000000
vt 0.143333 0.000000
vt 0.146667 1.000000
vt 0.146667 0.000000
vt 0.150000 1.000000
vt 0.150000 0.000000
vt 0.153333 1.000000
vt 0.153333 0.000000
vt 0.156667 1.000000
vt 0.156667 0.000000
vt 0.160000 1.000000
vt 0.160000 0.000000
vt 0.163333 1.000000
vt 0.163333 0.000000
vt 0.166667 1.000000
vt 0.166667 0.000000
vt 0.170000 1.000000
vt 0.170000 0.000000
vt 0.173333 1.000000
vt 0.173333 0.000000
vt 0.176667 1.000000
vt 0.176667 0.000000
vt 0.180000 1.000000
vt 0.180000 0.000000
vt 0.183333 1.000000
vt 0.183333 0.000000
vt 0.186667 1.000000
vt 0.186667 0.000000
vt 0.190000 1.000000
vt 0.190000 0.000000
vt 0.193333 1.000000
vt 0.193333 0.000000
vt 0.196667 1.000000
vt 0.196667 0.000000
vt 0.200000 1.000000
vt 0.200000 0.000000
vt 0.203333 1.000000
vt 0.203333 0.000000
vt 0.206667 1.000000
vt 0.206667 0.000000
vt 0.210000 1.000000
vt 0.210000 0.000000
vt 0.213333 1.000000
vt 0.213333 0.000000
vt 0.216667 1.000000
vt 0.216667 0.000000
vt 0.220000 1.000000
vt 0.220000 0.000000
vt 0.223333 1.000000
vt 0.223333 0.000000
vt 0.226667 1.000000
vt 0.226667 0.000000
vt 0.230000 1.000000
vt 0.230000 0.000000
vt 0.233333 1.000000
vt 0.233333 0.000000
vt 0.236667 1.000000
vt 0.236667 0.000000
vt 0.240000 1.000000
vt 0.240000 0.000000
vt 0.243333 1.000000
vt 0.243333 0.000000
vt 0.246667 1.000000
vt 0.246667 0.000000
vt 0.250000 1.000000
vt 0.250000 0.000000
vt 0.253333 1.000000
vt 0.253333 0.000000
vt 0.256667 1.000000
vt 0.256667 0.000000
vt 0.260000 1.000000
vt 0.260000 0.000000
vt 0.263333 1.000000
vt 0.263333 0.000000
vt 0.266667 1.000000
vt 0.266667 0.000000
vt 0.270000 1.000000
vt 0.270000 0.000000
vt 0.273333 1.000000
vt 0.273333 0.000000
vt 0.276667 1.000000
vt 0.276667 0.000000
vt 0.280000 1.000000
vt 0.280000 0.000000
vt 0.283333 1.000000
vt 0.283333 0.000000
vt 0.286667 1.000000
vt 0.286667 0.000000
vt 0.290000 1.000000
vt 0.290000 0.000000
vt 0.293333 1.000000
vt 0.293333 0.000000
vt 0.296667 1.000000
vt 0.296667 0.000000
vt 0.300000 1.000000
vt 0.300000 0.000000
vt 0.303333 1.000000
vt 0.303333 0.000000
vt 0.306667 1.000000
vt 0.306667 0.000000
vt 0.310000 1.000000
vt 0.310000 0.000000
vt 0.313333 1.000000
vt 0.313333 0.000000
vt 0.316667 1.000000
vt 0.316667 0.000000
vt 0.320000 1.000000
vt 0.320000 0.000000
vt 0.323333 1.000000
vt 0.323333 0.000000
vt 0.326667 1.000000
vt 0.326667 0.000000
vt 0.330000 1.000000
vt 0.330000 0.000000
vt 0.333333 1.000000
vt 0.333333 0.000000
vt 0.336667 1.000000
vt 0.336667 0.000000
vt 0.340000 1.000000
vt 0.340000 0.000000
vt 0.343333 1.000000
vt 0.343333 0.000000
vt 0.346667 1.000000
vt 0.346667 0.000000
vt 0.350000 1.000000
vt 0.350000 0.000000
vt 0.353333 1.000000
vt 0.353333 0.000000
vt 0.356667 1.000000
vt 0.356667 0.000000
vt 0.360000 1.000000
vt 0.360000 0.000000
vt 0.363333 1.000000
vt 0.363333 0.000000
vt 0.366667 1.000000
vt 0.366667 0.000000
vt 0.370000 1.000000
vt 0.370000 0.000000
vt 0.373333 1.000000
vt 0.373333 0.000000
vt 0.376667 1.000000
vt 0.376667 0.000000
vt 0.380000 1.000000
vt 0.380000 0.000000
vt 0.383333 1.000000
vt 0.383333 0.000000
vt 0.386667 1.000000
vt 0.386667 0.000000
vt 0.390000 1.000000
vt 0.390000 0.000000
vt 0.393333 1.000000
vt 0.393333 0.000000
vt 0.396667 1.000000
vt 0.396667 0.000000
vt 0.400000 1.000000
vt 0.400000 0.000000
vt 0.403333 1.000000
vt 0.403333 0.000000
vt 0.406667 1.000000
vt 0.406667 0.000000
vt 0.410000 1.000000
vt 0.410000 0.000000
vt 0.413333 1.000000
vt 0.413333 0.000000
vt 0.416667 1.000000
vt 0.416667 0.000000
vt 0.420000 1.000000
vt 0.420000 0.000000
vt 0.423333 1.000000
vt 0.423333 0.000000
vt 0.426667 1.000000
vt 0.426667 0.000000
vt 0.430000 1.000000
vt 0.430000 0.000000
vt 0.433333 1.000000
vt 0.433333 0.000000
vt 0.436667 1.000000
vt 0.436667 0.000000
vt 0.440000 1.000000
vt 0.440000 0.000000
vt 0.443333 1.000000
vt 0.443333 0.000000
vt 0.446667 1.000000
vt 0.446667 0.000000
vt 0.450000 1.000000
vt 0.450000 0.000000
vt 0.453333 1.000000
vt 0.453333 0.000000
vt 0.456667 1.000000
vt 0.456667 0.000000
vt 0.460000 1.000000
vt 0.460000 0.000000
vt 0.463333 1.000000
vt 0.463333 0.000000
vt 0.466667 1.000000
vt 0.466667 0.000000
vt 0.470000 1.000000
vt 0.470000 0.000000
vt 0.473333 1.000000
vt 0.473333 0.000000
vt 0.476667 1.000000
vt 0.476667 0.000000
vt 0.480000 1.000000
vt 0.480000 0.000000
vt 0.483333 1.000000
vt 0.483333 0.000000
vt 0.486667 1.000000
vt 0.486667 0.000000
vt 0.490000 1.000000
vt 0.490000 0.000000
vt 0.493333 1.000000
vt 0.493333 0.000000
vt 0.496667 1.000000
vt 0.496667 0.000000
vt 0.500000 1.000000
vt 0.500000 0.000000
vt 0.503333 1.000000
vt 0.503333 0.000000
vt 0.506667 1.000000
vt 0.506667 0.000000
vt 0.510000 1.000000
vt 0.510000 0.000000
vt 0.513333 1.000000
vt 0.513333 0.000000
vt 0.516667 1.000000
vt 0.516667 0.000000
vt 0.520000 1.000000
vt 0.520000 0.000000
vt 0.523333 1.000000
vt 0.523333 0.000000
vt 0.526667 1.000000
vt 0.526667 0.000000
vt 0.530000 1.000000
vt 0.530000 0.000000
vt 0.533333 1.000000
vt 0.533333 0.000000
vt 0.536667 1.000000
vt 0.536667 0.000000
vt 0.540000 1.000000
vt 0.540000 0.000000
vt 0.543333 1.000000
vt 0.543333 0.000000
vt 0.546667 1.000000
vt 0.546667 0.000000
vt 0.550000 1.000000
vt 0.550000 0.000000
vt 0.553333 1.000000
vt 0.553333 0.000000
vt 0.556667 1.000000
vt 0.556667 0.000000
vt 0.560000 1.000000
vt 0.560000 0.000000
vt 0.563333 1.000000
vt 0.563333 0.000000
vt 0.566667 1.000000
vt 0.566667 0.000000
vt 0.570000 1.000000
vt 0.570000 0.000000
vt 0.573333 1.000000
vt 0.573333 0.000000
vt 0.576667 1.000000
vt 0.576667 0.000000
vt 0.580000 1.000000
vt 0.580000 0.000000
vt 0.583333 1.000000
vt 0.583333 0.000000
vt 0.586667 1.000000
vt 0.586667 0.000000
vt 0.590000 1.000000
vt 0.590000 0.000000
vt 0.593333 1.000000
vt 0.593333 0.000000
vt 0.596667 1.000000
vt 0.596667 0.000000
vt 0.600000 1.000000
vt 0.600000 0.000000
vt 0.603333 1.000000
vt 0.603333 0.000000
vt 0.606667 1.000000
vt 0.606667 0.000000
vt 0.610000 1.000000
vt 0.610000 0.000000
vt 0.613333 1.000000
vt 0.613333 0.000000
vt 0.616667 1.000000
vt 0.616667 0.000000
vt 0.620000 1.000000
vt 0.620000 0.000000
vt 0.623333 1.000000
vt 0.623333 0.000000
vt 0.626667 1.000000
vt 0.626667 0.000000
vt 0.630000 1.000000
vt 0.630000 0.000000
vt 0.633333 1.000000
vt 0.633333 0.000000
vt 0.636667 1.000000
vt 0.636667 0.000000
vt 0.640000 1.000000
vt 0.640000 0.000000
vt 0.643333 1.000000
vt 0.643333 0.000000
vt 0.646667 1.000000
vt 0.646667 0.000000
vt 0.650000 1.000000
vt 0.650000 0.000000
vt 0.653333 1.000000
vt 0.653333 0.000000
vt 0.656667 1.000000
vt 0.656667 0.000000
vt 0.660000 1.000000
vt 0.660000 0.000000
vt 0.663333 1.000000
vt 0.663333 0.000000
vt 0.666667 1.000000
vt 0.666667 0.000000
vt 0.670000 1.000000
vt 0.670000 0.000000
vt 0.673333 1.000000
vt 0.673333 0.000000
vt 0.676667 1.000000
vt 0.676667 0.000000
vt 0.680000 1.000000
vt 0.680000 0.000000
vt 0.683333 1.000000
vt 0.683333 0.000000
vt 0.686667 1.000000
vt 0.686667 0.000000
vt 0.690000 1.000000
vt 0.690000 0.000000
vt 0.693333 1.000000
vt 0.693333 0.000000
vt 0.696667 1.000000
vt 0.696667 0.000000
vt 0.700000 1.000000
vt 0.700000 0.000000
vt 0.703333 1.000000
vt 0.703333 0.000000
vt 0.706667 1.000000
vt 0.706667 0.000000
vt 0.710000 1.000000
vt 0.710000 0.000000
vt 0.713333 1.000000
vt 0.713333 0.000000
vt 0.716667 1.000000
vt 0.716667 0.000000
vt 0.720000 1.000000
vt 0.720000 0.000000
vt 0.723333 1.000000
vt 0.723333 0.000000
vt 0.726667 1.000000
vt 0.726667 0.000000
vt 0.730000 1.000000
vt 0.730000 0.000000
vt 0.733333 1.000000
vt 0.733333 0.000000
vt 0.736667 1.000000
vt 0.736667 0.000000
vt 0.740000 1.000000
vt 0.740000 0.000000
vt 0.743333 1.000000
vt 0.743333 0.000000
vt 0.746667 1.000000
vt 0.746667 0.000000
vt 0.750000 1.000000
vt 0.750000 0.000000
vt 0.753333 1.000000
vt 0.753333 0.000000
vt 0.756667 1.000000
vt 0.756667 0.000000
vt 0.760000 1.000000
vt 0.760000 0.000000
vt 0.763333 1.000000
vt 0.763333 0.000000
vt 0.766667 1.000000
vt 0.766667 0.000000
vt 0.770000 1.000000
vt 0.770000 0.000000
vt 0.773333 1.000000
vt 0.773333 0.000000
vt 0.776667 1.000000
vt 0.776667 0.000000
vt 0.780000 1.000000
vt 0.780000 0.000000
vt 0.783333 1.000000
vt 0.783333 0.000000
vt 0.786667 1.000000
vt 0.786667 0.000000
vt 0.790000 1.000000
vt 0.790000 0.000000
vt 0.793333 1.000000
vt 0.793333 0.000000
vt 0.796667 1.000000
vt 0.796667 0.000000
vt 0.800000 1.000000
vt 0.800000 0.000000
vt 0.803333 1.000000
vt 0.803333 0.000000
vt 0.806667 1.000000
vt 0.806667 0.000000
vt 0.810000 1.000000
vt 0.810000 0.000000
vt 0.813333 1.000000
vt 0.813333 0.000000
vt 0.816667 1.000000
vt 0.816667 0.000000
vt 0.820000 1.000000
vt 0.820000 0.000000
vt 0.823333 1.000000
vt 0.823333 0.000000
vt 0.826667 1.000000
vt 0.826667 0.000000
vt 0.830000 1.000000
vt 0.830000 0.000000
vt 0.833333 1.000000
vt 0.833333 0.000000
vt 0.836667 1.000000
vt 0.836667 0.000000
vt 0.840000 1.000000
vt 0.840000 0.000000
vt 0.843333 1.000000
vt 0.843333 0.000000
vt 0.846667 1.000000
vt 0.846667 0.000000
vt 0.850000 1.000000
vt 0.850000 0.000000
vt 0.853333 1.000000
vt 0.853333 0.000000
vt 0.856667 1.000000
vt 0.856667 0.000000
vt 0.860000 1.000000
vt 0.860000 0.000000
vt 0.863333 1.000000
vt 0.863333 0.000000
vt 0.866667 1.000000
vt 0.866667 0.000000
vt 0.870000 1.000000
vt 0.870000 0.000000
vt 0.873333 1.000000
vt 0.873333 0.000000
vt 0.876667 1.000000
vt 0.876667 0.000000
vt 0.880000 1.000000
vt 0.880000 0.000000
vt 0.883333 1.000000
vt 0.883333 0.000000
vt 0.886667 1.000000
vt 0.886667 0.000000
vt 0.890000 1.000000
vt 0.890000 0.000000
vt 0.893333 1.000000
vt 0.893333 0.000000
vt 0.896667 1.000000
vt 0.896667 0.000000
vt 0.900000 1.000000
vt 0.900000 0.000000
vt 0.903333 1.000000
vt 0.903333 0.000000
vt 0.906667 1.000000
vt 0.906667 0.000000
vt 0.910000 1.000000
vt 0.910000 0.000000
vt 0.913333 1.000000
vt 0.913333 0.000000
vt 0.916667 1.000000
vt 0.916667 0.000000
vt 0.920000 1.000000
vt 0.920000 0.000000
vt 0.923333 1.000000
vt 0.923333 0.000000
vt 0.926667 1.000000
vt 0.926667 0.000000
vt 0.930000 1.000000
vt 0.930000 0.000000
vt 0.933333 1.000000
vt 0.933333 0.000000
vt 0.936667 1.000000
vt 0.936667 0.000000
vt 0.940000 1.000000
vt 0.940000 0.000000
vt 0.943333 1.000000
vt 0.943333 0.000000
vt 0.946667 1.000000
vt 0.946667 0.000000
vt 0.950000 1.000000
vt 0.950000 0.000000
vt 0.953333 1.000000
vt 0.953333 0.000000
vt 0.956667 1.000000
vt 0.956667 0.000000
vt 0.960000 1.000000
vt 0.960000 0.000000
vt 0.963333 1.000000
vt 0.963333 0.000000
vt 0.966667 1.000000
vt 0.966667 0.000000
vt 0.970000 1.000000
vt 0.970000 0.000000
vt 0.973333 1.000000
vt 0.973333 0.000000
vt 0.976667 1.000000
vt 0.976667 0.000000
vt 0.980000 1.000000
vt 0.980000 0.000000
vt 0.983333 1.000000
vt 0.983333 0.000000
vt 0.986667 1.000000
vt 0.986667 0.000000
vt 0.990000 1.000000
vt 0.990000 0.000000
vt 0.993333 1.000000
vt 0.993333 0.000000
vt 0.996667 1.000000
vt 0.996667 0.000000
vt 1.000000 1.000000
s 0
usemtl SVGMat.002
f 5047/3257/555 5049/3258/555 5048/3259/555
f 5046/3260/555 5049/3258/555 5047/3257/555
f 5046/3260/555 5050/3261/555 5049/3258/555
f 5045/3262/555 5050/3261/555 5046/3260/555
f 5045/3262/555 5051/3263/555 5050/3261/555
f 5044/3264/555 5051/3263/555 5045/3262/555
f 5044/3264/555 5052/3265/555 5051/3263/555
f 5043/3266/555 5052/3265/555 5044/3264/555
f 5043/3266/555 5053/3267/555 5052/3265/555
f 5042/3268/555 5053/3267/555 5043/3266/555
f 5042/3268/555 5054/3269/555 5053/3267/555
f 5041/3270/555 5054/3269/555 5042/3268/555
f 5041/3270/555 5055/3271/555 5054/3269/555
f 5040/3272/555 4891/3273/555 5041/3270/555
f 4891/3273/555 4890/3274/555 5041/3270/555
f 4890/3274/555 4889/3275/555 5041/3270/555
f 4889/3275/555 5055/3271/555 5041/3270/555
f 4889/3275/555 4848/3276/555 5055/3271/555
f 4848/3276/555 4847/3277/555 5055/3271/555
f 4847/3277/555 4846/3278/555 5055/3271/555
f 4846/3278/555 4845/3279/555 5055/3271/555
f 4845/3279/555 5056/3280/555 5055/3271/555
f 4889/3275/555 4849/3281/555 4848/3276/555
f 4888/3282/555 4849/3281/555 4889/3275/555
f 4887/3283/555 4849/3281/555 4888/3282/555
f 4887/3283/555 4850/3284/555 4849/3281/555
f 4886/3285/555 4850/3284/555 4887/3283/555
f 4844/3286/555 5056/3280/555 4845/3279/555
f 5040/3272/555 4892/3287/555 4891/3273/555
f 5040/3272/555 4893/3288/555 4892/3287/555
f 4843/3289/555 5056/3280/555 4844/3286/555
f 4886/3285/555 4851/3290/555 4850/3284/555
f 4885/3291/555 4851/3290/555 4886/3285/555
f 4885/3291/555 4852/3292/555 4851/3290/555
f 4884/3293/555 4852/3292/555 4885/3291/555
f 4884/3293/555 4853/3294/555 4852/3292/555
f 4883/3295/555 4853/3294/555 4884/3293/555
f 4883/3295/555 4854/3296/555 4853/3294/555
f 4882/3297/555 4854/3296/555 4883/3295/555
f 5040/3272/555 4894/3298/555 4893/3288/555
f 4842/3299/555 5056/3280/555 4843/3289/555
f 4882/3297/555 4855/3300/555 4854/3296/555
f 4881/3301/555 4869/3302/555 4882/3297/555
f 4869/3302/555 4868/3303/555 4882/3297/555
f 4868/3303/555 4867/3304/555 4882/3297/555
f 4867/3304/555 4855/3300/555 4882/3297/555
f 5040/3272/555 4895/3305/555 4894/3298/555
f 4841/3306/555 5056/3280/555 4842/3299/555
f 4866/3307/555 4855/3300/555 4867/3304/555
f 4881/3301/555 4870/3308/555 4869/3302/555
f 4865/3309/555 4855/3300/555 4866/3307/555
f 4881/3301/555 4871/3310/555 4870/3308/555
f 4864/3311/555 4855/3300/555 4865/3309/555
f 4881/3301/555 4872/3312/555 4871/3310/555
f 4863/3313/555 4855/3300/555 4864/3311/555
f 4881/3301/555 4873/3314/555 4872/3312/555
f 4863/3313/555 4862/3315/555 4855/3300/555
f 4862/3315/555 4861/3316/555 4855/3300/555
f 4861/3316/555 4860/3317/555 4855/3300/555
f 4860/3317/555 4859/3318/555 4855/3300/555
f 4859/3318/555 4858/3319/555 4855/3300/555
f 4858/3319/555 4857/3320/555 4855/3300/555
f 4857/3320/555 4856/3321/555 4855/3300/555
f 4880/3322/555 4879/3323/555 4881/3301/555
f 4879/3323/555 4878/3324/555 4881/3301/555
f 4878/3324/555 4877/3325/555 4881/3301/555
f 4877/3325/555 4876/3326/555 4881/3301/555
f 4876/3326/555 4875/3327/555 4881/3301/555
f 4875/3327/555 4874/3328/555 4881/3301/555
f 4874/3328/555 4873/3314/555 4881/3301/555
f 5039/3329/555 4895/3305/555 5040/3272/555
f 4841/3306/555 5057/3330/555 5056/3280/555
f 5039/3329/555 4896/3331/555 4895/3305/555
f 4840/3332/555 5057/3330/555 4841/3306/555
f 5039/3329/555 4897/3333/555 4896/3331/555
f 4839/3334/555 5057/3330/555 4840/3332/555
f 5039/3329/555 4898/3335/555 4897/3333/555
f 4838/3336/555 5057/3330/555 4839/3334/555
f 5039/3329/555 4899/3337/555 4898/3335/555
f 4837/3338/555 5057/3330/555 4838/3336/555
f 5039/3329/555 4900/3339/555 4899/3337/555
f 4836/3340/555 5057/3330/555 4837/3338/555
f 5038/3341/555 4900/3339/555 5039/3329/555
f 4836/3340/555 5058/3342/555 5057/3330/555
f 5038/3341/555 4901/3343/555 4900/3339/555
f 4835/3344/555 5058/3342/555 4836/3340/555
f 5038/3341/555 4902/3345/555 4901/3343/555
f 4834/3346/555 5058/3342/555 4835/3344/555
f 5038/3341/555 4903/3347/555 4902/3345/555
f 4833/3348/555 5058/3342/555 4834/3346/555
f 5038/3341/555 4904/3349/555 4903/3347/555
f 4832/3350/555 5058/3342/555 4833/3348/555
f 5038/3341/555 4905/3351/555 4904/3349/555
f 4831/3352/555 5058/3342/555 4832/3350/555
f 4830/3353/555 5058/3342/555 4831/3352/555
f 5038/3341/555 4906/3354/555 4905/3351/555
f 4829/3355/555 5058/3342/555 4830/3353/555
f 5038/3341/555 4907/3356/555 4906/3354/555
f 5037/3357/555 4907/3356/555 5038/3341/555
f 4829/3355/555 5059/3358/555 5058/3342/555
f 4828/3359/555 5059/3358/555 4829/3355/555
f 5037/3357/555 4908/3360/555 4907/3356/555
f 4827/3361/555 5059/3358/555 4828/3359/555
f 5037/3357/555 4909/3362/555 4908/3360/555
f 4826/3363/555 5059/3358/555 4827/3361/555
f 5037/3357/555 4910/3364/555 4909/3362/555
f 4825/3365/555 5059/3358/555 4826/3363/555
f 5037/3357/555 4911/3366/555 4910/3364/555
f 4824/3367/555 5059/3358/555 4825/3365/555
f 5037/3357/555 4912/3368/555 4911/3366/555
f 4823/3369/555 5059/3358/555 4824/3367/555
f 5037/3357/555 4913/3370/555 4912/3368/555
f 5036/3371/555 4913/3370/555 5037/3357/555
f 4823/3369/555 5060/3372/555 5059/3358/555
f 4822/3373/555 5060/3372/555 4823/3369/555
f 5036/3371/555 4914/3374/555 4913/3370/555
f 4821/3375/555 5060/3372/555 4822/3373/555
f 5036/3371/555 4915/3376/555 4914/3374/555
f 4820/3377/555 5060/3372/555 4821/3375/555
f 5036/3371/555 4916/3378/555 4915/3376/555
f 5036/3371/555 4917/3379/555 4916/3378/555
f 4819/3380/555 5060/3372/555 4820/3377/555
f 5035/3381/555 4917/3379/555 5036/3371/555
f 4819/3380/555 4761/3382/555 5060/3372/555
f 5035/3381/555 4918/3383/555 4917/3379/555
f 4818/3384/555 4761/3382/555 4819/3380/555
f 4818/3384/555 4762/3385/555 4761/3382/555
f 5034/3386/555 4918/3383/555 5035/3381/555
f 5034/3386/555 4919/3387/555 4918/3383/555
f 4817/3388/555 4762/3385/555 4818/3384/555
f 5034/3386/555 4920/3389/555 4919/3387/555
f 4816/3390/555 4762/3385/555 4817/3388/555
f 4816/3390/555 4763/3391/555 4762/3385/555
f 5033/3392/555 4920/3389/555 5034/3386/555
f 5033/3392/555 4921/3393/555 4920/3389/555
f 4815/3394/555 4763/3391/555 4816/3390/555
f 5033/3392/555 4922/3395/555 4921/3393/555
f 4814/3396/555 4763/3391/555 4815/3394/555
f 4814/3396/555 4764/3397/555 4763/3391/555
f 5032/3398/555 4922/3395/555 5033/3392/555
f 5032/3398/555 4923/3399/555 4922/3395/555
f 4813/3400/555 4764/3397/555 4814/3396/555
f 5032/3398/555 4965/3401/555 4923/3399/555
f 4965/3401/555 4964/3402/555 4923/3399/555
f 4964/3402/555 4924/3403/555 4923/3399/555
f 4812/3404/555 4764/3397/555 4813/3400/555
f 4964/3402/555 4925/3405/555 4924/3403/555
f 4811/3406/555 4764/3397/555 4812/3404/555
f 4963/3407/555 4925/3405/555 4964/3402/555
f 4962/3408/555 4925/3405/555 4963/3407/555
f 5032/3398/555 4966/3409/555 4965/3401/555
f 5032/3398/555 4967/3410/555 4966/3409/555
f 4961/3411/555 4925/3405/555 4962/3408/555
f 5032/3398/555 4968/3412/555 4967/3410/555
f 4960/3413/555 4925/3405/555 4961/3411/555
f 5032/3398/555 4969/3414/555 4968/3412/555
f 4960/3413/555 4926/3415/555 4925/3405/555
f 4810/3416/555 4764/3397/555 4811/3406/555
f 4959/3417/555 4926/3415/555 4960/3413/555
f 5032/3398/555 4970/3418/555 4969/3414/555
f 4810/3416/555 4765/3419/555 4764/3397/555
f 5031/3420/555 4970/3418/555 5032/3398/555
f 5031/3420/555 4971/3421/555 4970/3418/555
f 4958/3422/555 4926/3415/555 4959/3417/555
f 4958/3422/555 4927/3423/555 4926/3415/555
f 4809/3424/555 4765/3419/555 4810/3416/555
f 5031/3420/555 4972/3425/555 4971/3421/555
f 4957/3426/555 4927/3423/555 4958/3422/555
f 5031/3420/555 4973/3427/555 4972/3425/555
f 4957/3426/555 4928/3428/555 4927/3423/555
f 4808/3429/555 4765/3419/555 4809/3424/555
f 5031/3420/555 4974/3430/555 4973/3427/555
f 4956/3431/555 4928/3428/555 4957/3426/555
f 4956/3431/555 4929/3432/555 4928/3428/555
f 4807/3433/555 4765/3419/555 4808/3429/555
f 5031/3420/555 4975/3434/555 4974/3430/555
f 4956/3431/555 4930/3435/555 4929/3432/555
f 4806/3436/555 4765/3419/555 4807/3433/555
f 5031/3420/555 4976/3437/555 4975/3434/555
f 4955/3438/555 4930/3435/555 4956/3431/555
f 4955/3438/555 4931/3439/555 4930/3435/555
f 5031/3420/555 4977/3440/555 4976/3437/555
f 4805/3441/555 4765/3419/555 4806/3436/555
f 5031/3420/555 4978/3442/555 4977/3440/555
f 4955/3438/555 4932/3443/555 4931/3439/555
f 4954/3444/555 4932/3443/555 4955/3438/555
f 4804/3445/555 4765/3419/555 4805/3441/555
f 4954/3444/555 4933/3446/555 4932/3443/555
f 5031/3420/555 4979/3447/555 4978/3442/555
f 4953/3448/555 4933/3446/555 4954/3444/555
f 4803/3449/555 4765/3419/555 4804/3445/555
f 4953/3448/555 4934/3450/555 4933/3446/555
f 4952/3451/555 4934/3450/555 4953/3448/555
f 5031/3420/555 4980/3452/555 4979/3447/555
f 4951/3453/555 4934/3450/555 4952/3451/555
f 4951/3453/555 4935/3454/555 4934/3450/555
f 4802/3455/555 4765/3419/555 4803/3449/555
f 5031/3420/555 4981/3456/555 4980/3452/555
f 4802/3455/555 4766/3457/555 4765/3419/555
f 4951/3453/555 4936/3458/555 4935/3454/555
f 5030/3459/555 4981/3456/555 5031/3420/555
f 4801/3460/555 4766/3457/555 4802/3455/555
f 5030/3459/555 4982/3461/555 4981/3456/555
f 4951/3453/555 4937/3462/555 4936/3458/555
f 5030/3459/555 4983/3463/555 4982/3461/555
f 4800/3464/555 4766/3457/555 4801/3460/555
f 4950/3465/555 4937/3462/555 4951/3453/555
f 4950/3465/555 4938/3466/555 4937/3462/555
f 5030/3459/555 4984/3467/555 4983/3463/555
f 4799/3468/555 4766/3457/555 4800/3464/555
f 4950/3465/555 4939/3469/555 4938/3466/555
f 4949/3470/555 4939/3469/555 4950/3465/555
f 5030/3459/555 4985/3471/555 4984/3467/555
f 4949/3470/555 4940/3472/555 4939/3469/555
f 4798/3473/555 4766/3457/555 4799/3468/555
f 5030/3459/555 4986/3474/555 4985/3471/555
f 4948/3475/555 4940/3472/555 4949/3470/555
f 4948/3475/555 4941/3476/555 4940/3472/555
f 5030/3459/555 4987/3477/555 4986/3474/555
f 4948/3475/555 4942/3478/555 4941/3476/555
f 4797/3479/555 4766/3457/555 4798/3473/555
f 4947/3480/555 4942/3478/555 4948/3475/555
f 4947/3480/555 4943/3481/555 4942/3478/555
f 5030/3459/555 4988/3482/555 4987/3477/555
f 4797/3479/555 4767/3483/555 4766/3457/555
f 5029/3484/555 4988/3482/555 5030/3459/555
f 4947/3480/555 4944/3485/555 4943/3481/555
f 4946/3486/555 4944/3485/555 4947/3480/555
f 5029/3484/555 4989/3487/555 4988/3482/555
f 4946/3486/555 4945/3488/555 4944/3485/555
f 4796/3489/555 4767/3483/555 4797/3479/555
f 5029/3484/555 4990/3490/555 4989/3487/555
f 4795/3491/555 4767/3483/555 4796/3489/555
f 5029/3484/555 4991/3492/555 4990/3490/555
f 5029/3484/555 4992/3493/555 4991/3492/555
f 4794/3494/555 4767/3483/555 4795/3491/555
f 5029/3484/555 4993/3495/555 4992/3493/555
f 4794/3494/555 4768/3496/555 4767/3483/555
f 5028/3497/555 4993/3495/555 5029/3484/555
f 5028/3497/555 4994/3498/555 4993/3495/555
f 4793/3499/555 4768/3496/555 4794/3494/555
f 5028/3497/555 4995/3500/555 4994/3498/555
f 5028/3497/555 4996/3501/555 4995/3500/555
f 4999/3502/555 5001/3503/555 5000/3504/555
f 5028/3497/555 4997/3505/555 4996/3501/555
f 4792/3506/555 4768/3496/555 4793/3499/555
f 4998/3507/555 5001/3503/555 4999/3502/555
f 5028/3497/555 4998/3507/555 4997/3505/555
f 5028/3497/555 5001/3503/555 4998/3507/555
f 5028/3497/555 5002/3508/555 5001/3503/555
f 4792/3506/555 4769/3509/555 4768/3496/555
f 5027/3510/555 5002/3508/555 5028/3497/555
f 4791/3511/555 4769/3509/555 4792/3506/555
f 5027/3510/555 5003/3512/555 5002/3508/555
f 5027/3510/555 5004/3513/555 5003/3512/555
f 4790/3514/555 4769/3509/555 4791/3511/555
f 5027/3510/555 5005/3515/555 5004/3513/555
f 4789/3516/555 4769/3509/555 4790/3514/555
f 4789/3516/555 4770/3517/555 4769/3509/555
f 5026/3518/555 5005/3515/555 5027/3510/555
f 5026/3518/555 5006/3519/555 5005/3515/555
f 4788/3520/555 4770/3517/555 4789/3516/555
f 5026/3518/555 5007/3521/555 5006/3519/555
f 4787/3522/555 4770/3517/555 4788/3520/555
f 5026/3518/555 5008/3523/555 5007/3521/555
f 5026/3518/555 5009/3524/555 5008/3523/555
f 4786/3525/555 4770/3517/555 4787/3522/555
f 4786/3525/555 4771/3526/555 4770/3517/555
f 5025/3527/555 5009/3524/555 5026/3518/555
f 5025/3527/555 5010/3528/555 5009/3524/555
f 4785/3529/555 4771/3526/555 4786/3525/555
f 5025/3527/555 5011/3530/555 5010/3528/555
f 4784/3531/555 4771/3526/555 4785/3529/555
f 5025/3527/555 5012/3532/555 5011/3530/555
f 5025/3527/555 5013/3533/555 5012/3532/555
f 4783/3534/555 4771/3526/555 4784/3531/555
f 5025/3527/555 5014/3535/555 5013/3533/555
f 4782/3536/555 4771/3526/555 4783/3534/555
f 4782/3536/555 4772/3537/555 4771/3526/555
f 5024/3538/555 5014/3535/555 5025/3527/555
f 5024/3538/555 5015/3539/555 5014/3535/555
f 4781/3540/555 4772/3537/555 4782/3536/555
f 5024/3538/555 5016/3541/555 5015/3539/555
f 4780/3542/555 4772/3537/555 4781/3540/555
f 5024/3538/555 5017/3543/555 5016/3541/555
f 4779/3544/555 4772/3537/555 4780/3542/555
f 5024/3538/555 5018/3545/555 5017/3543/555
f 4778/3546/555 4772/3537/555 4779/3544/555
f 5024/3538/555 5019/3547/555 5018/3545/555
f 4777/3548/555 4772/3537/555 4778/3546/555
f 5024/3538/555 5020/3549/555 5019/3547/555
f 4776/3550/555 4772/3537/555 4777/3548/555
f 5024/3538/555 5021/3551/555 5020/3549/555
f 4775/3552/555 4772/3537/555 4776/3550/555
f 5024/3538/555 5022/3553/555 5021/3551/555
f 5023/3554/555 5022/3553/555 5024/3538/555
f 4775/3552/555 4773/3555/555 4772/3537/555
f 4774/3556/555 4773/3555/555 4775/3552/555
f 5347/3257/556 5348/3259/556 5349/3258/556
f 5346/3260/556 5347/3257/556 5349/3258/556
f 5346/3260/556 5349/3258/556 5350/3261/556
f 5345/3262/556 5346/3260/556 5350/3261/556
f 5345/3262/556 5350/3261/556 5351/3263/556
f 5344/3264/556 5345/3262/556 5351/3263/556
f 5344/3264/556 5351/3263/556 5352/3265/556
f 5343/3266/556 5344/3264/556 5352/3265/556
f 5343/3266/556 5352/3265/556 5353/3267/556
f 5342/3268/556 5343/3266/556 5353/3267/556
f 5342/3268/556 5353/3267/556 5354/3269/556
f 5341/3270/556 5342/3268/556 5354/3269/556
f 5341/3270/556 5354/3269/556 5355/3271/556
f 5340/3272/556 5341/3270/556 5191/3273/556
f 5191/3273/556 5341/3270/556 5190/3274/556
f 5190/3274/556 5341/3270/556 5189/3275/556
f 5189/3275/556 5341/3270/556 5355/3271/556
f 5189/3275/556 5355/3271/556 5148/3276/556
f 5148/3276/556 5355/3271/556 5147/3277/556
f 5147/3277/556 5355/3271/556 5146/3278/556
f 5146/3278/556 5355/3271/556 5145/3279/556
f 5145/3279/556 5355/3271/556 5356/3280/556
f 5189/3275/556 5148/3276/556 5149/3281/556
f 5188/3282/556 5189/3275/556 5149/3281/556
f 5187/3283/556 5188/3282/556 5149/3281/556
f 5187/3283/556 5149/3281/556 5150/3284/556
f 5186/3285/556 5187/3283/556 5150/3284/556
f 5144/3286/556 5145/3279/556 5356/3280/556
f 5340/3272/556 5191/3273/556 5192/3287/556
f 5340/3272/556 5192/3287/556 5193/3288/556
f 5143/3289/556 5144/3286/556 5356/3280/556
f 5186/3285/556 5150/3284/556 5151/3290/556
f 5185/3291/556 5186/3285/556 5151/3290/556
f 5185/3291/556 5151/3290/556 5152/3292/556
f 5184/3293/556 5185/3291/556 5152/3292/556
f 5184/3293/556 5152/3292/556 5153/3294/556
f 5183/3295/556 5184/3293/556 5153/3294/556
f 5183/3295/556 5153/3294/556 5154/3296/556
f 5182/3297/556 5183/3295/556 5154/3296/556
f 5340/3272/556 5193/3288/556 5194/3298/556
f 5142/3299/556 5143/3289/556 5356/3280/556
f 5182/3297/556 5154/3296/556 5155/3300/556
f 5181/3301/556 5182/3297/556 5169/3302/556
f 5169/3302/556 5182/3297/556 5168/3303/556
f 5168/3303/556 5182/3297/556 5167/3304/556
f 5167/3304/556 5182/3297/556 5155/3300/556
f 5340/3272/556 5194/3298/556 5195/3305/556
f 5141/3306/556 5142/3299/556 5356/3280/556
f 5166/3307/556 5167/3304/556 5155/3300/556
f 5181/3301/556 5169/3302/556 5170/3308/556
f 5165/3309/556 5166/3307/556 5155/3300/556
f 5181/3301/556 5170/3308/556 5171/3310/556
f 5164/3311/556 5165/3309/556 5155/3300/556
f 5181/3301/556 5171/3310/556 5172/3312/556
f 5163/3313/556 5164/3311/556 5155/3300/556
f 5181/3301/556 5172/3312/556 5173/3314/556
f 5163/3313/556 5155/3300/556 5162/3315/556
f 5162/3315/556 5155/3300/556 5161/3316/556
f 5161/3316/556 5155/3300/556 5160/3317/556
f 5160/3317/556 5155/3300/556 5159/3318/556
f 5159/3318/556 5155/3300/556 5158/3319/556
f 5158/3319/556 5155/3300/556 5157/3320/556
f 5157/3320/556 5155/3300/556 5156/3321/556
f 5180/3322/556 5181/3301/556 5179/3323/556
f 5179/3323/556 5181/3301/556 5178/3324/556
f 5178/3324/556 5181/3301/556 5177/3325/556
f 5177/3325/556 5181/3301/556 5176/3326/556
f 5176/3326/556 5181/3301/556 5175/3327/556
f 5175/3327/556 5181/3301/556 5174/3328/556
f 5174/3328/556 5181/3301/556 5173/3314/556
f 5339/3329/556 5340/3272/556 5195/3305/556
f 5141/3306/556 5356/3280/556 5357/3330/556
f 5339/3329/556 5195/3305/556 5196/3331/556
f 5140/3332/556 5141/3306/556 5357/3330/556
f 5339/3329/556 5196/3331/556 5197/3333/556
f 5139/3334/556 5140/3332/556 5357/3330/556
f 5339/3329/556 5197/3333/556 5198/3335/556
f 5138/3336/556 5139/3334/556 5357/3330/556
f 5339/3329/556 5198/3335/556 5199/3337/556
f 5137/3338/556 5138/3336/556 5357/3330/556
f 5339/3329/556 5199/3337/556 5200/3339/556
f 5136/3340/556 5137/3338/556 5357/3330/556
f 5338/3341/556 5339/3329/556 5200/3339/556
f 5136/3340/556 5357/3330/556 5358/3342/556
f 5338/3341/556 5200/3339/556 5201/3343/556
f 5135/3344/556 5136/3340/556 5358/3342/556
f 5338/3341/556 5201/3343/556 5202/3345/556
f 5134/3346/556 5135/3344/556 5358/3342/556
f 5338/3341/556 5202/3345/556 5203/3347/556
f 5133/3348/556 5134/3346/556 5358/3342/556
f 5338/3341/556 5203/3347/556 5204/3349/556
f 5132/3350/556 5133/3348/556 5358/3342/556
f 5338/3341/556 5204/3349/556 5205/3351/556
f 5131/3352/556 5132/3350/556 5358/3342/556
f 5130/3353/556 5131/3352/556 5358/3342/556
f 5338/3341/556 5205/3351/556 5206/3354/556
f 5129/3355/556 5130/3353/556 5358/3342/556
f 5338/3341/556 5206/3354/556 5207/3356/556
f 5337/3357/556 5338/3341/556 5207/3356/556
f 5129/3355/556 5358/3342/556 5359/3358/556
f 5128/3359/556 5129/3355/556 5359/3358/556
f 5337/3357/556 5207/3356/556 5208/3360/556
f 5127/3361/556 5128/3359/556 5359/3358/556
f 5337/3357/556 5208/3360/556 5209/3362/556
f 5126/3363/556 5127/3361/556 5359/3358/556
f 5337/3357/556 5209/3362/556 5210/3364/556
f 5125/3365/556 5126/3363/556 5359/3358/556
f 5337/3357/556 5210/3364/556 5211/3366/556
f 5124/3367/556 5125/3365/556 5359/3358/556
f 5337/3357/556 5211/3366/556 5212/3368/556
f 5123/3369/556 5124/3367/556 5359/3358/556
f 5337/3357/556 5212/3368/556 5213/3370/556
f 5336/3371/556 5337/3357/556 5213/3370/556
f 5123/3369/556 5359/3358/556 5360/3372/556
f 5122/3373/556 5123/3369/556 5360/3372/556
f 5336/3371/556 5213/3370/556 5214/3374/556
f 5121/3375/556 5122/3373/556 5360/3372/556
f 5336/3371/556 5214/3374/556 5215/3376/556
f 5120/3377/556 5121/3375/556 5360/3372/556
f 5336/3371/556 5215/3376/556 5216/3378/556
f 5336/3371/556 5216/3378/556 5217/3379/556
f 5119/3380/556 5120/3377/556 5360/3372/556
f 5335/3381/556 5336/3371/556 5217/3379/556
f 5119/3380/556 5360/3372/556 5061/3382/556
f 5335/3381/556 5217/3379/556 5218/3383/556
f 5118/3384/556 5119/3380/556 5061/3382/556
f 5118/3384/556 5061/3382/556 5062/3385/556
f 5334/3386/556 5335/3381/556 5218/3383/556
f 5334/3386/556 5218/3383/556 5219/3387/556
f 5117/3388/556 5118/3384/556 5062/3385/556
f 5334/3386/556 5219/3387/556 5220/3389/556
f 5116/3390/556 5117/3388/556 5062/3385/556
f 5116/3390/556 5062/3385/556 5063/3391/556
f 5333/3392/556 5334/3386/556 5220/3389/556
f 5333/3392/556 5220/3389/556 5221/3393/556
f 5115/3394/556 5116/3390/556 5063/3391/556
f 5333/3392/556 5221/3393/556 5222/3395/556
f 5114/3396/556 5115/3394/556 5063/3391/556
f 5114/3396/556 5063/3391/556 5064/3397/556
f 5332/3398/556 5333/3392/556 5222/3395/556
f 5332/3398/556 5222/3395/556 5223/3399/556
f 5113/3400/556 5114/3396/556 5064/3397/556
f 5332/3398/556 5223/3399/556 5265/3401/556
f 5265/3401/556 5223/3399/556 5264/3402/556
f 5264/3402/556 5223/3399/556 5224/3403/556
f 5112/3404/556 5113/3400/556 5064/3397/556
f 5264/3402/556 5224/3403/556 5225/3405/556
f 5111/3406/556 5112/3404/556 5064/3397/556
f 5263/3407/556 5264/3402/556 5225/3405/556
f 5262/3408/556 5263/3407/556 5225/3405/556
f 5332/3398/556 5265/3401/556 5266/3409/556
f 5332/3398/556 5266/3409/556 5267/3410/556
f 5261/3411/556 5262/3408/556 5225/3405/556
f 5332/3398/556 5267/3410/556 5268/3412/556
f 5260/3413/556 5261/3411/556 5225/3405/556
f 5332/3398/556 5268/3412/556 5269/3414/556
f 5260/3413/556 5225/3405/556 5226/3415/556
f 5110/3416/556 5111/3406/556 5064/3397/556
f 5259/3417/556 5260/3413/556 5226/3415/556
f 5332/3398/556 5269/3414/556 5270/3418/556
f 5110/3416/556 5064/3397/556 5065/3419/556
f 5331/3420/556 5332/3398/556 5270/3418/556
f 5331/3420/556 5270/3418/556 5271/3421/556
f 5258/3422/556 5259/3417/556 5226/3415/556
f 5258/3422/556 5226/3415/556 5227/3423/556
f 5109/3424/556 5110/3416/556 5065/3419/556
f 5331/3420/556 5271/3421/556 5272/3425/556
f 5257/3426/556 5258/3422/556 5227/3423/556
f 5331/3420/556 5272/3425/556 5273/3427/556
f 5257/3426/556 5227/3423/556 5228/3428/556
f 5108/3429/556 5109/3424/556 5065/3419/556
f 5331/3420/556 5273/3427/556 5274/3430/556
f 5256/3431/556 5257/3426/556 5228/3428/556
f 5256/3431/556 5228/3428/556 5229/3432/556
f 5107/3433/556 5108/3429/556 5065/3419/556
f 5331/3420/556 5274/3430/556 5275/3434/556
f 5256/3431/556 5229/3432/556 5230/3435/556
f 5106/3436/556 5107/3433/556 5065/3419/556
f 5331/3420/556 5275/3434/556 5276/3437/556
f 5255/3438/556 5256/3431/556 5230/3435/556
f 5255/3438/556 5230/3435/556 5231/3439/556
f 5331/3420/556 5276/3437/556 5277/3440/556
f 5105/3441/556 5106/3436/556 5065/3419/556
f 5331/3420/556 5277/3440/556 5278/3442/556
f 5255/3438/556 5231/3439/556 5232/3443/556
f 5254/3444/556 5255/3438/556 5232/3443/556
f 5104/3445/556 5105/3441/556 5065/3419/556
f 5254/3444/556 5232/3443/556 5233/3446/556
f 5331/3420/556 5278/3442/556 5279/3447/556
f 5253/3448/556 5254/3444/556 5233/3446/556
f 5103/3449/556 5104/3445/556 5065/3419/556
f 5253/3448/556 5233/3446/556 5234/3450/556
f 5252/3451/556 5253/3448/556 5234/3450/556
f 5331/3420/556 5279/3447/556 5280/3452/556
f 5251/3453/556 5252/3451/556 5234/3450/556
f 5251/3453/556 5234/3450/556 5235/3454/556
f 5102/3455/556 5103/3449/556 5065/3419/556
f 5331/3420/556 5280/3452/556 5281/3456/556
f 5102/3455/556 5065/3419/556 5066/3457/556
f 5251/3453/556 5235/3454/556 5236/3458/556
f 5330/3459/556 5331/3420/556 5281/3456/556
f 5101/3460/556 5102/3455/556 5066/3457/556
f 5330/3459/556 5281/3456/556 5282/3461/556
f 5251/3453/556 5236/3458/556 5237/3462/556
f 5330/3459/556 5282/3461/556 5283/3463/556
f 5100/3464/556 5101/3460/556 5066/3457/556
f 5250/3465/556 5251/3453/556 5237/3462/556
f 5250/3465/556 5237/3462/556 5238/3466/556
f 5330/3459/556 5283/3463/556 5284/3467/556
f 5099/3468/556 5100/3464/556 5066/3457/556
f 5250/3465/556 5238/3466/556 5239/3469/556
f 5249/3470/556 5250/3465/556 5239/3469/556
f 5330/3459/556 5284/3467/556 5285/3471/556
f 5249/3470/556 5239/3469/556 5240/3472/556
f 5098/3473/556 5099/3468/556 5066/3457/556
f 5330/3459/556 5285/3471/556 5286/3474/556
f 5248/3475/556 5249/3470/556 5240/3472/556
f 5248/3475/556 5240/3472/556 5241/3476/556
f 5330/3459/556 5286/3474/556 5287/3477/556
f 5248/3475/556 5241/3476/556 5242/3478/556
f 5097/3479/556 5098/3473/556 5066/3457/556
f 5247/3480/556 5248/3475/556 5242/3478/556
f 5247/3480/556 5242/3478/556 5243/3481/556
f 5330/3459/556 5287/3477/556 5288/3482/556
f 5097/3479/556 5066/3457/556 5067/3483/556
f 5329/3484/556 5330/3459/556 5288/3482/556
f 5247/3480/556 5243/3481/556 5244/3485/556
f 5246/3486/556 5247/3480/556 5244/3485/556
f 5329/3484/556 5288/3482/556 5289/3487/556
f 5246/3486/556 5244/3485/556 5245/3488/556
f 5096/3489/556 5097/3479/556 5067/3483/556
f 5329/3484/556 5289/3487/556 5290/3490/556
f 5095/3491/556 5096/3489/556 5067/3483/556
f 5329/3484/556 5290/3490/556 5291/3492/556
f 5329/3484/556 5291/3492/556 5292/3493/556
f 5094/3494/556 5095/3491/556 5067/3483/556
f 5329/3484/556 5292/3493/556 5293/3495/556
f 5094/3494/556 5067/3483/556 5068/3496/556
f 5328/3497/556 5329/3484/556 5293/3495/556
f 5328/3497/556 5293/3495/556 5294/3498/556
f 5093/3499/556 5094/3494/556 5068/3496/556
f 5328/3497/556 5294/3498/556 5295/3500/556
f 5328/3497/556 5295/3500/556 5296/3501/556
f 5299/3502/556 5300/3504/556 5301/3503/556
f 5328/3497/556 5296/3501/556 5297/3505/556
f 5092/3506/556 5093/3499/556 5068/3496/556
f 5298/3507/556 5299/3502/556 5301/3503/556
f 5328/3497/556 5297/3505/556 5298/3507/556
f 5328/3497/556 5298/3507/556 5301/3503/556
f 5328/3497/556 5301/3503/556 5302/3508/556
f 5092/3506/556 5068/3496/556 5069/3509/556
f 5327/3510/556 5328/3497/556 5302/3508/556
f 5091/3511/556 5092/3506/556 5069/3509/556
f 5327/3510/556 5302/3508/556 5303/3512/556
f 5327/3510/556 5303/3512/556 5304/3513/556
f 5090/3514/556 5091/3511/556 5069/3509/556
f 5327/3510/556 5304/3513/556 5305/3515/556
f 5089/3516/556 5090/3514/556 5069/3509/556
f 5089/3516/556 5069/3509/556 5070/3517/556
f 5326/3518/556 5327/3510/556 5305/3515/556
f 5326/3518/556 5305/3515/556 5306/3519/556
f 5088/3520/556 5089/3516/556 5070/3517/556
f 5326/3518/556 5306/3519/556 5307/3521/556
f 5087/3522/556 5088/3520/556 5070/3517/556
f 5326/3518/556 5307/3521/556 5308/3523/556
f 5326/3518/556 5308/3523/556 5309/3524/556
f 5086/3525/556 5087/3522/556 5070/3517/556
f 5086/3525/556 5070/3517/556 5071/3526/556
f 5325/3527/556 5326/3518/556 5309/3524/556
f 5325/3527/556 5309/3524/556 5310/3528/556
f 5085/3529/556 5086/3525/556 5071/3526/556
f 5325/3527/556 5310/3528/556 5311/3530/556
f 5084/3531/556 5085/3529/556 5071/3526/556
f 5325/3527/556 5311/3530/556 5312/3532/556
f 5325/3527/556 5312/3532/556 5313/3533/556
f 5083/3534/556 5084/3531/556 5071/3526/556
f 5325/3527/556 5313/3533/556 5314/3535/556
f 5082/3536/556 5083/3534/556 5071/3526/556
f 5082/3536/556 5071/3526/556 5072/3537/556
f 5324/3538/556 5325/3527/556 5314/3535/556
f 5324/3538/556 5314/3535/556 5315/3539/556
f 5081/3540/556 5082/3536/556 5072/3537/556
f 5324/3538/556 5315/3539/556 5316/3541/556
f 5080/3542/556 5081/3540/556 5072/3537/556
f 5324/3538/556 5316/3541/556 5317/3543/556
f 5079/3544/556 5080/3542/556 5072/3537/556
f 5324/3538/556 5317/3543/556 5318/3545/556
f 5078/3546/556 5079/3544/556 5072/3537/556
f 5324/3538/556 5318/3545/556 5319/3547/556
f 5077/3548/556 5078/3546/556 5072/3537/556
f 5324/3538/556 5319/3547/556 5320/3549/556
f 5076/3550/556 5077/3548/556 5072/3537/556
f 5324/3538/556 5320/3549/556 5321/3551/556
f 5075/3552/556 5076/3550/556 5072/3537/556
f 5324/3538/556 5321/3551/556 5322/3553/556
f 5323/3554/556 5324/3538/556 5322/3553/556
f 5075/3552/556 5072/3537/556 5073/3555/556
f 5074/3556/556 5075/3552/556 5073/3555/556
s 1
f 5362/3557/557 5364/3558/558 5363/3559/558 5361/3382/557
f 5364/3558/558 5366/3560/559 5365/3561/559 5363/3559/558
f 5366/3560/559 5368/3562/560 5367/3563/560 5365/3561/559
f 5368/3562/560 5370/3564/561 5369/3565/561 5367/3563/560
f 5370/3564/561 5372/3566/562 5371/3567/562 5369/3565/561
f 5372/3566/562 5374/3568/563 5373/3569/563 5371/3567/562
f 5374/3568/563 5376/3570/564 5375/3571/564 5373/3569/563
f 5376/3570/564 5378/3572/565 5377/3573/565 5375/3571/564
f 5378/3572/565 5380/3574/566 5379/3575/566 5377/3573/565
f 5380/3574/566 5382/3576/567 5381/3577/567 5379/3575/566
f 5382/3576/567 5384/3578/568 5383/3579/568 5381/3577/567
f 5384/3578/568 5386/3580/569 5385/3581/569 5383/3579/568
f 5386/3580/569 5388/3582/570 5387/3583/570 5385/3581/569
f 5388/3582/570 5390/3584/571 5389/3585/571 5387/3583/570
f 5390/3584/571 5392/3586/572 5391/3587/572 5389/3585/571
f 5392/3586/572 5394/3588/573 5393/3589/573 5391/3587/572
f 5394/3588/573 5396/3590/574 5395/3591/574 5393/3589/573
f 5396/3590/574 5398/3592/575 5397/3593/575 5395/3591/574
f 5398/3592/575 5400/3594/576 5399/3595/576 5397/3593/575
f 5400/3594/576 5402/3596/577 5401/3597/577 5399/3595/576
f 5402/3596/577 5404/3598/578 5403/3599/578 5401/3597/577
f 5404/3598/578 5406/3600/579 5405/3601/579 5403/3599/578
f 5406/3600/579 5408/3602/580 5407/3603/580 5405/3601/579
f 5408/3602/580 5410/3604/581 5409/3605/581 5407/3603/580
f 5410/3604/581 5412/3606/582 5411/3607/582 5409/3605/581
f 5412/3606/582 5414/3608/583 5413/3609/583 5411/3607/582
f 5414/3608/583 5416/3610/584 5415/3611/584 5413/3609/583
f 5416/3610/584 5418/3612/585 5417/3613/585 5415/3611/584
f 5418/3612/585 5420/3614/586 5419/3615/586 5417/3613/585
f 5420/3614/586 5422/3616/587 5421/3617/587 5419/3615/586
f 5422/3616/587 5424/3618/588 5423/3619/588 5421/3617/587
f 5424/3618/588 5426/3620/589 5425/3621/589 5423/3619/588
f 5426/3620/589 5428/3622/590 5427/3623/590 5425/3621/589
f 5428/3622/590 5430/3624/591 5429/3625/591 5427/3623/590
f 5430/3624/591 5432/3626/592 5431/3627/592 5429/3625/591
f 5432/3626/592 5434/3628/593 5433/3629/593 5431/3627/592
f 5434/3628/593 5436/3630/594 5435/3631/594 5433/3629/593
f 5436/3630/594 5438/3632/595 5437/3633/595 5435/3631/594
f 5438/3632/595 5440/3634/596 5439/3635/596 5437/3633/595
f 5440/3634/596 5442/3636/597 5441/3637/597 5439/3635/596
f 5442/3636/597 5444/3638/598 5443/3639/598 5441/3637/597
f 5444/3638/598 5446/3640/599 5445/3641/599 5443/3639/598
f 5446/3640/599 5448/3642/600 5447/3643/600 5445/3641/599
f 5448/3642/600 5450/3644/601 5449/3645/601 5447/3643/600
f 5450/3644/601 5452/3646/602 5451/3647/602 5449/3645/601
f 5452/3646/602 5454/3648/603 5453/3649/603 5451/3647/602
f 5454/3648/603 5456/3650/604 5455/3651/604 5453/3649/603
f 5456/3650/604 5458/3652/605 5457/3653/605 5455/3651/604
f 5458/3652/605 5460/3654/606 5459/3655/606 5457/3653/605
f 5460/3654/606 5462/3656/607 5461/3657/607 5459/3655/606
f 5462/3656/607 5464/3658/608 5463/3659/608 5461/3657/607
f 5464/3658/608 5466/3660/609 5465/3661/609 5463/3659/608
f 5466/3660/609 5468/3662/610 5467/3663/610 5465/3661/609
f 5468/3662/610 5470/3664/611 5469/3665/611 5467/3663/610
f 5470/3664/611 5472/3666/612 5471/3667/612 5469/3665/611
f 5472/3666/612 5474/3668/613 5473/3669/613 5471/3667/612
f 5474/3668/613 5476/3670/614 5475/3671/614 5473/3669/613
f 5476/3670/614 5478/3672/615 5477/3673/615 5475/3671/614
f 5478/3672/615 5480/3674/616 5479/3675/616 5477/3673/615
f 5480/3674/616 5482/3676/617 5481/3677/617 5479/3675/616
f 5482/3676/617 5484/3678/618 5483/3679/618 5481/3677/617
f 5484/3678/618 5486/3680/619 5485/3681/619 5483/3679/618
f 5486/3680/619 5488/3682/620 5487/3683/620 5485/3681/619
f 5488/3682/620 5490/3684/621 5489/3685/621 5487/3683/620
f 5490/3684/621 5492/3686/622 5491/3687/622 5489/3685/621
f 5492/3686/622 5494/3688/623 5493/3689/623 5491/3687/622
f 5494/3688/623 5496/3690/624 5495/3691/624 5493/3689/623
f 5496/3690/624 5498/3692/625 5497/3693/625 5495/3691/624
f 5498/3692/625 5500/3694/626 5499/3695/626 5497/3693/625
f 5500/3694/626 5502/3696/627 5501/3697/627 5499/3695/626
f 5502/3696/627 5504/3698/628 5503/3699/628 5501/3697/627
f 5504/3698/628 5506/3700/629 5505/3701/629 5503/3699/628
f 5506/3700/629 5508/3702/630 5507/3703/630 5505/3701/629
f 5508/3702/630 5510/3704/631 5509/3705/631 5507/3703/630
f 5510/3704/631 5512/3706/632 5511/3707/632 5509/3705/631
f 5512/3706/632 5514/3708/633 5513/3709/633 5511/3707/632
f 5514/3708/633 5516/3710/634 5515/3711/634 5513/3709/633
f 5516/3710/634 5518/3712/635 5517/3713/635 5515/3711/634
f 5518/3712/635 5520/3714/636 5519/3715/636 5517/3713/635
f 5520/3714/636 5522/3716/637 5521/3717/637 5519/3715/636
f 5522/3716/637 5524/3718/638 5523/3719/638 5521/3717/637
f 5524/3718/638 5526/3720/639 5525/3721/639 5523/3719/638
f 5526/3720/639 5528/3722/640 5527/3723/640 5525/3721/639
f 5528/3722/640 5530/3724/641 5529/3725/641 5527/3723/640
f 5530/3724/641 5532/3726/642 5531/3727/642 5529/3725/641
f 5532/3726/642 5534/3728/643 5533/3729/643 5531/3727/642
f 5534/3728/643 5536/3730/644 5535/3731/644 5533/3729/643
f 5536/3730/644 5538/3732/645 5537/3733/645 5535/3731/644
f 5538/3732/645 5540/3734/646 5539/3735/646 5537/3733/645
f 5540/3734/646 5542/3736/647 5541/3737/647 5539/3735/646
f 5542/3736/647 5544/3738/648 5543/3739/648 5541/3737/647
f 5544/3738/648 5546/3740/649 5545/3741/649 5543/3739/648
f 5546/3740/649 5548/3742/650 5547/3743/650 5545/3741/649
f 5548/3742/650 5550/3744/651 5549/3745/651 5547/3743/650
f 5550/3744/651 5552/3746/652 5551/3747/652 5549/3745/651
f 5552/3746/652 5554/3748/653 5553/3749/653 5551/3747/652
f 5554/3748/653 5556/3750/654 5555/3751/654 5553/3749/653
f 5556/3750/654 5558/3752/655 5557/3753/655 5555/3751/654
f 5558/3752/655 5560/3754/656 5559/3755/656 5557/3753/655
f 5560/3754/656 5562/3756/657 5561/3757/657 5559/3755/656
f 5562/3756/657 5564/3758/658 5563/3759/658 5561/3757/657
f 5564/3758/658 5566/3760/659 5565/3761/659 5563/3759/658
f 5566/3760/659 5568/3762/660 5567/3763/660 5565/3761/659
f 5568/3762/660 5570/3764/661 5569/3765/661 5567/3763/660
f 5570/3764/661 5572/3766/662 5571/3767/662 5569/3765/661
f 5572/3766/662 5574/3768/663 5573/3769/663 5571/3767/662
f 5574/3768/663 5576/3770/664 5575/3771/664 5573/3769/663
f 5576/3770/664 5578/3772/665 5577/3773/665 5575/3771/664
f 5578/3772/665 5580/3774/666 5579/3775/666 5577/3773/665
f 5580/3774/666 5582/3776/667 5581/3777/667 5579/3775/666
f 5582/3776/667 5584/3778/668 5583/3779/668 5581/3777/667
f 5584/3778/668 5586/3780/669 5585/3781/669 5583/3779/668
f 5586/3780/669 5588/3782/670 5587/3783/670 5585/3781/669
f 5588/3782/670 5590/3784/671 5589/3785/671 5587/3783/670
f 5590/3784/671 5592/3786/672 5591/3787/672 5589/3785/671
f 5592/3786/672 5594/3788/673 5593/3789/673 5591/3787/672
f 5594/3788/673 5596/3790/674 5595/3791/674 5593/3789/673
f 5596/3790/674 5598/3792/675 5597/3793/675 5595/3791/674
f 5598/3792/675 5600/3794/676 5599/3795/676 5597/3793/675
f 5600/3794/676 5602/3796/677 5601/3797/677 5599/3795/676
f 5602/3796/677 5604/3798/678 5603/3799/678 5601/3797/677
f 5604/3798/678 5606/3800/679 5605/3801/679 5603/3799/678
f 5606/3800/679 5608/3802/680 5607/3803/680 5605/3801/679
f 5608/3802/680 5610/3804/681 5609/3805/681 5607/3803/680
f 5610/3804/681 5612/3806/682 5611/3807/682 5609/3805/681
f 5612/3806/682 5614/3808/683 5613/3809/683 5611/3807/682
f 5614/3808/683 5616/3810/684 5615/3811/684 5613/3809/683
f 5616/3810/684 5618/3812/685 5617/3813/685 5615/3811/684
f 5618/3812/685 5620/3814/686 5619/3815/686 5617/3813/685
f 5620/3814/686 5622/3816/687 5621/3817/687 5619/3815/686
f 5622/3816/687 5624/3818/688 5623/3819/688 5621/3817/687
f 5624/3818/688 5626/3820/689 5625/3821/689 5623/3819/688
f 5626/3820/689 5628/3822/690 5627/3823/690 5625/3821/689
f 5628/3822/690 5630/3824/691 5629/3825/691 5627/3823/690
f 5630/3824/691 5632/3826/692 5631/3827/692 5629/3825/691
f 5632/3826/692 5634/3828/693 5633/3829/693 5631/3827/692
f 5634/3828/693 5636/3830/694 5635/3831/694 5633/3829/693
f 5636/3830/694 5638/3832/695 5637/3833/695 5635/3831/694
f 5638/3832/695 5640/3834/696 5639/3835/696 5637/3833/695
f 5640/3834/696 5642/3836/697 5641/3837/697 5639/3835/696
f 5642/3836/697 5644/3838/698 5643/3839/698 5641/3837/697
f 5644/3838/698 5646/3840/699 5645/3841/699 5643/3839/698
f 5646/3840/699 5648/3842/700 5647/3843/700 5645/3841/699
f 5648/3842/700 5650/3844/701 5649/3845/701 5647/3843/700
f 5650/3844/701 5652/3846/702 5651/3847/702 5649/3845/701
f 5652/3846/702 5654/3848/703 5653/3849/703 5651/3847/702
f 5654/3848/703 5656/3850/704 5655/3851/704 5653/3849/703
f 5656/3850/704 5658/3852/705 5657/3853/705 5655/3851/704
f 5658/3852/705 5660/3854/706 5659/3855/706 5657/3853/705
f 5660/3854/706 5662/3856/707 5661/3857/707 5659/3855/706
f 5662/3856/707 5664/3858/708 5663/3859/708 5661/3857/707
f 5664/3858/708 5666/3860/709 5665/3861/709 5663/3859/708
f 5666/3860/709 5668/3862/710 5667/3863/710 5665/3861/709
f 5668/3862/710 5670/3864/711 5669/3865/711 5667/3863/710
f 5670/3864/711 5672/3866/712 5671/3867/712 5669/3865/711
f 5672/3866/712 5674/3868/713 5673/3869/713 5671/3867/712
f 5674/3868/713 5676/3870/714 5675/3871/714 5673/3869/713
f 5676/3870/714 5678/3872/715 5677/3873/715 5675/3871/714
f 5678/3872/715 5680/3874/716 5679/3875/716 5677/3873/715
f 5680/3874/716 5682/3876/717 5681/3877/717 5679/3875/716
f 5682/3876/717 5684/3878/718 5683/3879/718 5681/3877/717
f 5684/3878/718 5686/3880/719 5685/3881/719 5683/3879/718
f 5686/3880/719 5688/3882/720 5687/3883/720 5685/3881/719
f 5688/3882/720 5690/3884/721 5689/3885/721 5687/3883/720
f 5690/3884/721 5692/3886/722 5691/3887/722 5689/3885/721
f 5692/3886/722 5694/3888/723 5693/3889/723 5691/3887/722
f 5694/3888/723 5696/3890/724 5695/3891/724 5693/3889/723
f 5696/3890/724 5698/3892/725 5697/3893/725 5695/3891/724
f 5698/3892/725 5700/3894/726 5699/3895/726 5697/3893/725
f 5700/3894/726 5702/3896/727 5701/3897/727 5699/3895/726
f 5702/3896/727 5704/3898/728 5703/3899/728 5701/3897/727
f 5704/3898/728 5706/3900/729 5705/3901/729 5703/3899/728
f 5706/3900/729 5708/3902/730 5707/3903/730 5705/3901/729
f 5708/3902/730 5710/3904/731 5709/3905/731 5707/3903/730
f 5710/3904/731 5712/3906/732 5711/3907/732 5709/3905/731
f 5712/3906/732 5714/3908/733 5713/3909/733 5711/3907/732
f 5714/3908/733 5716/3910/734 5715/3911/734 5713/3909/733
f 5716/3910/734 5718/3912/735 5717/3913/735 5715/3911/734
f 5718/3912/735 5720/3914/736 5719/3915/736 5717/3913/735
f 5720/3914/736 5722/3916/737 5721/3917/737 5719/3915/736
f 5722/3916/737 5724/3918/738 5723/3919/738 5721/3917/737
f 5724/3918/738 5726/3920/739 5725/3921/739 5723/3919/738
f 5726/3920/739 5728/3922/740 5727/3923/740 5725/3921/739
f 5728/3922/740 5730/3924/741 5729/3925/741 5727/3923/740
f 5730/3924/741 5732/3926/742 5731/3927/742 5729/3925/741
f 5732/3926/742 5734/3928/743 5733/3929/743 5731/3927/742
f 5734/3928/743 5736/3930/744 5735/3931/744 5733/3929/743
f 5736/3930/744 5738/3932/745 5737/3933/745 5735/3931/744
f 5738/3932/745 5740/3934/746 5739/3935/746 5737/3933/745
f 5740/3934/746 5742/3936/747 5741/3937/747 5739/3935/746
f 5742/3936/747 5744/3938/748 5743/3939/748 5741/3937/747
f 5744/3938/748 5746/3940/749 5745/3941/749 5743/3939/748
f 5746/3940/749 5748/3942/750 5747/3943/750 5745/3941/749
f 5748/3942/750 5750/3944/751 5749/3945/751 5747/3943/750
f 5750/3944/751 5752/3946/752 5751/3947/752 5749/3945/751
f 5752/3946/752 5754/3948/753 5753/3949/753 5751/3947/752
f 5754/3948/753 5756/3950/754 5755/3951/754 5753/3949/753
f 5756/3950/754 5758/3952/755 5757/3953/755 5755/3951/754
f 5758/3952/755 5760/3954/756 5759/3955/756 5757/3953/755
f 5760/3954/756 5762/3956/757 5761/3957/757 5759/3955/756
f 5762/3956/757 5764/3958/758 5763/3959/758 5761/3957/757
f 5764/3958/758 5766/3960/759 5765/3961/759 5763/3959/758
f 5766/3960/759 5768/3962/760 5767/3963/760 5765/3961/759
f 5768/3962/760 5770/3964/761 5769/3965/761 5767/3963/760
f 5770/3964/761 5772/3966/762 5771/3967/762 5769/3965/761
f 5772/3966/762 5774/3968/763 5773/3969/763 5771/3967/762
f 5774/3968/763 5776/3970/764 5775/3971/764 5773/3969/763
f 5776/3970/764 5778/3972/765 5777/3973/765 5775/3971/764
f 5778/3972/765 5780/3974/766 5779/3975/766 5777/3973/765
f 5780/3974/766 5782/3976/767 5781/3977/767 5779/3975/766
f 5782/3976/767 5784/3978/768 5783/3979/768 5781/3977/767
f 5784/3978/768 5786/3980/769 5785/3981/769 5783/3979/768
f 5786/3980/769 5788/3982/770 5787/3983/770 5785/3981/769
f 5788/3982/770 5790/3984/771 5789/3985/771 5787/3983/770
f 5790/3984/771 5792/3986/771 5791/3987/771 5789/3985/771
f 5792/3986/771 5794/3988/772 5793/3989/772 5791/3987/771
f 5794/3988/772 5796/3990/773 5795/3991/773 5793/3989/772
f 5796/3990/773 5798/3992/774 5797/3993/774 5795/3991/773
f 5798/3992/774 5800/3994/775 5799/3995/775 5797/3993/774
f 5800/3994/775 5802/3996/776 5801/3997/776 5799/3995/775
f 5802/3996/776 5804/3998/777 5803/3999/777 5801/3997/776
f 5804/3998/777 5806/4000/778 5805/4001/778 5803/3999/777
f 5806/4000/778 5808/4002/779 5807/4003/779 5805/4001/778
f 5808/4002/779 5810/4004/780 5809/4005/780 5807/4003/779
f 5810/4004/780 5812/4006/781 5811/4007/781 5809/4005/780
f 5812/4006/781 5814/4008/782 5813/4009/782 5811/4007/781
f 5814/4008/782 5816/4010/783 5815/4011/783 5813/4009/782
f 5816/4010/783 5818/4012/784 5817/4013/784 5815/4011/783
f 5818/4012/784 5820/4014/785 5819/4015/785 5817/4013/784
f 5820/4014/785 5822/4016/786 5821/4017/786 5819/4015/785
f 5822/4016/786 5824/4018/787 5823/4019/787 5821/4017/786
f 5824/4018/787 5826/4020/772 5825/4021/772 5823/4019/787
f 5826/4020/772 5828/4022/788 5827/4023/788 5825/4021/772
f 5828/4022/788 5830/4024/789 5829/4025/789 5827/4023/788
f 5830/4024/789 5832/4026/790 5831/4027/790 5829/4025/789
f 5832/4026/790 5834/4028/791 5833/4029/791 5831/4027/790
f 5834/4028/791 5836/4030/792 5835/4031/792 5833/4029/791
f 5836/4030/792 5838/4032/793 5837/4033/793 5835/4031/792
f 5838/4032/793 5840/4034/794 5839/4035/794 5837/4033/793
f 5840/4034/794 5842/4036/795 5841/4037/795 5839/4035/794
f 5842/4036/795 5844/4038/796 5843/4039/796 5841/4037/795
f 5844/4038/796 5846/4040/797 5845/4041/797 5843/4039/796
f 5846/4040/797 5848/4042/798 5847/4043/798 5845/4041/797
f 5848/4042/798 5850/4044/799 5849/4045/799 5847/4043/798
f 5850/4044/799 5852/4046/800 5851/4047/800 5849/4045/799
f 5852/4046/800 5854/4048/801 5853/4049/801 5851/4047/800
f 5854/4048/801 5856/4050/802 5855/4051/802 5853/4049/801
f 5856/4050/802 5858/4052/803 5857/4053/803 5855/4051/802
f 5858/4052/803 5860/4054/804 5859/4055/804 5857/4053/803
f 5860/4054/804 5862/4056/805 5861/4057/805 5859/4055/804
f 5862/4056/805 5864/4058/806 5863/4059/806 5861/4057/805
f 5864/4058/806 5866/4060/807 5865/4061/807 5863/4059/806
f 5866/4060/807 5868/4062/808 5867/4063/808 5865/4061/807
f 5868/4062/808 5870/4064/809 5869/4065/809 5867/4063/808
f 5870/4064/809 5872/4066/810 5871/4067/810 5869/4065/809
f 5872/4066/810 5874/4068/811 5873/4069/811 5871/4067/810
f 5874/4068/811 5876/4070/812 5875/4071/812 5873/4069/811
f 5876/4070/812 5878/4072/813 5877/4073/813 5875/4071/812
f 5878/4072/813 5880/4074/814 5879/4075/814 5877/4073/813
f 5880/4074/814 5882/4076/815 5881/4077/815 5879/4075/814
f 5882/4076/815 5884/4078/816 5883/4079/816 5881/4077/815
f 5884/4078/816 5886/4080/817 5885/4081/817 5883/4079/816
f 5886/4080/817 5888/4082/818 5887/4083/818 5885/4081/817
f 5888/4082/818 5890/4084/819 5889/4085/819 5887/4083/818
f 5890/4084/819 5892/4086/820 5891/4087/820 5889/4085/819
f 5892/4086/820 5894/4088/821 5893/4089/821 5891/4087/820
f 5894/4088/821 5896/4090/822 5895/4091/822 5893/4089/821
f 5896/4090/822 5898/4092/823 5897/4093/823 5895/4091/822
f 5898/4092/823 5900/4094/824 5899/4095/824 5897/4093/823
f 5900/4094/824 5902/4096/825 5901/4097/825 5899/4095/824
f 5902/4096/825 5904/4098/826 5903/4099/826 5901/4097/825
f 5904/4098/826 5906/4100/827 5905/4101/827 5903/4099/826
f 5906/4100/827 5908/4102/828 5907/4103/828 5905/4101/827
f 5908/4102/828 5910/4104/829 5909/4105/829 5907/4103/828
f 5910/4104/829 5912/4106/830 5911/4107/830 5909/4105/829
f 5912/4106/830 5914/4108/831 5913/4109/831 5911/4107/830
f 5914/4108/831 5916/4110/832 5915/4111/832 5913/4109/831
f 5916/4110/832 5918/4112/833 5917/4113/833 5915/4111/832
f 5918/4112/833 5920/4114/834 5919/4115/834 5917/4113/833
f 5920/4114/834 5922/4116/835 5921/4117/835 5919/4115/834
f 5922/4116/835 5924/4118/836 5923/4119/836 5921/4117/835
f 5924/4118/836 5926/4120/837 5925/4121/837 5923/4119/836
f 5926/4120/837 5928/4122/838 5927/4123/838 5925/4121/837
f 5928/4122/838 5930/4124/839 5929/4125/839 5927/4123/838
f 5930/4124/839 5932/4126/840 5931/4127/840 5929/4125/839
f 5932/4126/840 5934/4128/841 5933/4129/841 5931/4127/840
f 5934/4128/841 5936/4130/842 5935/4131/842 5933/4129/841
f 5936/4130/842 5938/4132/843 5937/4133/843 5935/4131/842
f 5938/4132/843 5940/4134/844 5939/4135/844 5937/4133/843
f 5940/4134/844 5942/4136/845 5941/4137/845 5939/4135/844
f 5942/4136/845 5944/4138/846 5943/4139/846 5941/4137/845
f 5944/4138/846 5946/4140/847 5945/4141/847 5943/4139/846
f 5946/4140/847 5948/4142/848 5947/4143/848 5945/4141/847
f 5948/4142/848 5950/4144/849 5949/4145/849 5947/4143/848
f 5950/4144/849 5952/4146/850 5951/4147/850 5949/4145/849
f 5952/4146/850 5954/4148/851 5953/4149/851 5951/4147/850
f 5954/4148/851 5956/4150/852 5955/4151/852 5953/4149/851
f 5956/4150/852 5958/4152/853 5957/4153/853 5955/4151/852
f 5958/4152/853 5960/4154/854 5959/4155/854 5957/4153/853
f 5960/4154/854 5362/4156/557 5361/3372/557 5959/4155/854
